strategy,round,rx_id,selection_phase,rx_col,rx_row,rx_height_m,signal_true_norm,signal_pred_norm,building_density_nearby,path_building_ratio_simple
random,0,r240_c32_z100,initial,32.0,240.0,100.0,0.63529414,0.6313318,0.0,0.0
random,0,r304_c256_z110,initial,256.0,304.0,110.0,0.6509804,0.6377591,0.8,0.0
random,0,r208_c160_z110,initial,160.0,208.0,110.0,0.6509804,0.62954664,0.0,0.0
random,0,r128_c368_z110,initial,368.0,128.0,110.0,0.6509804,0.63548833,0.2,0.0
random,0,r368_c208_z130,initial,208.0,368.0,130.0,0.6431373,0.6351592,0.12,0.0
random,0,r320_c496_z120,initial,496.0,320.0,120.0,0.6509804,0.6248631,0.0,0.0006291946
random,0,r368_c96_z110,initial,96.0,368.0,110.0,0.654902,0.6404708,0.0,0.0
random,0,r240_c384_z120,initial,384.0,240.0,120.0,0.6509804,0.6311829,0.24,0.0
random,0,r64_c224_z130,initial,224.0,64.0,130.0,0.6431373,0.6295667,0.32,0.0
random,0,r192_c32_z130,initial,32.0,192.0,130.0,0.6431373,0.628325,0.0,0.0006291946
random,0,r496_c208_z130,initial,208.0,496.0,130.0,0.6392157,0.6227197,0.0,0.0
random,0,r208_c240_z120,initial,240.0,208.0,120.0,0.64705884,0.62746197,0.2,0.0
random,0,r240_c432_z130,initial,432.0,240.0,130.0,0.64705884,0.62672764,0.0,0.0
random,0,r64_c0_z120,initial,0.0,64.0,120.0,0.627451,0.61874074,0.0,0.0
random,0,r144_c176_z130,initial,176.0,144.0,130.0,0.6431373,0.62786317,0.92,0.0
random,0,r448_c0_z120,initial,0.0,448.0,120.0,0.64705884,0.62637913,0.0,0.0
random,0,r416_c496_z130,initial,496.0,416.0,130.0,0.6392157,0.6224537,0.0,0.0
random,0,r112_c272_z130,initial,272.0,112.0,130.0,0.64705884,0.626613,0.76,0.0
random,0,r304_c240_z120,initial,240.0,304.0,120.0,0.6509804,0.6380841,0.64,0.0
random,0,r256_c48_z100,initial,48.0,256.0,100.0,0.6431373,0.6334146,0.0,0.0
random,0,r384_c480_z100,initial,480.0,384.0,100.0,0.654902,0.6261505,0.76,0.0
random,0,r352_c464_z110,initial,464.0,352.0,110.0,0.654902,0.6281112,1.0,0.0006291946
random,0,r320_c64_z120,initial,64.0,320.0,120.0,0.64705884,0.6377163,0.04,0.0
random,0,r208_c240_z100,initial,240.0,208.0,100.0,0.654902,0.6288754,0.2,0.0
random,0,r160_c208_z110,initial,208.0,160.0,110.0,0.6509804,0.6311261,0.24,0.0
random,0,r496_c464_z110,initial,464.0,496.0,110.0,0.6313726,0.6161498,0.0,0.0
random,0,r480_c64_z130,initial,64.0,480.0,130.0,0.6392157,0.62165666,0.0,0.0
random,0,r48_c272_z110,initial,272.0,48.0,110.0,0.6509804,0.6339888,1.0,0.0
random,0,r400_c208_z110,initial,208.0,400.0,110.0,0.6509804,0.633617,0.24,0.0006291946
random,0,r352_c432_z110,initial,432.0,352.0,110.0,0.64705884,0.6278518,0.24,0.0006291946
random,0,r176_c208_z100,initial,208.0,176.0,100.0,0.6509804,0.63124746,0.0,0.0
random,0,r400_c384_z120,initial,384.0,400.0,120.0,0.64705884,0.6242475,0.32,0.0006291946
random,0,r64_c192_z100,initial,192.0,64.0,100.0,0.654902,0.63060313,1.0,0.0006291946
random,0,r464_c304_z120,initial,304.0,464.0,120.0,0.6509804,0.6249385,0.04,0.0006291946
random,0,r304_c480_z100,initial,480.0,304.0,100.0,0.6509804,0.63201165,1.0,0.0006291946
random,0,r384_c80_z120,initial,80.0,384.0,120.0,0.6509804,0.6402904,0.32,0.0
random,0,r208_c304_z120,initial,304.0,208.0,120.0,0.6509804,0.63155174,0.2,0.0
random,0,r304_c480_z130,initial,480.0,304.0,130.0,0.6431373,0.6252048,1.0,0.0006291946
random,0,r384_c336_z120,initial,336.0,384.0,120.0,0.6509804,0.6329618,0.04,0.0006291946
random,0,r304_c240_z110,initial,240.0,304.0,110.0,0.654902,0.6381485,0.64,0.0
random,0,r432_c64_z120,initial,64.0,432.0,120.0,0.64705884,0.635173,0.0,0.0
random,0,r160_c432_z100,initial,432.0,160.0,100.0,0.65882355,0.63393974,0.0,0.0
random,0,r320_c496_z110,initial,496.0,320.0,110.0,0.654902,0.6256395,0.0,0.0006291946
random,0,r256_c128_z110,initial,128.0,256.0,110.0,0.6509804,0.6341172,0.88,0.0
random,0,r400_c176_z110,initial,176.0,400.0,110.0,0.6509804,0.6359129,0.56,0.0012583892
random,0,r128_c272_z130,initial,272.0,128.0,130.0,0.64705884,0.6261245,0.2,0.0
random,0,r368_c0_z110,initial,0.0,368.0,110.0,0.64705884,0.63724476,0.0,0.0
random,0,r368_c96_z120,initial,96.0,368.0,120.0,0.64705884,0.6397181,0.0,0.0
random,0,r64_c80_z130,initial,80.0,64.0,130.0,0.6431373,0.6276759,0.52,0.0
random,0,r288_c32_z120,initial,32.0,288.0,120.0,0.6392157,0.63468546,0.04,0.0
random,0,r64_c336_z100,initial,336.0,64.0,100.0,0.6509804,0.637214,0.0,0.0
random,0,r320_c368_z110,initial,368.0,320.0,110.0,0.654902,0.6330209,0.0,0.0
random,0,r208_c480_z130,initial,480.0,208.0,130.0,0.6431373,0.6253274,0.48,0.0
random,0,r176_c448_z120,initial,448.0,176.0,120.0,0.64705884,0.6275907,0.0,0.0
random,0,r384_c272_z120,initial,272.0,384.0,120.0,0.6509804,0.6360237,0.48,0.0
random,0,r96_c416_z110,initial,416.0,96.0,110.0,0.654902,0.6307809,0.0,0.0
random,0,r448_c64_z100,initial,64.0,448.0,100.0,0.654902,0.63510525,1.0,0.0
random,0,r240_c320_z100,initial,320.0,240.0,100.0,0.6509804,0.6312521,0.2,0.0
random,0,r32_c336_z110,initial,336.0,32.0,110.0,0.6509804,0.6282641,0.88,0.0
random,0,r400_c272_z120,initial,272.0,400.0,120.0,0.64705884,0.63562065,0.0,0.0006291946
random,0,r112_c448_z130,initial,448.0,112.0,130.0,0.64705884,0.62625843,0.0,0.0
random,0,r352_c128_z110,initial,128.0,352.0,110.0,0.654902,0.63924235,0.0,0.0
random,0,r432_c384_z120,initial,384.0,432.0,120.0,0.6509804,0.6216793,0.4,0.0
random,0,r128_c480_z110,initial,480.0,128.0,110.0,0.6509804,0.6227231,0.12,0.0
random,0,r480_c336_z110,initial,336.0,480.0,110.0,0.6509804,0.6228546,0.0,0.0
random,0,r496_c144_z110,initial,144.0,496.0,110.0,0.654902,0.62470496,0.0,0.0
random,0,r416_c496_z110,initial,496.0,416.0,110.0,0.64705884,0.62375,0.0,0.0
random,0,r352_c48_z120,initial,48.0,352.0,120.0,0.64705884,0.63791233,0.0,0.0
random,0,r48_c448_z100,initial,448.0,48.0,100.0,0.654902,0.6242431,0.0,0.0
random,0,r320_c352_z130,initial,352.0,320.0,130.0,0.6431373,0.6303287,0.24,0.0
random,0,r128_c400_z130,initial,400.0,128.0,130.0,0.6431373,0.62937486,0.56,0.0
random,0,r256_c288_z110,initial,288.0,256.0,110.0,0.6509804,0.6307137,0.0,0.0
random,0,r16_c240_z130,initial,240.0,16.0,130.0,0.63529414,0.62935233,0.0,0.0
random,0,r368_c224_z100,initial,224.0,368.0,100.0,0.65882355,0.6372598,0.0,0.0006291946
random,0,r272_c464_z130,initial,464.0,272.0,130.0,0.64705884,0.6268373,0.04,0.0006291946
random,0,r192_c464_z130,initial,464.0,192.0,130.0,0.64705884,0.6256807,0.0,0.0
random,0,r496_c0_z130,initial,0.0,496.0,130.0,0.627451,0.62064946,0.0,0.0
random,0,r96_c224_z110,initial,224.0,96.0,110.0,0.64705884,0.63128704,0.12,0.0
random,0,r96_c240_z120,initial,240.0,96.0,120.0,0.64705884,0.62938094,0.0,0.0
random,0,r176_c304_z110,initial,304.0,176.0,110.0,0.6509804,0.6338386,0.6,0.0
random,0,r464_c256_z100,initial,256.0,464.0,100.0,0.654902,0.62854475,0.0,0.0
random,0,r448_c320_z130,initial,320.0,448.0,130.0,0.6431373,0.62394506,0.52,0.0006291946
random,0,r176_c384_z110,initial,384.0,176.0,110.0,0.64705884,0.6343779,0.4,0.0
random,0,r176_c336_z130,initial,336.0,176.0,130.0,0.64705884,0.6312671,0.12,0.0
random,0,r432_c48_z110,initial,48.0,432.0,110.0,0.6509804,0.63596994,0.0,0.0
random,0,r432_c416_z130,initial,416.0,432.0,130.0,0.6431373,0.61998564,0.28,0.0
random,0,r304_c48_z120,initial,48.0,304.0,120.0,0.6509804,0.63549703,0.0,0.0
random,0,r416_c272_z110,initial,272.0,416.0,110.0,0.6509804,0.63508713,0.08,0.0006291946
random,0,r176_c240_z100,initial,240.0,176.0,100.0,0.654902,0.62948304,0.32,0.0
random,0,r48_c112_z130,initial,112.0,48.0,130.0,0.6431373,0.6272068,0.96,0.0
random,0,r416_c48_z110,initial,48.0,416.0,110.0,0.6509804,0.6382716,0.04,0.0
random,0,r432_c16_z100,initial,16.0,432.0,100.0,0.654902,0.63292694,1.0,0.0
random,0,r304_c416_z110,initial,416.0,304.0,110.0,0.6509804,0.63014543,0.0,0.0006291946
random,0,r144_c224_z100,initial,224.0,144.0,100.0,0.65882355,0.6304876,0.0,0.0
random,0,r144_c480_z100,initial,480.0,144.0,100.0,0.65882355,0.6271732,1.0,0.0
random,0,r32_c448_z100,initial,448.0,32.0,100.0,0.654902,0.623035,0.0,0.0
random,0,r64_c384_z130,initial,384.0,64.0,130.0,0.64705884,0.6252906,0.0,0.0
random,0,r352_c496_z130,initial,496.0,352.0,130.0,0.64705884,0.62441367,0.0,0.0
random,0,r304_c192_z100,initial,192.0,304.0,100.0,0.654902,0.63714886,0.72,0.0
random,0,r304_c416_z120,initial,416.0,304.0,120.0,0.6509804,0.62860715,0.0,0.0006291946
random,0,r112_c16_z120,initial,16.0,112.0,120.0,0.6431373,0.62470734,0.0,0.0006291946
random,0,r176_c144_z100,initial,144.0,176.0,100.0,0.654902,0.6335267,0.0,0.0
random,0,r496_c160_z110,initial,160.0,496.0,110.0,0.64705884,0.6248448,0.0,0.0
random,0,r16_c336_z130,initial,336.0,16.0,130.0,0.64705884,0.62326044,0.0,0.0
random,0,r368_c288_z120,initial,288.0,368.0,120.0,0.6509804,0.6367072,0.0,0.0
random,0,r368_c48_z110,initial,48.0,368.0,110.0,0.6509804,0.6396495,0.0,0.0
random,0,r48_c464_z110,initial,464.0,48.0,110.0,0.64705884,0.62229806,0.0,0.0
random,0,r480_c80_z120,initial,80.0,480.0,120.0,0.6431373,0.62306696,0.36,0.0
random,0,r352_c80_z110,initial,80.0,352.0,110.0,0.6509804,0.6403112,0.0,0.0
random,0,r320_c144_z100,initial,144.0,320.0,100.0,0.654902,0.63880575,0.4,0.0
random,0,r240_c320_z120,initial,320.0,240.0,120.0,0.64705884,0.6301548,0.2,0.0
random,0,r480_c384_z100,initial,384.0,480.0,100.0,0.6509804,0.6190834,0.0,0.0
random,0,r176_c160_z110,initial,160.0,176.0,110.0,0.654902,0.6311915,0.52,0.0
random,0,r112_c176_z100,initial,176.0,112.0,100.0,0.6509804,0.6334877,0.6,0.0
random,0,r320_c160_z120,initial,160.0,320.0,120.0,0.64705884,0.6383803,0.0,0.0
random,0,r368_c288_z130,initial,288.0,368.0,130.0,0.64705884,0.63571715,0.0,0.0
random,0,r16_c496_z110,initial,496.0,16.0,110.0,0.627451,0.62135756,0.0,0.0
random,0,r80_c256_z120,initial,256.0,80.0,120.0,0.6509804,0.63048553,0.0,0.0
random,0,r368_c176_z130,initial,176.0,368.0,130.0,0.6431373,0.6368075,0.28,0.0
random,0,r464_c432_z100,initial,432.0,464.0,100.0,0.654902,0.61867213,0.0,0.0
random,0,r304_c16_z100,initial,16.0,304.0,100.0,0.65882355,0.6364225,0.0,0.0
random,0,r256_c0_z130,initial,0.0,256.0,130.0,0.6313726,0.63128245,0.0,0.0
random,0,r32_c256_z130,initial,256.0,32.0,130.0,0.64705884,0.6290823,0.0,0.0
random,0,r368_c16_z110,initial,16.0,368.0,110.0,0.6509804,0.63757133,0.0,0.0
random,0,r272_c256_z100,initial,256.0,272.0,100.0,0.65882355,0.6345468,0.6,0.0
random,0,r80_c192_z100,initial,192.0,80.0,100.0,0.654902,0.63046706,0.16,0.0006291946
random,0,r128_c80_z120,initial,80.0,128.0,120.0,0.6509804,0.6301841,0.72,0.0006291946
random,0,r256_c208_z120,initial,208.0,256.0,120.0,0.64705884,0.6321063,0.0,0.0
random,0,r96_c160_z120,initial,160.0,96.0,120.0,0.6509804,0.6275679,0.36,0.0006291946
random,0,r112_c416_z100,initial,416.0,112.0,100.0,0.654902,0.63361067,0.0,0.0
random,0,r0_c96_z120,initial,96.0,0.0,120.0,0.6313726,0.6269776,0.0,0.0
random,0,r384_c272_z100,initial,272.0,384.0,100.0,0.654902,0.6371796,0.48,0.0
random,0,r288_c272_z130,initial,272.0,288.0,130.0,0.64705884,0.63542527,0.52,0.0
random,0,r208_c144_z110,initial,144.0,208.0,110.0,0.6509804,0.6299537,0.04,0.0006291946
random,0,r128_c144_z110,initial,144.0,128.0,110.0,0.6509804,0.63274235,0.24,0.0
random,0,r496_c64_z110,initial,64.0,496.0,110.0,0.6392157,0.6225457,0.0,0.0
random,0,r80_c304_z120,initial,304.0,80.0,120.0,0.64705884,0.6317767,0.0,0.0
random,0,r464_c80_z110,initial,80.0,464.0,110.0,0.64705884,0.629168,0.04,0.0
random,0,r320_c256_z100,initial,256.0,320.0,100.0,0.654902,0.6377405,1.0,0.0
random,0,r464_c80_z120,initial,80.0,464.0,120.0,0.64705884,0.6272073,0.04,0.0
random,0,r496_c368_z110,initial,368.0,496.0,110.0,0.64705884,0.6190571,0.8,0.0
random,0,r416_c352_z110,initial,352.0,416.0,110.0,0.6509804,0.62760425,0.96,0.0006291946
random,0,r496_c432_z120,initial,432.0,496.0,120.0,0.6392157,0.6172827,0.0,0.0
random,0,r288_c400_z110,initial,400.0,288.0,110.0,0.654902,0.63321507,0.72,0.0
random,0,r224_c112_z120,initial,112.0,224.0,120.0,0.64705884,0.63086194,0.36,0.0006291946
random,0,r176_c96_z100,initial,96.0,176.0,100.0,0.654902,0.6342409,0.56,0.0006291946
random,0,r96_c128_z110,initial,128.0,96.0,110.0,0.654902,0.63018996,0.4,0.0006291946
random,0,r128_c176_z100,initial,176.0,128.0,100.0,0.6509804,0.6341127,0.4,0.0
random,0,r224_c416_z120,initial,416.0,224.0,120.0,0.64705884,0.630835,0.64,0.0
random,0,r224_c176_z100,initial,176.0,224.0,100.0,0.6509804,0.630572,1.0,0.0
random,0,r496_c464_z130,initial,464.0,496.0,130.0,0.6313726,0.6171481,0.0,0.0
random,0,r272_c128_z110,initial,128.0,272.0,110.0,0.6509804,0.6358836,0.52,0.0
random,0,r336_c80_z100,initial,80.0,336.0,100.0,0.654902,0.6403662,0.08,0.0
random,0,r112_c96_z130,initial,96.0,112.0,130.0,0.64705884,0.6271479,0.56,0.0006291946
random,0,r352_c160_z100,initial,160.0,352.0,100.0,0.65882355,0.6394358,0.12,0.0
random,0,r0_c464_z100,initial,464.0,0.0,100.0,0.627451,0.6220014,0.0,0.0
random,0,r368_c496_z100,initial,496.0,368.0,100.0,0.654902,0.6265488,0.0,0.0
random,0,r352_c160_z110,initial,160.0,352.0,110.0,0.654902,0.6395123,0.12,0.0
random,0,r96_c16_z120,initial,16.0,96.0,120.0,0.6431373,0.6214219,0.0,0.0
random,0,r32_c416_z120,initial,416.0,32.0,120.0,0.64705884,0.62364286,0.0,0.0
random,0,r160_c240_z100,initial,240.0,160.0,100.0,0.65882355,0.6303052,0.32,0.0
random,0,r0_c32_z130,initial,32.0,0.0,130.0,0.62352943,0.6234064,0.0,0.0
random,0,r208_c416_z110,initial,416.0,208.0,110.0,0.6509804,0.63365895,0.0,0.0
random,0,r176_c160_z130,initial,160.0,176.0,130.0,0.64705884,0.6270339,0.52,0.0
random,0,r448_c448_z120,initial,448.0,448.0,120.0,0.6509804,0.62224305,1.0,0.0
random,0,r48_c256_z130,initial,256.0,48.0,130.0,0.64705884,0.6286597,1.0,0.0
random,0,r416_c480_z110,initial,480.0,416.0,110.0,0.6509804,0.6243492,0.0,0.0
random,0,r224_c96_z110,initial,96.0,224.0,110.0,0.654902,0.63099366,0.0,0.0006291946
random,0,r240_c192_z120,initial,192.0,240.0,120.0,0.64705884,0.6322346,0.0,0.0
random,0,r272_c192_z130,initial,192.0,272.0,130.0,0.64705884,0.6331011,0.0,0.0
random,0,r304_c32_z120,initial,32.0,304.0,120.0,0.64705884,0.6355326,0.0,0.0
random,0,r416_c272_z130,initial,272.0,416.0,130.0,0.64705884,0.6332171,0.08,0.0006291946
random,0,r336_c32_z120,initial,32.0,336.0,120.0,0.64705884,0.6363174,0.96,0.0
random,0,r112_c96_z120,initial,96.0,112.0,120.0,0.64705884,0.6298213,0.56,0.0006291946
random,0,r96_c480_z120,initial,480.0,96.0,120.0,0.6431373,0.6220645,0.0,0.0
random,0,r480_c224_z100,initial,224.0,480.0,100.0,0.6431373,0.62816954,0.0,0.0
random,0,r384_c416_z110,initial,416.0,384.0,110.0,0.654902,0.6258294,0.2,0.0006291946
random,0,r336_c208_z110,initial,208.0,336.0,110.0,0.6509804,0.6378777,0.8,0.0
random,0,r80_c48_z110,initial,48.0,80.0,110.0,0.6509804,0.6276998,0.0,0.0
random,0,r112_c208_z130,initial,208.0,112.0,130.0,0.64705884,0.62590295,0.08,0.0
random,0,r432_c432_z100,initial,432.0,432.0,100.0,0.654902,0.62215364,0.24,0.0
random,0,r272_c208_z100,initial,208.0,272.0,100.0,0.65882355,0.6332985,0.2,0.0
random,0,r32_c144_z130,initial,144.0,32.0,130.0,0.64705884,0.6253584,0.0,0.0
random,0,r112_c368_z130,initial,368.0,112.0,130.0,0.64705884,0.63037455,0.16,0.0
random,0,r48_c208_z120,initial,208.0,48.0,120.0,0.6392157,0.632088,0.8,0.0006291946
random,0,r64_c0_z130,initial,0.0,64.0,130.0,0.627451,0.61677504,0.0,0.0
random,0,r80_c304_z130,initial,304.0,80.0,130.0,0.6431373,0.6285355,0.0,0.0
random,0,r176_c192_z100,initial,192.0,176.0,100.0,0.6509804,0.63152146,0.0,0.0
random,0,r192_c32_z100,initial,32.0,192.0,100.0,0.6509804,0.632517,0.0,0.0006291946
random,0,r496_c320_z120,initial,320.0,496.0,120.0,0.6392157,0.62163067,1.0,0.0
random,0,r16_c496_z130,initial,496.0,16.0,130.0,0.627451,0.62082833,0.0,0.0
random,0,r368_c0_z120,initial,0.0,368.0,120.0,0.64705884,0.63599974,0.0,0.0
random,0,r96_c304_z130,initial,304.0,96.0,130.0,0.6431373,0.6297477,0.0,0.0
random,0,r496_c496_z120,initial,496.0,496.0,120.0,0.6313726,0.61673385,0.0,0.0
random,0,r320_c96_z130,initial,96.0,320.0,130.0,0.64705884,0.63740647,0.36,0.0
random,0,r464_c96_z130,initial,96.0,464.0,130.0,0.64705884,0.6263251,0.24,0.0
random,0,r496_c256_z120,initial,256.0,496.0,120.0,0.6431373,0.6237978,0.12,0.0
random,0,r224_c416_z110,initial,416.0,224.0,110.0,0.6509804,0.63324475,0.64,0.0
random,0,r32_c432_z110,initial,432.0,32.0,110.0,0.6509804,0.6232435,0.0,0.0
random,0,r192_c432_z110,initial,432.0,192.0,110.0,0.6509804,0.63035744,0.0,0.0
random,0,r240_c496_z100,initial,496.0,240.0,100.0,0.64705884,0.6266561,0.0,0.0006291946
random,0,r400_c272_z110,initial,272.0,400.0,110.0,0.6509804,0.6361859,0.0,0.0006291946
random,0,r496_c368_z130,initial,368.0,496.0,130.0,0.6431373,0.6178713,0.8,0.0
random,0,r304_c352_z120,initial,352.0,304.0,120.0,0.6431373,0.63257486,0.2,0.0
random,0,r464_c192_z110,initial,192.0,464.0,110.0,0.654902,0.6279545,0.0,0.0
random,1,r48_c0_z100,active,0.0,48.0,100.0,0.627451,0.6218641,0.0,0.0
random,1,r128_c480_z120,active,480.0,128.0,120.0,0.6509804,0.6221624,0.12,0.0
random,1,r448_c128_z100,active,128.0,448.0,100.0,0.65882355,0.6336303,0.32,0.0
random,1,r416_c368_z130,active,368.0,416.0,130.0,0.6431373,0.6239247,0.0,0.0006291946
random,1,r400_c128_z100,active,128.0,400.0,100.0,0.654902,0.63783497,0.0,0.0
random,1,r128_c192_z100,active,192.0,128.0,100.0,0.654902,0.6336178,0.0,0.0
random,1,r448_c192_z120,active,192.0,448.0,120.0,0.64705884,0.6284996,0.04,0.0
random,1,r400_c64_z100,active,64.0,400.0,100.0,0.65882355,0.6409844,0.48,0.0
random,1,r64_c288_z110,active,288.0,64.0,110.0,0.64705884,0.63189137,0.0,0.0
random,1,r336_c240_z110,active,240.0,336.0,110.0,0.6509804,0.6385343,0.76,0.0
random,1,r416_c224_z110,active,224.0,416.0,110.0,0.654902,0.63156337,0.08,0.0006291946
random,1,r336_c352_z110,active,352.0,336.0,110.0,0.6509804,0.63141644,0.8,0.0
random,1,r160_c160_z100,active,160.0,160.0,100.0,0.65882355,0.6320237,0.0,0.0
random,1,r176_c48_z130,active,48.0,176.0,130.0,0.64705884,0.62949705,0.96,0.0006291946
random,1,r400_c368_z110,active,368.0,400.0,110.0,0.6509804,0.62736297,0.64,0.0006291946
random,1,r304_c400_z110,active,400.0,304.0,110.0,0.6509804,0.6330353,0.92,0.0
random,1,r144_c272_z100,active,272.0,144.0,100.0,0.654902,0.629496,0.0,0.0
random,1,r0_c208_z120,active,208.0,0.0,120.0,0.63529414,0.6291638,0.0,0.0
random,1,r16_c416_z130,active,416.0,16.0,130.0,0.6431373,0.6228025,0.0,0.0
random,1,r32_c272_z110,active,272.0,32.0,110.0,0.654902,0.6331204,0.0,0.0
random,1,r336_c400_z130,active,400.0,336.0,130.0,0.64705884,0.62733865,0.28,0.0006291946
random,1,r480_c0_z100,active,0.0,480.0,100.0,0.6313726,0.62338054,0.0,0.0
random,1,r448_c432_z110,active,432.0,448.0,110.0,0.6509804,0.6223637,0.0,0.0
random,1,r224_c80_z100,active,80.0,224.0,100.0,0.65882355,0.6308051,0.0,0.0
random,1,r112_c112_z110,active,112.0,112.0,110.0,0.6509804,0.63224894,0.72,0.0006291946
random,1,r16_c336_z110,active,336.0,16.0,110.0,0.6509804,0.6251844,0.0,0.0
random,1,r224_c496_z120,active,496.0,224.0,120.0,0.6431373,0.62594914,0.8,0.0
random,1,r112_c352_z120,active,352.0,112.0,120.0,0.6509804,0.63417614,0.0,0.0
random,1,r480_c368_z120,active,368.0,480.0,120.0,0.6431373,0.62009674,0.6,0.0
random,1,r128_c384_z110,active,384.0,128.0,110.0,0.6509804,0.6353866,0.0,0.0
random,1,r272_c176_z130,active,176.0,272.0,130.0,0.64705884,0.6337842,0.0,0.0
random,1,r208_c144_z130,active,144.0,208.0,130.0,0.64705884,0.6280046,0.04,0.0
random,1,r80_c368_z110,active,368.0,80.0,110.0,0.6509804,0.6344989,0.2,0.0
random,1,r240_c368_z100,active,368.0,240.0,100.0,0.65882355,0.6361801,0.0,0.0
random,1,r80_c208_z120,active,208.0,80.0,120.0,0.6509804,0.63033986,0.0,0.0
random,1,r192_c48_z110,active,48.0,192.0,110.0,0.6509804,0.63227326,0.0,0.0006291946
random,1,r240_c48_z100,active,48.0,240.0,100.0,0.63529414,0.6320845,0.96,0.0
random,1,r464_c496_z130,active,496.0,464.0,130.0,0.63529414,0.6192196,0.0,0.0
random,1,r16_c272_z110,active,272.0,16.0,110.0,0.654902,0.63001996,0.0,0.0
random,1,r352_c224_z110,active,224.0,352.0,110.0,0.6509804,0.63773495,0.0,0.0
random,1,r0_c240_z110,active,240.0,0.0,110.0,0.6431373,0.6293212,0.12,0.0
random,1,r96_c320_z120,active,320.0,96.0,120.0,0.64705884,0.6335465,0.0,0.0
random,1,r400_c496_z100,active,496.0,400.0,100.0,0.6509804,0.6242152,0.0,0.0
random,1,r32_c48_z120,active,48.0,32.0,120.0,0.6392157,0.6264322,0.56,0.0
random,1,r368_c464_z100,active,464.0,368.0,100.0,0.654902,0.62735444,1.0,0.0006291946
random,1,r256_c48_z120,active,48.0,256.0,120.0,0.6431373,0.6331122,0.0,0.0
random,1,r272_c240_z110,active,240.0,272.0,110.0,0.654902,0.6347568,0.0,0.0
random,1,r496_c16_z130,active,16.0,496.0,130.0,0.627451,0.6212739,0.0,0.0
random,1,r160_c464_z100,active,464.0,160.0,100.0,0.654902,0.6319133,0.4,0.0
random,1,r0_c208_z110,active,208.0,0.0,110.0,0.63529414,0.6291734,0.0,0.0
random,1,r0_c240_z130,active,240.0,0.0,130.0,0.6313726,0.6276561,0.12,0.0
random,1,r64_c128_z100,active,128.0,64.0,100.0,0.65882355,0.6294683,0.6,0.0
random,1,r80_c96_z110,active,96.0,80.0,110.0,0.6509804,0.6296205,0.76,0.0
random,1,r464_c96_z100,active,96.0,464.0,100.0,0.654902,0.63124424,0.24,0.0
random,1,r256_c112_z110,active,112.0,256.0,110.0,0.6509804,0.63461566,0.32,0.0
random,1,r128_c464_z100,active,464.0,128.0,100.0,0.654902,0.63065064,0.4,0.0
random,1,r336_c384_z100,active,384.0,336.0,100.0,0.65882355,0.6316097,0.08,0.0006291946
random,1,r400_c496_z120,active,496.0,400.0,120.0,0.6431373,0.62446904,0.0,0.0
random,1,r304_c96_z120,active,96.0,304.0,120.0,0.64705884,0.6376813,1.0,0.0
random,1,r160_c448_z120,active,448.0,160.0,120.0,0.64705884,0.6271026,0.0,0.0
random,1,r32_c32_z110,active,32.0,32.0,110.0,0.627451,0.6247145,0.0,0.0
random,1,r80_c16_z130,active,16.0,80.0,130.0,0.6431373,0.6201994,0.0,0.0
random,1,r368_c128_z110,active,128.0,368.0,110.0,0.654902,0.63911355,0.0,0.0
random,1,r112_c128_z130,active,128.0,112.0,130.0,0.64705884,0.6267942,0.52,0.0006291946
random,1,r128_c48_z110,active,48.0,128.0,110.0,0.6509804,0.63139176,0.08,0.0006291946
random,1,r464_c480_z100,active,480.0,464.0,100.0,0.654902,0.6180908,0.0,0.0
random,1,r256_c496_z100,active,496.0,256.0,100.0,0.64705884,0.6273089,0.96,0.0006291946
random,1,r224_c416_z100,active,416.0,224.0,100.0,0.654902,0.63379,0.64,0.0
random,1,r496_c208_z120,active,208.0,496.0,120.0,0.6392157,0.6238604,0.0,0.0
random,1,r208_c48_z120,active,48.0,208.0,120.0,0.6392157,0.63023096,0.16,0.0006291946
random,1,r16_c144_z110,active,144.0,16.0,110.0,0.6509804,0.627603,0.08,0.0
random,1,r96_c32_z100,active,32.0,96.0,100.0,0.65882355,0.6301721,0.0,0.0
random,1,r224_c16_z100,active,16.0,224.0,100.0,0.6392157,0.6296216,0.24,0.0006291946
random,1,r368_c128_z130,active,128.0,368.0,130.0,0.64705884,0.6373143,0.0,0.0
random,1,r352_c240_z120,active,240.0,352.0,120.0,0.6509804,0.63766074,0.0,0.0006291946
random,1,r400_c0_z130,active,0.0,400.0,130.0,0.64705884,0.6330469,0.0,0.0
random,1,r176_c496_z100,active,496.0,176.0,100.0,0.654902,0.629028,0.96,0.0
random,1,r176_c32_z120,active,32.0,176.0,120.0,0.64705884,0.6309912,0.0,0.0006291946
random,1,r128_c240_z120,active,240.0,128.0,120.0,0.6509804,0.6267706,0.2,0.0
random,1,r400_c96_z110,active,96.0,400.0,110.0,0.654902,0.63947093,0.0,0.0
random,1,r128_c96_z120,active,96.0,128.0,120.0,0.6509804,0.6309688,0.0,0.0
random,1,r16_c144_z120,active,144.0,16.0,120.0,0.6509804,0.6262554,0.08,0.0
random,2,r256_c368_z100,active,368.0,256.0,100.0,0.654902,0.6379039,0.28,0.0
random,2,r48_c144_z100,active,144.0,48.0,100.0,0.65882355,0.630893,0.0,0.0
random,2,r16_c128_z130,active,128.0,16.0,130.0,0.6392157,0.6262547,0.0,0.0
random,2,r304_c464_z130,active,464.0,304.0,130.0,0.6431373,0.62741745,0.0,0.0006291946
random,2,r416_c336_z120,active,336.0,416.0,120.0,0.6509804,0.6287842,0.16,0.0006291946
random,2,r368_c384_z130,active,384.0,368.0,130.0,0.64705884,0.6259175,0.6,0.0006291946
random,2,r384_c96_z100,active,96.0,384.0,100.0,0.654902,0.64040285,0.0,0.0
random,2,r368_c432_z110,active,432.0,368.0,110.0,0.6509804,0.62759113,0.6,0.0006291946
random,2,r336_c272_z120,active,272.0,336.0,120.0,0.64705884,0.6365028,0.0,0.0
random,2,r352_c256_z110,active,256.0,352.0,110.0,0.6509804,0.6376595,0.8,0.0006291946
random,2,r320_c464_z100,active,464.0,320.0,100.0,0.6509804,0.6321114,0.0,0.0006291946
random,2,r432_c160_z110,active,160.0,432.0,110.0,0.654902,0.6323415,0.48,0.0006291946
random,2,r400_c256_z130,active,256.0,400.0,130.0,0.64705884,0.6339311,0.0,0.0
random,2,r144_c256_z120,active,256.0,144.0,120.0,0.6509804,0.62603724,0.0,0.0
random,2,r448_c400_z100,active,400.0,448.0,100.0,0.6509804,0.6203131,0.12,0.0
random,2,r208_c320_z100,active,320.0,208.0,100.0,0.6509804,0.6333515,0.8,0.0
random,2,r272_c112_z110,active,112.0,272.0,110.0,0.654902,0.6361164,0.04,0.0
random,2,r224_c80_z110,active,80.0,224.0,110.0,0.6509804,0.6308733,0.0,0.0
random,2,r400_c32_z120,active,32.0,400.0,120.0,0.6509804,0.63588035,0.0,0.0
random,2,r448_c16_z120,active,16.0,448.0,120.0,0.6509804,0.62629384,0.0,0.0
random,2,r192_c240_z100,active,240.0,192.0,100.0,0.654902,0.6290932,0.36,0.0
random,2,r112_c96_z100,active,96.0,112.0,100.0,0.654902,0.6344107,0.56,0.0006291946
random,2,r32_c448_z130,active,448.0,32.0,130.0,0.6431373,0.6221154,0.0,0.0
random,2,r272_c48_z120,active,48.0,272.0,120.0,0.6392157,0.6341847,0.36,0.0
random,2,r32_c480_z100,active,480.0,32.0,100.0,0.63529414,0.6220906,1.0,0.0
random,2,r256_c160_z100,active,160.0,256.0,100.0,0.654902,0.63392854,0.4,0.0
random,2,r224_c96_z120,active,96.0,224.0,120.0,0.64705884,0.63080496,0.0,0.0006291946
random,2,r352_c176_z100,active,176.0,352.0,100.0,0.654902,0.6388223,0.0,0.0
random,2,r464_c352_z130,active,352.0,464.0,130.0,0.64705884,0.62140226,0.4,0.0
random,2,r480_c48_z100,active,48.0,480.0,100.0,0.654902,0.6242791,0.28,0.0
random,2,r160_c144_z120,active,144.0,160.0,120.0,0.6509804,0.630624,0.0,0.0
random,2,r224_c128_z130,active,128.0,224.0,130.0,0.64705884,0.629904,0.64,0.0
random,2,r112_c176_z120,active,176.0,112.0,120.0,0.64705884,0.6295759,0.6,0.0
random,2,r224_c208_z120,active,208.0,224.0,120.0,0.6509804,0.62989396,0.76,0.0
random,2,r112_c448_z120,active,448.0,112.0,120.0,0.6509804,0.6286441,0.0,0.0
random,2,r496_c400_z130,active,400.0,496.0,130.0,0.64705884,0.6159768,0.56,0.0
random,2,r400_c128_z110,active,128.0,400.0,110.0,0.64705884,0.6372834,0.0,0.0
random,2,r496_c480_z100,active,480.0,496.0,100.0,0.63529414,0.6152204,0.0,0.0
random,2,r400_c336_z100,active,336.0,400.0,100.0,0.654902,0.63190806,0.28,0.0006291946
random,2,r480_c240_z120,active,240.0,480.0,120.0,0.6392157,0.6259979,0.32,0.0
random,2,r176_c80_z100,active,80.0,176.0,100.0,0.654902,0.6340043,0.0,0.0006291946
random,2,r16_c32_z110,active,32.0,16.0,110.0,0.627451,0.624391,0.0,0.0
random,2,r480_c208_z110,active,208.0,480.0,110.0,0.6509804,0.6272429,0.8,0.0
random,2,r160_c432_z120,active,432.0,160.0,120.0,0.6431373,0.62977654,0.0,0.0
random,2,r160_c336_z130,active,336.0,160.0,130.0,0.64705884,0.63203764,0.0,0.0
random,2,r240_c384_z110,active,384.0,240.0,110.0,0.654902,0.63223535,0.24,0.0
random,2,r336_c336_z100,active,336.0,336.0,100.0,0.65882355,0.6330966,0.88,0.0
random,2,r400_c464_z130,active,464.0,400.0,130.0,0.64705884,0.6229319,0.76,0.0
random,2,r352_c480_z100,active,480.0,352.0,100.0,0.65882355,0.62801695,1.0,0.0006291946
random,2,r272_c272_z130,active,272.0,272.0,130.0,0.64705884,0.63368106,0.0,0.0
random,2,r96_c80_z120,active,80.0,96.0,120.0,0.64705884,0.62891215,0.0,0.0
random,2,r480_c0_z130,active,0.0,480.0,130.0,0.627451,0.6220185,0.0,0.0
random,2,r48_c144_z120,active,144.0,48.0,120.0,0.64705884,0.62610793,0.0,0.0
random,2,r304_c48_z110,active,48.0,304.0,110.0,0.6509804,0.63656616,0.0,0.0
random,2,r288_c128_z100,active,128.0,288.0,100.0,0.654902,0.63683593,0.0,0.0
random,2,r352_c480_z130,active,480.0,352.0,130.0,0.64705884,0.62414515,1.0,0.0006291946
random,2,r224_c384_z130,active,384.0,224.0,130.0,0.64705884,0.62993056,0.0,0.0
random,2,r464_c160_z110,active,160.0,464.0,110.0,0.64705884,0.6292498,0.0,0.0
random,2,r432_c496_z120,active,496.0,432.0,120.0,0.64705884,0.62244254,0.0,0.0
random,2,r304_c176_z110,active,176.0,304.0,110.0,0.6509804,0.6378077,0.04,0.0
random,2,r272_c368_z110,active,368.0,272.0,110.0,0.654902,0.6360545,0.24,0.0
random,2,r16_c448_z110,active,448.0,16.0,110.0,0.64705884,0.6226395,0.68,0.0
random,2,r112_c32_z120,active,32.0,112.0,120.0,0.64705884,0.6283654,0.8,0.0006291946
random,2,r144_c224_z110,active,224.0,144.0,110.0,0.654902,0.6301175,0.0,0.0
random,2,r48_c128_z100,active,128.0,48.0,100.0,0.654902,0.6305845,1.0,0.0
random,2,r16_c208_z100,active,208.0,16.0,100.0,0.6392157,0.62892354,0.0,0.0
random,2,r208_c256_z100,active,256.0,208.0,100.0,0.65882355,0.62818193,0.2,0.0
random,2,r16_c304_z100,active,304.0,16.0,100.0,0.65882355,0.6293728,0.88,0.0
random,2,r400_c352_z100,active,352.0,400.0,100.0,0.654902,0.63022333,0.44,0.0006291946
random,2,r352_c432_z130,active,432.0,352.0,130.0,0.64705884,0.6243715,0.24,0.0006291946
random,2,r320_c304_z120,active,304.0,320.0,120.0,0.64705884,0.63512176,0.0,0.0
random,2,r256_c208_z130,active,208.0,256.0,130.0,0.64705884,0.6313711,0.0,0.0
random,2,r432_c16_z130,active,16.0,432.0,130.0,0.64705884,0.626866,1.0,0.0
random,2,r352_c352_z110,active,352.0,352.0,110.0,0.6509804,0.6320844,0.96,0.0006291946
random,2,r320_c416_z130,active,416.0,320.0,130.0,0.64705884,0.62714946,0.16,0.0006291946
random,2,r368_c320_z110,active,320.0,368.0,110.0,0.654902,0.63526607,0.64,0.0
random,2,r304_c416_z130,active,416.0,304.0,130.0,0.64705884,0.62724876,0.0,0.0006291946
random,2,r272_c256_z110,active,256.0,272.0,110.0,0.6509804,0.63477474,0.6,0.0
random,2,r208_c336_z110,active,336.0,208.0,110.0,0.64705884,0.6348529,0.48,0.0
random,2,r144_c384_z120,active,384.0,144.0,120.0,0.64705884,0.63365275,0.48,0.0
random,2,r336_c320_z100,active,320.0,336.0,100.0,0.65882355,0.6344053,0.0,0.0
random,2,r224_c144_z100,active,144.0,224.0,100.0,0.654902,0.63070244,0.24,0.0
random,3,r272_c496_z100,active,496.0,272.0,100.0,0.64705884,0.6286226,0.16,0.0006291946
random,3,r160_c256_z110,active,256.0,160.0,110.0,0.654902,0.6278147,0.24,0.0
random,3,r352_c416_z100,active,416.0,352.0,100.0,0.65882355,0.6272091,1.0,0.0006291946
random,3,r464_c144_z130,active,144.0,464.0,130.0,0.64705884,0.6273991,1.0,0.0
random,3,r480_c16_z130,active,16.0,480.0,130.0,0.6313726,0.6217073,0.24,0.0
random,3,r112_c304_z130,active,304.0,112.0,130.0,0.6431373,0.6300923,1.0,0.0
random,3,r272_c224_z120,active,224.0,272.0,120.0,0.6509804,0.6342638,0.04,0.0
random,3,r464_c0_z120,active,0.0,464.0,120.0,0.63529414,0.6248285,0.0,0.0
random,3,r496_c240_z110,active,240.0,496.0,110.0,0.6431373,0.6252473,0.0,0.0
random,3,r288_c400_z120,active,400.0,288.0,120.0,0.6509804,0.63094,0.72,0.0
random,3,r336_c0_z120,active,0.0,336.0,120.0,0.64705884,0.6360586,0.0,0.0
random,3,r96_c192_z100,active,192.0,96.0,100.0,0.6509804,0.6326895,0.48,0.0
random,3,r16_c480_z120,active,480.0,16.0,120.0,0.627451,0.6215748,0.0,0.0
random,3,r144_c144_z110,active,144.0,144.0,110.0,0.6509804,0.63207364,0.0,0.0
random,3,r384_c288_z100,active,288.0,384.0,100.0,0.654902,0.6372141,0.0,0.0006291946
random,3,r16_c288_z110,active,288.0,16.0,110.0,0.654902,0.627681,0.0,0.0
random,3,r128_c464_z130,active,464.0,128.0,130.0,0.64705884,0.6237488,0.4,0.0
random,3,r256_c304_z110,active,304.0,256.0,110.0,0.6509804,0.6297642,0.76,0.0
random,3,r240_c160_z100,active,160.0,240.0,100.0,0.65882355,0.63241667,0.8,0.0
random,3,r240_c336_z100,active,336.0,240.0,100.0,0.6509804,0.6340715,0.76,0.0
random,3,r368_c0_z130,active,0.0,368.0,130.0,0.6431373,0.63467056,0.0,0.0
random,3,r320_c368_z120,active,368.0,320.0,120.0,0.6509804,0.63183457,0.0,0.0
random,3,r32_c240_z120,active,240.0,32.0,120.0,0.64705884,0.6329242,0.0,0.0
random,3,r288_c256_z110,active,256.0,288.0,110.0,0.6509804,0.6365789,0.48,0.0
random,3,r160_c352_z110,active,352.0,160.0,110.0,0.654902,0.6342442,0.0,0.0
random,3,r16_c336_z100,active,336.0,16.0,100.0,0.6509804,0.6274551,0.0,0.0
random,3,r464_c496_z100,active,496.0,464.0,100.0,0.6509804,0.6177474,0.0,0.0
random,3,r304_c144_z120,active,144.0,304.0,120.0,0.64705884,0.63755405,0.76,0.0
random,3,r64_c448_z120,active,448.0,64.0,120.0,0.6509804,0.6228559,0.0,0.0
random,3,r112_c320_z110,active,320.0,112.0,110.0,0.6509804,0.6357973,0.52,0.0
random,3,r32_c192_z130,active,192.0,32.0,130.0,0.6431373,0.6286536,0.0,0.0006291946
random,3,r352_c432_z120,active,432.0,352.0,120.0,0.64705884,0.62651503,0.24,0.0006291946
random,3,r48_c480_z130,active,480.0,48.0,130.0,0.63529414,0.6213507,0.0,0.0
random,3,r144_c80_z130,active,80.0,144.0,130.0,0.64705884,0.6289934,0.08,0.0006291946
random,3,r176_c0_z110,active,0.0,176.0,110.0,0.6509804,0.6275701,0.0,0.0006291946
random,3,r464_c160_z130,active,160.0,464.0,130.0,0.64705884,0.627069,0.0,0.0
random,3,r432_c352_z130,active,352.0,432.0,130.0,0.64705884,0.62297505,0.0,0.0006291946
random,3,r352_c384_z130,active,384.0,352.0,130.0,0.64705884,0.6265586,0.0,0.0006291946
random,3,r448_c80_z130,active,80.0,448.0,130.0,0.64705884,0.6299752,0.84,0.0
random,3,r64_c144_z120,active,144.0,64.0,120.0,0.6509804,0.6258945,0.0,0.0
random,3,r400_c208_z120,active,208.0,400.0,120.0,0.6509804,0.632234,0.24,0.0006291946
random,3,r320_c64_z100,active,64.0,320.0,100.0,0.654902,0.6389265,0.04,0.0
random,3,r320_c464_z110,active,464.0,320.0,110.0,0.6509804,0.6307254,0.0,0.0006291946
random,3,r320_c272_z100,active,272.0,320.0,100.0,0.65882355,0.6367288,0.0,0.0
random,3,r256_c304_z130,active,304.0,256.0,130.0,0.6431373,0.6294608,0.76,0.0
random,3,r144_c160_z110,active,160.0,144.0,110.0,0.6509804,0.6327897,0.6,0.0
random,3,r400_c288_z100,active,288.0,400.0,100.0,0.654902,0.63652265,0.16,0.0006291946
random,3,r432_c80_z120,active,80.0,432.0,120.0,0.6509804,0.6353459,0.4,0.0
random,3,r320_c0_z110,active,0.0,320.0,110.0,0.6509804,0.63645464,0.0,0.0
random,3,r384_c288_z130,active,288.0,384.0,130.0,0.64705884,0.63539386,0.0,0.0006291946
random,3,r464_c256_z110,active,256.0,464.0,110.0,0.64705884,0.62787795,0.0,0.0
random,3,r0_c336_z110,active,336.0,0.0,110.0,0.64705884,0.62532604,0.0,0.0
random,3,r368_c48_z100,active,48.0,368.0,100.0,0.654902,0.6401191,0.0,0.0
random,3,r128_c160_z120,active,160.0,128.0,120.0,0.6509804,0.6311099,0.6,0.0
random,3,r128_c112_z120,active,112.0,128.0,120.0,0.6509804,0.6310825,0.6,0.0006291946
random,3,r208_c96_z110,active,96.0,208.0,110.0,0.64705884,0.63106734,0.28,0.0006291946
random,3,r352_c496_z110,active,496.0,352.0,110.0,0.6509804,0.62665033,0.0,0.0
random,3,r208_c240_z130,active,240.0,208.0,130.0,0.64705884,0.6258493,0.2,0.0
random,3,r304_c496_z100,active,496.0,304.0,100.0,0.6509804,0.62929076,0.44,0.0006291946
random,3,r32_c112_z100,active,112.0,32.0,100.0,0.6509804,0.6296543,1.0,0.0
random,3,r208_c272_z120,active,272.0,208.0,120.0,0.64705884,0.6264025,0.0,0.0
random,3,r64_c112_z120,active,112.0,64.0,120.0,0.6509804,0.62820107,0.2,0.0
random,3,r32_c352_z120,active,352.0,32.0,120.0,0.6509804,0.6254947,0.0,0.0
random,3,r144_c256_z100,active,256.0,144.0,100.0,0.654902,0.631335,0.0,0.0
random,3,r240_c96_z110,active,96.0,240.0,110.0,0.654902,0.6328676,0.0,0.0006291946
random,3,r192_c64_z130,active,64.0,192.0,130.0,0.64705884,0.62929237,0.0,0.0006291946
random,3,r400_c240_z110,active,240.0,400.0,110.0,0.654902,0.63587475,0.32,0.0006291946
random,3,r160_c0_z120,active,0.0,160.0,120.0,0.64705884,0.625638,0.0,0.0006291946
random,3,r432_c320_z110,active,320.0,432.0,110.0,0.6509804,0.62844795,0.32,0.0006291946
random,3,r192_c352_z120,active,352.0,192.0,120.0,0.6509804,0.63288057,0.72,0.0
random,3,r176_c288_z110,active,288.0,176.0,110.0,0.654902,0.62928915,0.0,0.0
random,3,r432_c368_z120,active,368.0,432.0,120.0,0.64705884,0.6227745,0.0,0.0006291946
random,3,r48_c80_z120,active,80.0,48.0,120.0,0.6431373,0.62808484,0.0,0.0
random,3,r208_c288_z120,active,288.0,208.0,120.0,0.6509804,0.629289,0.16,0.0
random,3,r224_c48_z110,active,48.0,224.0,110.0,0.6392157,0.6301308,1.0,0.0006291946
random,3,r384_c192_z110,active,192.0,384.0,110.0,0.6509804,0.6362488,0.0,0.0
random,3,r400_c112_z110,active,112.0,400.0,110.0,0.6509804,0.6384078,0.0,0.0
random,3,r480_c288_z110,active,288.0,480.0,110.0,0.654902,0.6254039,0.76,0.0
random,3,r352_c256_z100,active,256.0,352.0,100.0,0.65882355,0.6374968,0.8,0.0006291946
random,3,r448_c352_z110,active,352.0,448.0,110.0,0.654902,0.62398005,1.0,0.0006291946
random,3,r32_c256_z110,active,256.0,32.0,110.0,0.6509804,0.6337588,0.0,0.0
random,3,r256_c320_z120,active,320.0,256.0,120.0,0.64705884,0.6311222,0.8,0.0
random,4,r64_c272_z130,active,272.0,64.0,130.0,0.64705884,0.6262444,0.68,0.0
random,4,r160_c272_z130,active,272.0,160.0,130.0,0.64705884,0.6245934,0.12,0.0
random,4,r304_c176_z100,active,176.0,304.0,100.0,0.6509804,0.6374782,0.04,0.0
random,4,r16_c480_z130,active,480.0,16.0,130.0,0.627451,0.62126964,0.0,0.0
random,4,r384_c352_z110,active,352.0,384.0,110.0,0.6509804,0.63145924,0.0,0.0006291946
random,4,r480_c96_z110,active,96.0,480.0,110.0,0.6509804,0.6255677,0.0,0.0
random,4,r480_c304_z100,active,304.0,480.0,100.0,0.65882355,0.62519556,0.0,0.0
random,4,r416_c176_z100,active,176.0,416.0,100.0,0.654902,0.6344061,0.4,0.0006291946
random,4,r320_c416_z100,active,416.0,320.0,100.0,0.654902,0.6303466,0.16,0.0006291946
random,4,r112_c160_z130,active,160.0,112.0,130.0,0.64705884,0.62626725,0.0,0.0006291946
random,4,r144_c16_z130,active,16.0,144.0,130.0,0.6431373,0.62382686,0.0,0.0006291946
random,4,r0_c464_z110,active,464.0,0.0,110.0,0.627451,0.62172544,0.0,0.0
random,4,r320_c176_z100,active,176.0,320.0,100.0,0.6509804,0.63875496,0.6,0.0
random,4,r304_c160_z110,active,160.0,304.0,110.0,0.6509804,0.63800704,0.0,0.0
random,4,r240_c272_z130,active,272.0,240.0,130.0,0.64705884,0.6295205,0.24,0.0
random,4,r432_c352_z120,active,352.0,432.0,120.0,0.6509804,0.6238765,0.0,0.0006291946
random,4,r352_c0_z100,active,0.0,352.0,100.0,0.64705884,0.6377709,0.0,0.0
random,4,r16_c32_z120,active,32.0,16.0,120.0,0.627451,0.6243427,0.0,0.0
random,4,r208_c224_z130,active,224.0,208.0,130.0,0.64705884,0.6269341,0.0,0.0
random,4,r16_c96_z120,active,96.0,16.0,120.0,0.63529414,0.62743443,0.0,0.0
random,4,r176_c224_z120,active,224.0,176.0,120.0,0.6509804,0.62789625,0.0,0.0
random,4,r32_c304_z120,active,304.0,32.0,120.0,0.6509804,0.62573594,1.0,0.0
random,4,r96_c96_z110,active,96.0,96.0,110.0,0.64705884,0.63076675,0.8,0.0
random,4,r416_c368_z110,active,368.0,416.0,110.0,0.6509804,0.62517816,0.0,0.0006291946
random,4,r384_c64_z130,active,64.0,384.0,130.0,0.6431373,0.6382093,0.0,0.0
random,4,r352_c64_z100,active,64.0,352.0,100.0,0.654902,0.6405752,0.0,0.0
random,4,r192_c272_z130,active,272.0,192.0,130.0,0.64705884,0.6239136,0.24,0.0
random,4,r304_c0_z100,active,0.0,304.0,100.0,0.654902,0.63618195,0.0,0.0
random,4,r192_c448_z110,active,448.0,192.0,110.0,0.6509804,0.6311452,0.0,0.0
random,4,r448_c48_z100,active,48.0,448.0,100.0,0.654902,0.63446623,0.48,0.0
random,4,r48_c192_z110,active,192.0,48.0,110.0,0.64705884,0.6311237,0.0,0.0006291946
random,4,r80_c400_z130,active,400.0,80.0,130.0,0.64705884,0.6250444,0.0,0.0
random,4,r192_c32_z110,active,32.0,192.0,110.0,0.64705884,0.6317445,0.0,0.0006291946
random,4,r176_c336_z100,active,336.0,176.0,100.0,0.654902,0.63626784,0.12,0.0
random,4,r432_c256_z120,active,256.0,432.0,120.0,0.6509804,0.63022375,1.0,0.0
random,4,r80_c224_z130,active,224.0,80.0,130.0,0.6431373,0.6278997,0.0,0.0
random,4,r32_c448_z120,active,448.0,32.0,120.0,0.64705884,0.62242943,0.0,0.0
random,4,r80_c240_z110,active,240.0,80.0,110.0,0.6509804,0.63456345,0.0,0.0
random,4,r304_c112_z100,active,112.0,304.0,100.0,0.654902,0.6385608,0.4,0.0
random,4,r272_c256_z130,active,256.0,272.0,130.0,0.64705884,0.63421696,0.6,0.0
random,4,r496_c16_z120,active,16.0,496.0,120.0,0.627451,0.6220916,0.0,0.0
random,4,r464_c160_z120,active,160.0,464.0,120.0,0.64705884,0.6283272,0.0,0.0
random,4,r16_c352_z130,active,352.0,16.0,130.0,0.64705884,0.6233014,0.0,0.0
random,4,r480_c368_z130,active,368.0,480.0,130.0,0.6431373,0.61939555,0.6,0.0
random,4,r496_c32_z120,active,32.0,496.0,120.0,0.6313726,0.6224403,0.12,0.0
random,4,r272_c416_z110,active,416.0,272.0,110.0,0.6509804,0.6314082,0.52,0.0
random,4,r96_c144_z130,active,144.0,96.0,130.0,0.64705884,0.6257276,0.12,0.0006291946
random,4,r64_c304_z110,active,304.0,64.0,110.0,0.6509804,0.63329977,0.0,0.0
random,4,r432_c160_z100,active,160.0,432.0,100.0,0.65882355,0.6329284,0.48,0.0006291946
random,4,r208_c272_z110,active,272.0,208.0,110.0,0.6509804,0.62724155,0.0,0.0
random,4,r32_c384_z120,active,384.0,32.0,120.0,0.6392157,0.6247153,1.0,0.0
random,4,r256_c0_z100,active,0.0,256.0,100.0,0.6313726,0.6326388,0.0,0.0
random,4,r352_c224_z100,active,224.0,352.0,100.0,0.654902,0.6376632,0.0,0.0
random,4,r400_c96_z120,active,96.0,400.0,120.0,0.64705884,0.63880897,0.0,0.0
random,4,r64_c496_z120,active,496.0,64.0,120.0,0.63529414,0.62091404,0.0,0.0
random,4,r240_c48_z130,active,48.0,240.0,130.0,0.63529414,0.6309464,0.96,0.0
random,4,r416_c240_z110,active,240.0,416.0,110.0,0.6509804,0.6341917,0.12,0.0
random,4,r464_c32_z130,active,32.0,464.0,130.0,0.6392157,0.6228071,0.44,0.0
random,4,r0_c288_z100,active,288.0,0.0,100.0,0.654902,0.62927413,0.0,0.0
random,4,r32_c176_z110,active,176.0,32.0,110.0,0.6509804,0.62872356,0.0,0.0
random,4,r96_c240_z100,active,240.0,96.0,100.0,0.654902,0.63411736,0.0,0.0
random,4,r48_c448_z120,active,448.0,48.0,120.0,0.64705884,0.622324,0.0,0.0
random,4,r64_c64_z100,active,64.0,64.0,100.0,0.654902,0.62873113,0.36,0.0
random,4,r144_c304_z110,active,304.0,144.0,110.0,0.6509804,0.63197005,0.0,0.0
random,4,r352_c384_z100,active,384.0,352.0,100.0,0.65882355,0.6299845,0.0,0.0006291946
random,4,r0_c272_z100,active,272.0,0.0,100.0,0.654902,0.62939376,0.0,0.0
random,4,r320_c208_z130,active,208.0,320.0,130.0,0.64705884,0.63635004,0.8,0.0
random,4,r432_c432_z130,active,432.0,432.0,130.0,0.64705884,0.6210083,0.24,0.0
random,4,r432_c336_z100,active,336.0,432.0,100.0,0.6509804,0.6264629,0.16,0.0006291946
random,4,r384_c256_z100,active,256.0,384.0,100.0,0.65882355,0.63713914,0.88,0.0006291946
random,4,r144_c224_z120,active,224.0,144.0,120.0,0.6509804,0.6282532,0.0,0.0
random,4,r0_c48_z100,active,48.0,0.0,100.0,0.627451,0.6253526,0.0,0.0
random,4,r352_c400_z100,active,400.0,352.0,100.0,0.65882355,0.6293238,0.92,0.0006291946
random,4,r0_c112_z130,active,112.0,0.0,130.0,0.6313726,0.62634665,0.0,0.0
random,4,r80_c0_z100,active,0.0,80.0,100.0,0.6392157,0.62249625,0.0,0.0
random,4,r128_c272_z120,active,272.0,128.0,120.0,0.64705884,0.6279064,0.2,0.0
random,4,r416_c176_z130,active,176.0,416.0,130.0,0.64705884,0.63127875,0.4,0.0006291946
random,4,r496_c400_z100,active,400.0,496.0,100.0,0.654902,0.61683834,0.56,0.0
random,4,r64_c128_z120,active,128.0,64.0,120.0,0.6509804,0.6268811,0.6,0.0
random,4,r176_c48_z110,active,48.0,176.0,110.0,0.6509804,0.63348204,0.96,0.0006291946
random,4,r336_c160_z100,active,160.0,336.0,100.0,0.65882355,0.6393291,0.0,0.0
random,4,r432_c128_z110,active,128.0,432.0,110.0,0.6509804,0.63445896,0.52,0.0006291946
random,5,r272_c256_z120,active,256.0,272.0,120.0,0.64705884,0.6346398,0.6,0.0
random,5,r496_c240_z100,active,240.0,496.0,100.0,0.6431373,0.62622625,0.0,0.0
random,5,r368_c112_z120,active,112.0,368.0,120.0,0.6509804,0.6393386,0.36,0.0
random,5,r256_c80_z100,active,80.0,256.0,100.0,0.65882355,0.63453984,0.64,0.0006291946
random,5,r192_c448_z100,active,448.0,192.0,100.0,0.6509804,0.6327299,0.0,0.0
random,5,r64_c272_z120,active,272.0,64.0,120.0,0.64705884,0.6303534,0.68,0.0
random,5,r176_c96_z110,active,96.0,176.0,110.0,0.6509804,0.63293546,0.56,0.0006291946
random,5,r224_c496_z100,active,496.0,224.0,100.0,0.6431373,0.6275696,0.8,0.0
random,5,r16_c112_z100,active,112.0,16.0,100.0,0.63529414,0.62892604,0.0,0.0
random,5,r256_c272_z110,active,272.0,256.0,110.0,0.6509804,0.6316325,0.0,0.0
random,5,r160_c416_z130,active,416.0,160.0,130.0,0.64705884,0.6293966,0.0,0.0
random,5,r64_c224_z100,active,224.0,64.0,100.0,0.654902,0.63395506,0.32,0.0
random,5,r384_c304_z100,active,304.0,384.0,100.0,0.654902,0.63664937,0.52,0.0006291946
random,5,r304_c288_z130,active,288.0,304.0,130.0,0.64705884,0.63496006,0.0,0.0
random,5,r144_c48_z100,active,48.0,144.0,100.0,0.6509804,0.6355455,0.76,0.0006291946
random,5,r32_c400_z120,active,400.0,32.0,120.0,0.6431373,0.6242748,0.0,0.0
random,5,r240_c352_z130,active,352.0,240.0,130.0,0.64705884,0.628941,0.2,0.0
random,5,r272_c144_z100,active,144.0,272.0,100.0,0.654902,0.6345773,0.76,0.0
random,5,r160_c400_z120,active,400.0,160.0,120.0,0.6509804,0.632509,0.92,0.0
random,5,r160_c320_z100,active,320.0,160.0,100.0,0.654902,0.6353116,0.0,0.0
random,5,r96_c256_z120,active,256.0,96.0,120.0,0.6509804,0.6282702,0.32,0.0
random,5,r32_c336_z100,active,336.0,32.0,100.0,0.6509804,0.6314723,0.88,0.0
random,5,r240_c176_z100,active,176.0,240.0,100.0,0.6509804,0.6322501,0.0,0.0
random,5,r416_c192_z100,active,192.0,416.0,100.0,0.654902,0.63226753,0.0,0.0006291946
random,5,r96_c464_z120,active,464.0,96.0,120.0,0.64705884,0.6243063,0.0,0.0
random,5,r160_c144_z110,active,144.0,160.0,110.0,0.654902,0.6325537,0.0,0.0
random,5,r128_c192_z120,active,192.0,128.0,120.0,0.64705884,0.6302268,0.0,0.0
random,5,r192_c416_z100,active,416.0,192.0,100.0,0.6509804,0.6351476,0.0,0.0
random,5,r448_c160_z120,active,160.0,448.0,120.0,0.6509804,0.629126,0.96,0.0006291946
random,5,r208_c64_z100,active,64.0,208.0,100.0,0.654902,0.6323641,0.0,0.0006291946
random,5,r192_c368_z120,active,368.0,192.0,120.0,0.6509804,0.63219666,0.76,0.0
random,5,r432_c176_z100,active,176.0,432.0,100.0,0.654902,0.6316876,0.16,0.0006291946
random,5,r0_c400_z100,active,400.0,0.0,100.0,0.6392157,0.6249812,0.0,0.0
random,5,r480_c16_z110,active,16.0,480.0,110.0,0.6313726,0.62351644,0.24,0.0
random,5,r64_c240_z110,active,240.0,64.0,110.0,0.654902,0.6351237,0.72,0.0
random,5,r96_c400_z110,active,400.0,96.0,110.0,0.654902,0.6298642,0.6,0.0
random,5,r288_c208_z120,active,208.0,288.0,120.0,0.6509804,0.63515824,0.08,0.0
random,5,r0_c432_z110,active,432.0,0.0,110.0,0.6392157,0.6226291,0.6,0.0
random,5,r432_c112_z120,active,112.0,432.0,120.0,0.64705884,0.6346136,0.0,0.0006291946
random,5,r160_c448_z110,active,448.0,160.0,110.0,0.6509804,0.62997633,0.0,0.0
random,5,r448_c176_z130,active,176.0,448.0,130.0,0.6431373,0.6268924,0.0,0.0006291946
random,5,r272_c160_z110,active,160.0,272.0,110.0,0.6509804,0.6351929,0.0,0.0
random,5,r336_c176_z100,active,176.0,336.0,100.0,0.654902,0.63909584,1.0,0.0
random,5,r496_c256_z110,active,256.0,496.0,110.0,0.64705884,0.6250607,0.12,0.0
random,5,r0_c400_z130,active,400.0,0.0,130.0,0.6392157,0.6223368,0.0,0.0
random,5,r144_c352_z100,active,352.0,144.0,100.0,0.654902,0.63596106,0.68,0.0
random,5,r304_c432_z100,active,432.0,304.0,100.0,0.65882355,0.63176227,0.0,0.0006291946
random,5,r176_c272_z100,active,272.0,176.0,100.0,0.654902,0.6280793,0.48,0.0
random,5,r128_c128_z100,active,128.0,128.0,100.0,0.65882355,0.63406515,0.72,0.0006291946
random,5,r240_c464_z130,active,464.0,240.0,130.0,0.64705884,0.6253802,0.0,0.0
random,5,r336_c64_z130,active,64.0,336.0,130.0,0.6431373,0.63740134,0.24,0.0
random,5,r480_c0_z110,active,0.0,480.0,110.0,0.6313726,0.62323457,0.0,0.0
random,5,r480_c176_z100,active,176.0,480.0,100.0,0.6509804,0.62724614,0.0,0.0
random,5,r192_c128_z110,active,128.0,192.0,110.0,0.6509804,0.6322222,0.0,0.0012583892
random,5,r208_c224_z120,active,224.0,208.0,120.0,0.64705884,0.627311,0.0,0.0
random,5,r496_c368_z100,active,368.0,496.0,100.0,0.64705884,0.6192388,0.8,0.0
random,5,r64_c96_z100,active,96.0,64.0,100.0,0.65882355,0.6291647,0.0,0.0
random,5,r0_c464_z130,active,464.0,0.0,130.0,0.62352943,0.62122285,0.0,0.0
random,5,r480_c304_z110,active,304.0,480.0,110.0,0.6509804,0.6245553,0.0,0.0
random,5,r0_c160_z120,active,160.0,0.0,120.0,0.6431373,0.6251863,0.0,0.0
random,5,r272_c64_z110,active,64.0,272.0,110.0,0.6509804,0.6358686,0.76,0.0
random,5,r192_c416_z130,active,416.0,192.0,130.0,0.64705884,0.62846744,0.0,0.0
random,5,r16_c288_z100,active,288.0,16.0,100.0,0.654902,0.62878364,0.0,0.0
random,5,r352_c272_z100,active,272.0,352.0,100.0,0.65882355,0.636991,0.44,0.0
random,5,r320_c112_z110,active,112.0,320.0,110.0,0.6509804,0.6392102,0.08,0.0
random,5,r64_c208_z130,active,208.0,64.0,130.0,0.64705884,0.629459,0.0,0.0006291946
random,5,r80_c464_z110,active,464.0,80.0,110.0,0.6509804,0.6242507,0.0,0.0
random,5,r48_c336_z120,active,336.0,48.0,120.0,0.64705884,0.62869835,0.0,0.0
random,5,r480_c400_z100,active,400.0,480.0,100.0,0.6509804,0.6180144,0.36,0.0
random,5,r336_c48_z100,active,48.0,336.0,100.0,0.6509804,0.6385636,0.96,0.0
random,5,r144_c368_z100,active,368.0,144.0,100.0,0.654902,0.636488,0.0,0.0
random,5,r480_c160_z100,active,160.0,480.0,100.0,0.6509804,0.62820446,0.4,0.0
random,5,r496_c224_z130,active,224.0,496.0,130.0,0.63529414,0.6229861,0.16,0.0
random,5,r208_c464_z100,active,464.0,208.0,100.0,0.654902,0.63224304,0.0,0.0
random,5,r288_c0_z110,active,0.0,288.0,110.0,0.6313726,0.63498366,0.0,0.0
random,5,r288_c0_z120,active,0.0,288.0,120.0,0.6313726,0.6344905,0.0,0.0
random,5,r96_c256_z100,active,256.0,96.0,100.0,0.65882355,0.6350497,0.32,0.0
random,5,r288_c272_z100,active,272.0,288.0,100.0,0.654902,0.6354638,0.52,0.0
random,5,r32_c96_z100,active,96.0,32.0,100.0,0.6392157,0.6284906,1.0,0.0
random,5,r272_c304_z120,active,304.0,272.0,120.0,0.6509804,0.63172317,0.48,0.0
random,5,r416_c80_z120,active,80.0,416.0,120.0,0.64705884,0.6379152,0.0,0.0
random,5,r0_c64_z120,active,64.0,0.0,120.0,0.627451,0.62636864,0.0,0.0
uniform_grid,0,r240_c32_z100,initial,32.0,240.0,100.0,0.63529414,0.6313318,0.0,0.0
uniform_grid,0,r304_c256_z110,initial,256.0,304.0,110.0,0.6509804,0.6377591,0.8,0.0
uniform_grid,0,r208_c160_z110,initial,160.0,208.0,110.0,0.6509804,0.62954664,0.0,0.0
uniform_grid,0,r128_c368_z110,initial,368.0,128.0,110.0,0.6509804,0.63548833,0.2,0.0
uniform_grid,0,r368_c208_z130,initial,208.0,368.0,130.0,0.6431373,0.6351592,0.12,0.0
uniform_grid,0,r320_c496_z120,initial,496.0,320.0,120.0,0.6509804,0.6248631,0.0,0.0006291946
uniform_grid,0,r368_c96_z110,initial,96.0,368.0,110.0,0.654902,0.6404708,0.0,0.0
uniform_grid,0,r240_c384_z120,initial,384.0,240.0,120.0,0.6509804,0.6311829,0.24,0.0
uniform_grid,0,r64_c224_z130,initial,224.0,64.0,130.0,0.6431373,0.6295667,0.32,0.0
uniform_grid,0,r192_c32_z130,initial,32.0,192.0,130.0,0.6431373,0.628325,0.0,0.0006291946
uniform_grid,0,r496_c208_z130,initial,208.0,496.0,130.0,0.6392157,0.6227197,0.0,0.0
uniform_grid,0,r208_c240_z120,initial,240.0,208.0,120.0,0.64705884,0.62746197,0.2,0.0
uniform_grid,0,r240_c432_z130,initial,432.0,240.0,130.0,0.64705884,0.62672764,0.0,0.0
uniform_grid,0,r64_c0_z120,initial,0.0,64.0,120.0,0.627451,0.61874074,0.0,0.0
uniform_grid,0,r144_c176_z130,initial,176.0,144.0,130.0,0.6431373,0.62786317,0.92,0.0
uniform_grid,0,r448_c0_z120,initial,0.0,448.0,120.0,0.64705884,0.62637913,0.0,0.0
uniform_grid,0,r416_c496_z130,initial,496.0,416.0,130.0,0.6392157,0.6224537,0.0,0.0
uniform_grid,0,r112_c272_z130,initial,272.0,112.0,130.0,0.64705884,0.626613,0.76,0.0
uniform_grid,0,r304_c240_z120,initial,240.0,304.0,120.0,0.6509804,0.6380841,0.64,0.0
uniform_grid,0,r256_c48_z100,initial,48.0,256.0,100.0,0.6431373,0.6334146,0.0,0.0
uniform_grid,0,r384_c480_z100,initial,480.0,384.0,100.0,0.654902,0.6261505,0.76,0.0
uniform_grid,0,r352_c464_z110,initial,464.0,352.0,110.0,0.654902,0.6281112,1.0,0.0006291946
uniform_grid,0,r320_c64_z120,initial,64.0,320.0,120.0,0.64705884,0.6377163,0.04,0.0
uniform_grid,0,r208_c240_z100,initial,240.0,208.0,100.0,0.654902,0.6288754,0.2,0.0
uniform_grid,0,r160_c208_z110,initial,208.0,160.0,110.0,0.6509804,0.6311261,0.24,0.0
uniform_grid,0,r496_c464_z110,initial,464.0,496.0,110.0,0.6313726,0.6161498,0.0,0.0
uniform_grid,0,r480_c64_z130,initial,64.0,480.0,130.0,0.6392157,0.62165666,0.0,0.0
uniform_grid,0,r48_c272_z110,initial,272.0,48.0,110.0,0.6509804,0.6339888,1.0,0.0
uniform_grid,0,r400_c208_z110,initial,208.0,400.0,110.0,0.6509804,0.633617,0.24,0.0006291946
uniform_grid,0,r352_c432_z110,initial,432.0,352.0,110.0,0.64705884,0.6278518,0.24,0.0006291946
uniform_grid,0,r176_c208_z100,initial,208.0,176.0,100.0,0.6509804,0.63124746,0.0,0.0
uniform_grid,0,r400_c384_z120,initial,384.0,400.0,120.0,0.64705884,0.6242475,0.32,0.0006291946
uniform_grid,0,r64_c192_z100,initial,192.0,64.0,100.0,0.654902,0.63060313,1.0,0.0006291946
uniform_grid,0,r464_c304_z120,initial,304.0,464.0,120.0,0.6509804,0.6249385,0.04,0.0006291946
uniform_grid,0,r304_c480_z100,initial,480.0,304.0,100.0,0.6509804,0.63201165,1.0,0.0006291946
uniform_grid,0,r384_c80_z120,initial,80.0,384.0,120.0,0.6509804,0.6402904,0.32,0.0
uniform_grid,0,r208_c304_z120,initial,304.0,208.0,120.0,0.6509804,0.63155174,0.2,0.0
uniform_grid,0,r304_c480_z130,initial,480.0,304.0,130.0,0.6431373,0.6252048,1.0,0.0006291946
uniform_grid,0,r384_c336_z120,initial,336.0,384.0,120.0,0.6509804,0.6329618,0.04,0.0006291946
uniform_grid,0,r304_c240_z110,initial,240.0,304.0,110.0,0.654902,0.6381485,0.64,0.0
uniform_grid,0,r432_c64_z120,initial,64.0,432.0,120.0,0.64705884,0.635173,0.0,0.0
uniform_grid,0,r160_c432_z100,initial,432.0,160.0,100.0,0.65882355,0.63393974,0.0,0.0
uniform_grid,0,r320_c496_z110,initial,496.0,320.0,110.0,0.654902,0.6256395,0.0,0.0006291946
uniform_grid,0,r256_c128_z110,initial,128.0,256.0,110.0,0.6509804,0.6341172,0.88,0.0
uniform_grid,0,r400_c176_z110,initial,176.0,400.0,110.0,0.6509804,0.6359129,0.56,0.0012583892
uniform_grid,0,r128_c272_z130,initial,272.0,128.0,130.0,0.64705884,0.6261245,0.2,0.0
uniform_grid,0,r368_c0_z110,initial,0.0,368.0,110.0,0.64705884,0.63724476,0.0,0.0
uniform_grid,0,r368_c96_z120,initial,96.0,368.0,120.0,0.64705884,0.6397181,0.0,0.0
uniform_grid,0,r64_c80_z130,initial,80.0,64.0,130.0,0.6431373,0.6276759,0.52,0.0
uniform_grid,0,r288_c32_z120,initial,32.0,288.0,120.0,0.6392157,0.63468546,0.04,0.0
uniform_grid,0,r64_c336_z100,initial,336.0,64.0,100.0,0.6509804,0.637214,0.0,0.0
uniform_grid,0,r320_c368_z110,initial,368.0,320.0,110.0,0.654902,0.6330209,0.0,0.0
uniform_grid,0,r208_c480_z130,initial,480.0,208.0,130.0,0.6431373,0.6253274,0.48,0.0
uniform_grid,0,r176_c448_z120,initial,448.0,176.0,120.0,0.64705884,0.6275907,0.0,0.0
uniform_grid,0,r384_c272_z120,initial,272.0,384.0,120.0,0.6509804,0.6360237,0.48,0.0
uniform_grid,0,r96_c416_z110,initial,416.0,96.0,110.0,0.654902,0.6307809,0.0,0.0
uniform_grid,0,r448_c64_z100,initial,64.0,448.0,100.0,0.654902,0.63510525,1.0,0.0
uniform_grid,0,r240_c320_z100,initial,320.0,240.0,100.0,0.6509804,0.6312521,0.2,0.0
uniform_grid,0,r32_c336_z110,initial,336.0,32.0,110.0,0.6509804,0.6282641,0.88,0.0
uniform_grid,0,r400_c272_z120,initial,272.0,400.0,120.0,0.64705884,0.63562065,0.0,0.0006291946
uniform_grid,0,r112_c448_z130,initial,448.0,112.0,130.0,0.64705884,0.62625843,0.0,0.0
uniform_grid,0,r352_c128_z110,initial,128.0,352.0,110.0,0.654902,0.63924235,0.0,0.0
uniform_grid,0,r432_c384_z120,initial,384.0,432.0,120.0,0.6509804,0.6216793,0.4,0.0
uniform_grid,0,r128_c480_z110,initial,480.0,128.0,110.0,0.6509804,0.6227231,0.12,0.0
uniform_grid,0,r480_c336_z110,initial,336.0,480.0,110.0,0.6509804,0.6228546,0.0,0.0
uniform_grid,0,r496_c144_z110,initial,144.0,496.0,110.0,0.654902,0.62470496,0.0,0.0
uniform_grid,0,r416_c496_z110,initial,496.0,416.0,110.0,0.64705884,0.62375,0.0,0.0
uniform_grid,0,r352_c48_z120,initial,48.0,352.0,120.0,0.64705884,0.63791233,0.0,0.0
uniform_grid,0,r48_c448_z100,initial,448.0,48.0,100.0,0.654902,0.6242431,0.0,0.0
uniform_grid,0,r320_c352_z130,initial,352.0,320.0,130.0,0.6431373,0.6303287,0.24,0.0
uniform_grid,0,r128_c400_z130,initial,400.0,128.0,130.0,0.6431373,0.62937486,0.56,0.0
uniform_grid,0,r256_c288_z110,initial,288.0,256.0,110.0,0.6509804,0.6307137,0.0,0.0
uniform_grid,0,r16_c240_z130,initial,240.0,16.0,130.0,0.63529414,0.62935233,0.0,0.0
uniform_grid,0,r368_c224_z100,initial,224.0,368.0,100.0,0.65882355,0.6372598,0.0,0.0006291946
uniform_grid,0,r272_c464_z130,initial,464.0,272.0,130.0,0.64705884,0.6268373,0.04,0.0006291946
uniform_grid,0,r192_c464_z130,initial,464.0,192.0,130.0,0.64705884,0.6256807,0.0,0.0
uniform_grid,0,r496_c0_z130,initial,0.0,496.0,130.0,0.627451,0.62064946,0.0,0.0
uniform_grid,0,r96_c224_z110,initial,224.0,96.0,110.0,0.64705884,0.63128704,0.12,0.0
uniform_grid,0,r96_c240_z120,initial,240.0,96.0,120.0,0.64705884,0.62938094,0.0,0.0
uniform_grid,0,r176_c304_z110,initial,304.0,176.0,110.0,0.6509804,0.6338386,0.6,0.0
uniform_grid,0,r464_c256_z100,initial,256.0,464.0,100.0,0.654902,0.62854475,0.0,0.0
uniform_grid,0,r448_c320_z130,initial,320.0,448.0,130.0,0.6431373,0.62394506,0.52,0.0006291946
uniform_grid,0,r176_c384_z110,initial,384.0,176.0,110.0,0.64705884,0.6343779,0.4,0.0
uniform_grid,0,r176_c336_z130,initial,336.0,176.0,130.0,0.64705884,0.6312671,0.12,0.0
uniform_grid,0,r432_c48_z110,initial,48.0,432.0,110.0,0.6509804,0.63596994,0.0,0.0
uniform_grid,0,r432_c416_z130,initial,416.0,432.0,130.0,0.6431373,0.61998564,0.28,0.0
uniform_grid,0,r304_c48_z120,initial,48.0,304.0,120.0,0.6509804,0.63549703,0.0,0.0
uniform_grid,0,r416_c272_z110,initial,272.0,416.0,110.0,0.6509804,0.63508713,0.08,0.0006291946
uniform_grid,0,r176_c240_z100,initial,240.0,176.0,100.0,0.654902,0.62948304,0.32,0.0
uniform_grid,0,r48_c112_z130,initial,112.0,48.0,130.0,0.6431373,0.6272068,0.96,0.0
uniform_grid,0,r416_c48_z110,initial,48.0,416.0,110.0,0.6509804,0.6382716,0.04,0.0
uniform_grid,0,r432_c16_z100,initial,16.0,432.0,100.0,0.654902,0.63292694,1.0,0.0
uniform_grid,0,r304_c416_z110,initial,416.0,304.0,110.0,0.6509804,0.63014543,0.0,0.0006291946
uniform_grid,0,r144_c224_z100,initial,224.0,144.0,100.0,0.65882355,0.6304876,0.0,0.0
uniform_grid,0,r144_c480_z100,initial,480.0,144.0,100.0,0.65882355,0.6271732,1.0,0.0
uniform_grid,0,r32_c448_z100,initial,448.0,32.0,100.0,0.654902,0.623035,0.0,0.0
uniform_grid,0,r64_c384_z130,initial,384.0,64.0,130.0,0.64705884,0.6252906,0.0,0.0
uniform_grid,0,r352_c496_z130,initial,496.0,352.0,130.0,0.64705884,0.62441367,0.0,0.0
uniform_grid,0,r304_c192_z100,initial,192.0,304.0,100.0,0.654902,0.63714886,0.72,0.0
uniform_grid,0,r304_c416_z120,initial,416.0,304.0,120.0,0.6509804,0.62860715,0.0,0.0006291946
uniform_grid,0,r112_c16_z120,initial,16.0,112.0,120.0,0.6431373,0.62470734,0.0,0.0006291946
uniform_grid,0,r176_c144_z100,initial,144.0,176.0,100.0,0.654902,0.6335267,0.0,0.0
uniform_grid,0,r496_c160_z110,initial,160.0,496.0,110.0,0.64705884,0.6248448,0.0,0.0
uniform_grid,0,r16_c336_z130,initial,336.0,16.0,130.0,0.64705884,0.62326044,0.0,0.0
uniform_grid,0,r368_c288_z120,initial,288.0,368.0,120.0,0.6509804,0.6367072,0.0,0.0
uniform_grid,0,r368_c48_z110,initial,48.0,368.0,110.0,0.6509804,0.6396495,0.0,0.0
uniform_grid,0,r48_c464_z110,initial,464.0,48.0,110.0,0.64705884,0.62229806,0.0,0.0
uniform_grid,0,r480_c80_z120,initial,80.0,480.0,120.0,0.6431373,0.62306696,0.36,0.0
uniform_grid,0,r352_c80_z110,initial,80.0,352.0,110.0,0.6509804,0.6403112,0.0,0.0
uniform_grid,0,r320_c144_z100,initial,144.0,320.0,100.0,0.654902,0.63880575,0.4,0.0
uniform_grid,0,r240_c320_z120,initial,320.0,240.0,120.0,0.64705884,0.6301548,0.2,0.0
uniform_grid,0,r480_c384_z100,initial,384.0,480.0,100.0,0.6509804,0.6190834,0.0,0.0
uniform_grid,0,r176_c160_z110,initial,160.0,176.0,110.0,0.654902,0.6311915,0.52,0.0
uniform_grid,0,r112_c176_z100,initial,176.0,112.0,100.0,0.6509804,0.6334877,0.6,0.0
uniform_grid,0,r320_c160_z120,initial,160.0,320.0,120.0,0.64705884,0.6383803,0.0,0.0
uniform_grid,0,r368_c288_z130,initial,288.0,368.0,130.0,0.64705884,0.63571715,0.0,0.0
uniform_grid,0,r16_c496_z110,initial,496.0,16.0,110.0,0.627451,0.62135756,0.0,0.0
uniform_grid,0,r80_c256_z120,initial,256.0,80.0,120.0,0.6509804,0.63048553,0.0,0.0
uniform_grid,0,r368_c176_z130,initial,176.0,368.0,130.0,0.6431373,0.6368075,0.28,0.0
uniform_grid,0,r464_c432_z100,initial,432.0,464.0,100.0,0.654902,0.61867213,0.0,0.0
uniform_grid,0,r304_c16_z100,initial,16.0,304.0,100.0,0.65882355,0.6364225,0.0,0.0
uniform_grid,0,r256_c0_z130,initial,0.0,256.0,130.0,0.6313726,0.63128245,0.0,0.0
uniform_grid,0,r32_c256_z130,initial,256.0,32.0,130.0,0.64705884,0.6290823,0.0,0.0
uniform_grid,0,r368_c16_z110,initial,16.0,368.0,110.0,0.6509804,0.63757133,0.0,0.0
uniform_grid,0,r272_c256_z100,initial,256.0,272.0,100.0,0.65882355,0.6345468,0.6,0.0
uniform_grid,0,r80_c192_z100,initial,192.0,80.0,100.0,0.654902,0.63046706,0.16,0.0006291946
uniform_grid,0,r128_c80_z120,initial,80.0,128.0,120.0,0.6509804,0.6301841,0.72,0.0006291946
uniform_grid,0,r256_c208_z120,initial,208.0,256.0,120.0,0.64705884,0.6321063,0.0,0.0
uniform_grid,0,r96_c160_z120,initial,160.0,96.0,120.0,0.6509804,0.6275679,0.36,0.0006291946
uniform_grid,0,r112_c416_z100,initial,416.0,112.0,100.0,0.654902,0.63361067,0.0,0.0
uniform_grid,0,r0_c96_z120,initial,96.0,0.0,120.0,0.6313726,0.6269776,0.0,0.0
uniform_grid,0,r384_c272_z100,initial,272.0,384.0,100.0,0.654902,0.6371796,0.48,0.0
uniform_grid,0,r288_c272_z130,initial,272.0,288.0,130.0,0.64705884,0.63542527,0.52,0.0
uniform_grid,0,r208_c144_z110,initial,144.0,208.0,110.0,0.6509804,0.6299537,0.04,0.0006291946
uniform_grid,0,r128_c144_z110,initial,144.0,128.0,110.0,0.6509804,0.63274235,0.24,0.0
uniform_grid,0,r496_c64_z110,initial,64.0,496.0,110.0,0.6392157,0.6225457,0.0,0.0
uniform_grid,0,r80_c304_z120,initial,304.0,80.0,120.0,0.64705884,0.6317767,0.0,0.0
uniform_grid,0,r464_c80_z110,initial,80.0,464.0,110.0,0.64705884,0.629168,0.04,0.0
uniform_grid,0,r320_c256_z100,initial,256.0,320.0,100.0,0.654902,0.6377405,1.0,0.0
uniform_grid,0,r464_c80_z120,initial,80.0,464.0,120.0,0.64705884,0.6272073,0.04,0.0
uniform_grid,0,r496_c368_z110,initial,368.0,496.0,110.0,0.64705884,0.6190571,0.8,0.0
uniform_grid,0,r416_c352_z110,initial,352.0,416.0,110.0,0.6509804,0.62760425,0.96,0.0006291946
uniform_grid,0,r496_c432_z120,initial,432.0,496.0,120.0,0.6392157,0.6172827,0.0,0.0
uniform_grid,0,r288_c400_z110,initial,400.0,288.0,110.0,0.654902,0.63321507,0.72,0.0
uniform_grid,0,r224_c112_z120,initial,112.0,224.0,120.0,0.64705884,0.63086194,0.36,0.0006291946
uniform_grid,0,r176_c96_z100,initial,96.0,176.0,100.0,0.654902,0.6342409,0.56,0.0006291946
uniform_grid,0,r96_c128_z110,initial,128.0,96.0,110.0,0.654902,0.63018996,0.4,0.0006291946
uniform_grid,0,r128_c176_z100,initial,176.0,128.0,100.0,0.6509804,0.6341127,0.4,0.0
uniform_grid,0,r224_c416_z120,initial,416.0,224.0,120.0,0.64705884,0.630835,0.64,0.0
uniform_grid,0,r224_c176_z100,initial,176.0,224.0,100.0,0.6509804,0.630572,1.0,0.0
uniform_grid,0,r496_c464_z130,initial,464.0,496.0,130.0,0.6313726,0.6171481,0.0,0.0
uniform_grid,0,r272_c128_z110,initial,128.0,272.0,110.0,0.6509804,0.6358836,0.52,0.0
uniform_grid,0,r336_c80_z100,initial,80.0,336.0,100.0,0.654902,0.6403662,0.08,0.0
uniform_grid,0,r112_c96_z130,initial,96.0,112.0,130.0,0.64705884,0.6271479,0.56,0.0006291946
uniform_grid,0,r352_c160_z100,initial,160.0,352.0,100.0,0.65882355,0.6394358,0.12,0.0
uniform_grid,0,r0_c464_z100,initial,464.0,0.0,100.0,0.627451,0.6220014,0.0,0.0
uniform_grid,0,r368_c496_z100,initial,496.0,368.0,100.0,0.654902,0.6265488,0.0,0.0
uniform_grid,0,r352_c160_z110,initial,160.0,352.0,110.0,0.654902,0.6395123,0.12,0.0
uniform_grid,0,r96_c16_z120,initial,16.0,96.0,120.0,0.6431373,0.6214219,0.0,0.0
uniform_grid,0,r32_c416_z120,initial,416.0,32.0,120.0,0.64705884,0.62364286,0.0,0.0
uniform_grid,0,r160_c240_z100,initial,240.0,160.0,100.0,0.65882355,0.6303052,0.32,0.0
uniform_grid,0,r0_c32_z130,initial,32.0,0.0,130.0,0.62352943,0.6234064,0.0,0.0
uniform_grid,0,r208_c416_z110,initial,416.0,208.0,110.0,0.6509804,0.63365895,0.0,0.0
uniform_grid,0,r176_c160_z130,initial,160.0,176.0,130.0,0.64705884,0.6270339,0.52,0.0
uniform_grid,0,r448_c448_z120,initial,448.0,448.0,120.0,0.6509804,0.62224305,1.0,0.0
uniform_grid,0,r48_c256_z130,initial,256.0,48.0,130.0,0.64705884,0.6286597,1.0,0.0
uniform_grid,0,r416_c480_z110,initial,480.0,416.0,110.0,0.6509804,0.6243492,0.0,0.0
uniform_grid,0,r224_c96_z110,initial,96.0,224.0,110.0,0.654902,0.63099366,0.0,0.0006291946
uniform_grid,0,r240_c192_z120,initial,192.0,240.0,120.0,0.64705884,0.6322346,0.0,0.0
uniform_grid,0,r272_c192_z130,initial,192.0,272.0,130.0,0.64705884,0.6331011,0.0,0.0
uniform_grid,0,r304_c32_z120,initial,32.0,304.0,120.0,0.64705884,0.6355326,0.0,0.0
uniform_grid,0,r416_c272_z130,initial,272.0,416.0,130.0,0.64705884,0.6332171,0.08,0.0006291946
uniform_grid,0,r336_c32_z120,initial,32.0,336.0,120.0,0.64705884,0.6363174,0.96,0.0
uniform_grid,0,r112_c96_z120,initial,96.0,112.0,120.0,0.64705884,0.6298213,0.56,0.0006291946
uniform_grid,0,r96_c480_z120,initial,480.0,96.0,120.0,0.6431373,0.6220645,0.0,0.0
uniform_grid,0,r480_c224_z100,initial,224.0,480.0,100.0,0.6431373,0.62816954,0.0,0.0
uniform_grid,0,r384_c416_z110,initial,416.0,384.0,110.0,0.654902,0.6258294,0.2,0.0006291946
uniform_grid,0,r336_c208_z110,initial,208.0,336.0,110.0,0.6509804,0.6378777,0.8,0.0
uniform_grid,0,r80_c48_z110,initial,48.0,80.0,110.0,0.6509804,0.6276998,0.0,0.0
uniform_grid,0,r112_c208_z130,initial,208.0,112.0,130.0,0.64705884,0.62590295,0.08,0.0
uniform_grid,0,r432_c432_z100,initial,432.0,432.0,100.0,0.654902,0.62215364,0.24,0.0
uniform_grid,0,r272_c208_z100,initial,208.0,272.0,100.0,0.65882355,0.6332985,0.2,0.0
uniform_grid,0,r32_c144_z130,initial,144.0,32.0,130.0,0.64705884,0.6253584,0.0,0.0
uniform_grid,0,r112_c368_z130,initial,368.0,112.0,130.0,0.64705884,0.63037455,0.16,0.0
uniform_grid,0,r48_c208_z120,initial,208.0,48.0,120.0,0.6392157,0.632088,0.8,0.0006291946
uniform_grid,0,r64_c0_z130,initial,0.0,64.0,130.0,0.627451,0.61677504,0.0,0.0
uniform_grid,0,r80_c304_z130,initial,304.0,80.0,130.0,0.6431373,0.6285355,0.0,0.0
uniform_grid,0,r176_c192_z100,initial,192.0,176.0,100.0,0.6509804,0.63152146,0.0,0.0
uniform_grid,0,r192_c32_z100,initial,32.0,192.0,100.0,0.6509804,0.632517,0.0,0.0006291946
uniform_grid,0,r496_c320_z120,initial,320.0,496.0,120.0,0.6392157,0.62163067,1.0,0.0
uniform_grid,0,r16_c496_z130,initial,496.0,16.0,130.0,0.627451,0.62082833,0.0,0.0
uniform_grid,0,r368_c0_z120,initial,0.0,368.0,120.0,0.64705884,0.63599974,0.0,0.0
uniform_grid,0,r96_c304_z130,initial,304.0,96.0,130.0,0.6431373,0.6297477,0.0,0.0
uniform_grid,0,r496_c496_z120,initial,496.0,496.0,120.0,0.6313726,0.61673385,0.0,0.0
uniform_grid,0,r320_c96_z130,initial,96.0,320.0,130.0,0.64705884,0.63740647,0.36,0.0
uniform_grid,0,r464_c96_z130,initial,96.0,464.0,130.0,0.64705884,0.6263251,0.24,0.0
uniform_grid,0,r496_c256_z120,initial,256.0,496.0,120.0,0.6431373,0.6237978,0.12,0.0
uniform_grid,0,r224_c416_z110,initial,416.0,224.0,110.0,0.6509804,0.63324475,0.64,0.0
uniform_grid,0,r32_c432_z110,initial,432.0,32.0,110.0,0.6509804,0.6232435,0.0,0.0
uniform_grid,0,r192_c432_z110,initial,432.0,192.0,110.0,0.6509804,0.63035744,0.0,0.0
uniform_grid,0,r240_c496_z100,initial,496.0,240.0,100.0,0.64705884,0.6266561,0.0,0.0006291946
uniform_grid,0,r400_c272_z110,initial,272.0,400.0,110.0,0.6509804,0.6361859,0.0,0.0006291946
uniform_grid,0,r496_c368_z130,initial,368.0,496.0,130.0,0.6431373,0.6178713,0.8,0.0
uniform_grid,0,r304_c352_z120,initial,352.0,304.0,120.0,0.6431373,0.63257486,0.2,0.0
uniform_grid,0,r464_c192_z110,initial,192.0,464.0,110.0,0.654902,0.6279545,0.0,0.0
uniform_grid,1,r0_c0_z100,active,0.0,0.0,100.0,0.62352943,0.61986125,0.0,0.0
uniform_grid,1,r384_c0_z130,active,0.0,384.0,130.0,0.64705884,0.63409245,0.0,0.0
uniform_grid,1,r0_c176_z110,active,176.0,0.0,110.0,0.6431373,0.6263756,0.0,0.0
uniform_grid,1,r176_c0_z110,active,0.0,176.0,110.0,0.6509804,0.6275701,0.0,0.0006291946
uniform_grid,1,r336_c368_z100,active,368.0,336.0,100.0,0.654902,0.63219696,0.08,0.0006291946
uniform_grid,1,r64_c80_z100,active,80.0,64.0,100.0,0.654902,0.6293472,0.52,0.0
uniform_grid,1,r432_c176_z120,active,176.0,432.0,120.0,0.6509804,0.63034236,0.16,0.0006291946
uniform_grid,1,r272_c0_z110,active,0.0,272.0,110.0,0.6313726,0.63388515,0.0,0.0
uniform_grid,1,r0_c0_z110,active,0.0,0.0,110.0,0.62352943,0.6192532,0.0,0.0
uniform_grid,1,r0_c256_z100,active,256.0,0.0,100.0,0.654902,0.62933505,0.2,0.0
uniform_grid,1,r208_c0_z120,active,0.0,208.0,120.0,0.6431373,0.6271001,0.0,0.0
uniform_grid,1,r0_c496_z120,active,496.0,0.0,120.0,0.62352943,0.62083113,0.0,0.0
uniform_grid,1,r112_c384_z120,active,384.0,112.0,120.0,0.6509804,0.6316555,0.28,0.0
uniform_grid,1,r0_c336_z120,active,336.0,0.0,120.0,0.64705884,0.624383,0.0,0.0
uniform_grid,1,r112_c0_z100,active,0.0,112.0,100.0,0.6431373,0.6240855,0.0,0.0006291946
uniform_grid,1,r160_c336_z100,active,336.0,160.0,100.0,0.65882355,0.6363647,0.0,0.0
uniform_grid,1,r256_c400_z100,active,400.0,256.0,100.0,0.654902,0.63334775,0.6,0.0
uniform_grid,1,r208_c256_z130,active,256.0,208.0,130.0,0.6431373,0.62591547,0.2,0.0
uniform_grid,1,r432_c144_z100,active,144.0,432.0,100.0,0.654902,0.6342585,0.6,0.0012583892
uniform_grid,1,r240_c96_z130,active,96.0,240.0,130.0,0.64705884,0.6322151,0.0,0.0
uniform_grid,1,r240_c496_z110,active,496.0,240.0,110.0,0.6431373,0.62624985,0.0,0.0006291946
uniform_grid,1,r240_c496_z120,active,496.0,240.0,120.0,0.6392157,0.6255739,0.0,0.0006291946
uniform_grid,1,r0_c144_z100,active,144.0,0.0,100.0,0.6509804,0.62828857,0.0,0.0
uniform_grid,1,r16_c96_z110,active,96.0,16.0,110.0,0.63529414,0.62748253,0.0,0.0
uniform_grid,1,r352_c416_z130,active,416.0,352.0,130.0,0.6431373,0.6244857,1.0,0.0006291946
uniform_grid,1,r416_c352_z100,active,352.0,416.0,100.0,0.654902,0.6275842,0.96,0.0006291946
uniform_grid,1,r0_c416_z130,active,416.0,0.0,130.0,0.6392157,0.62213707,0.0,0.0
uniform_grid,1,r496_c256_z110,active,256.0,496.0,110.0,0.64705884,0.6250607,0.12,0.0
uniform_grid,1,r0_c384_z100,active,384.0,0.0,100.0,0.6392157,0.62543315,0.0,0.0
uniform_grid,1,r496_c496_z100,active,496.0,496.0,100.0,0.6313726,0.6141428,0.0,0.0
uniform_grid,1,r496_c112_z100,active,112.0,496.0,100.0,0.6431373,0.6252775,0.4,0.0
uniform_grid,1,r0_c256_z120,active,256.0,0.0,120.0,0.64705884,0.6271165,0.2,0.0
uniform_grid,1,r368_c448_z120,active,448.0,368.0,120.0,0.6509804,0.6268341,0.04,0.0006291946
uniform_grid,1,r160_c192_z120,active,192.0,160.0,120.0,0.64705884,0.62975097,0.4,0.0
uniform_grid,1,r96_c272_z100,active,272.0,96.0,100.0,0.65882355,0.633257,0.92,0.0
uniform_grid,1,r400_c64_z130,active,64.0,400.0,130.0,0.64705884,0.6376388,0.48,0.0
uniform_grid,1,r160_c80_z110,active,80.0,160.0,110.0,0.654902,0.63376,0.8,0.0006291946
uniform_grid,1,r288_c64_z110,active,64.0,288.0,110.0,0.6509804,0.6368177,0.32,0.0
uniform_grid,1,r0_c16_z120,active,16.0,0.0,120.0,0.62352943,0.6218593,0.0,0.0
uniform_grid,1,r496_c0_z100,active,0.0,496.0,100.0,0.6313726,0.62279236,0.0,0.0
uniform_grid,1,r432_c192_z130,active,192.0,432.0,130.0,0.64705884,0.62812936,0.8,0.0006291946
uniform_grid,1,r128_c16_z130,active,16.0,128.0,130.0,0.6431373,0.6236959,0.0,0.0006291946
uniform_grid,1,r144_c288_z120,active,288.0,144.0,120.0,0.64705884,0.6289814,0.0,0.0
uniform_grid,1,r256_c336_z130,active,336.0,256.0,130.0,0.6431373,0.631232,0.16,0.0
uniform_grid,1,r496_c160_z120,active,160.0,496.0,120.0,0.64705884,0.623609,0.0,0.0
uniform_grid,1,r320_c16_z130,active,16.0,320.0,130.0,0.64705884,0.6348523,0.0,0.0
uniform_grid,1,r112_c288_z110,active,288.0,112.0,110.0,0.654902,0.6323185,0.0,0.0
uniform_grid,1,r224_c224_z110,active,224.0,224.0,110.0,0.654902,0.62967217,0.0,0.0
uniform_grid,1,r176_c368_z120,active,368.0,176.0,120.0,0.64705884,0.632151,0.24,0.0
uniform_grid,1,r368_c0_z100,active,0.0,368.0,100.0,0.6509804,0.63792753,0.0,0.0
uniform_grid,1,r240_c112_z100,active,112.0,240.0,100.0,0.65882355,0.63243777,0.92,0.0006291946
uniform_grid,1,r480_c0_z110,active,0.0,480.0,110.0,0.6313726,0.62323457,0.0,0.0
uniform_grid,1,r368_c208_z120,active,208.0,368.0,120.0,0.64705884,0.63606125,0.12,0.0
uniform_grid,1,r496_c320_z100,active,320.0,496.0,100.0,0.64705884,0.6231064,1.0,0.0
uniform_grid,1,r240_c352_z110,active,352.0,240.0,110.0,0.654902,0.6343668,0.2,0.0
uniform_grid,1,r0_c320_z100,active,320.0,0.0,100.0,0.6509804,0.62713015,0.0,0.0
uniform_grid,1,r176_c96_z130,active,96.0,176.0,130.0,0.64705884,0.62873495,0.56,0.0006291946
uniform_grid,1,r496_c272_z130,active,272.0,496.0,130.0,0.6431373,0.62251675,0.12,0.0
uniform_grid,1,r0_c160_z120,active,160.0,0.0,120.0,0.6431373,0.6251863,0.0,0.0
uniform_grid,1,r0_c80_z100,active,80.0,0.0,100.0,0.627451,0.62659216,0.0,0.0
uniform_grid,1,r448_c416_z110,active,416.0,448.0,110.0,0.6509804,0.62220025,0.52,0.0
uniform_grid,1,r384_c352_z130,active,352.0,384.0,130.0,0.6431373,0.6302124,0.0,0.0006291946
uniform_grid,1,r400_c496_z120,active,496.0,400.0,120.0,0.6431373,0.62446904,0.0,0.0
uniform_grid,1,r208_c384_z130,active,384.0,208.0,130.0,0.6431373,0.6303836,0.12,0.0
uniform_grid,1,r368_c416_z100,active,416.0,368.0,100.0,0.65882355,0.62600106,0.0,0.0006291946
uniform_grid,1,r128_c64_z100,active,64.0,128.0,100.0,0.654902,0.6346593,0.0,0.0006291946
uniform_grid,1,r384_c112_z100,active,112.0,384.0,100.0,0.6509804,0.6399175,0.04,0.0
uniform_grid,1,r48_c448_z130,active,448.0,48.0,130.0,0.64705884,0.62207586,0.0,0.0
uniform_grid,1,r496_c144_z130,active,144.0,496.0,130.0,0.64705884,0.6222318,0.0,0.0
uniform_grid,1,r192_c384_z100,active,384.0,192.0,100.0,0.6509804,0.63607824,0.36,0.0
uniform_grid,1,r0_c384_z110,active,384.0,0.0,110.0,0.63529414,0.62435657,0.0,0.0
uniform_grid,1,r176_c48_z120,active,48.0,176.0,120.0,0.64705884,0.63173884,0.96,0.0006291946
uniform_grid,1,r432_c128_z110,active,128.0,432.0,110.0,0.6509804,0.63445896,0.52,0.0006291946
uniform_grid,1,r160_c128_z120,active,128.0,160.0,120.0,0.6509804,0.63177365,1.0,0.0
uniform_grid,1,r112_c0_z110,active,0.0,112.0,110.0,0.63529414,0.62252533,0.0,0.0006291946
uniform_grid,1,r288_c112_z120,active,112.0,288.0,120.0,0.64705884,0.6370748,0.64,0.0
uniform_grid,1,r48_c64_z120,active,64.0,48.0,120.0,0.64705884,0.6275729,0.0,0.0
uniform_grid,1,r336_c304_z110,active,304.0,336.0,110.0,0.6509804,0.6364006,0.68,0.0
uniform_grid,1,r400_c128_z130,active,128.0,400.0,130.0,0.64705884,0.63581085,0.0,0.0
uniform_grid,1,r304_c320_z100,active,320.0,304.0,100.0,0.6509804,0.6341442,0.0,0.0
uniform_grid,1,r224_c32_z110,active,32.0,224.0,110.0,0.6392157,0.6294489,0.0,0.0006291946
uniform_grid,1,r288_c400_z130,active,400.0,288.0,130.0,0.6431373,0.62795043,0.72,0.0
uniform_grid,2,r0_c240_z110,active,240.0,0.0,110.0,0.6431373,0.6293212,0.12,0.0
uniform_grid,2,r64_c176_z110,active,176.0,64.0,110.0,0.6509804,0.6284594,0.04,0.0006291946
uniform_grid,2,r272_c192_z110,active,192.0,272.0,110.0,0.6509804,0.6337176,0.0,0.0
uniform_grid,2,r80_c496_z130,active,496.0,80.0,130.0,0.63529414,0.6203725,0.0,0.0
uniform_grid,2,r80_c496_z100,active,496.0,80.0,100.0,0.63529414,0.6219908,0.0,0.0
uniform_grid,2,r48_c128_z120,active,128.0,48.0,120.0,0.64705884,0.6271014,1.0,0.0
uniform_grid,2,r144_c496_z130,active,496.0,144.0,130.0,0.6431373,0.622135,0.0,0.0
uniform_grid,2,r352_c400_z120,active,400.0,352.0,120.0,0.64705884,0.6272668,0.92,0.0006291946
uniform_grid,2,r128_c336_z120,active,336.0,128.0,120.0,0.6509804,0.6339116,0.72,0.0
uniform_grid,2,r480_c160_z100,active,160.0,480.0,100.0,0.6509804,0.62820446,0.4,0.0
uniform_grid,2,r64_c16_z100,active,16.0,64.0,100.0,0.6509804,0.6221475,0.0,0.0
uniform_grid,2,r320_c224_z130,active,224.0,320.0,130.0,0.64705884,0.6368512,0.68,0.0
uniform_grid,2,r496_c32_z120,active,32.0,496.0,120.0,0.6313726,0.6224403,0.12,0.0
uniform_grid,2,r304_c144_z130,active,144.0,304.0,130.0,0.64705884,0.63633597,0.76,0.0
uniform_grid,2,r176_c496_z110,active,496.0,176.0,110.0,0.654902,0.626052,0.96,0.0
uniform_grid,2,r416_c224_z120,active,224.0,416.0,120.0,0.64705884,0.63077503,0.08,0.0006291946
uniform_grid,2,r0_c96_z130,active,96.0,0.0,130.0,0.6313726,0.6263509,0.0,0.0
uniform_grid,2,r448_c128_z120,active,128.0,448.0,120.0,0.6509804,0.63138205,0.32,0.0
uniform_grid,2,r48_c240_z100,active,240.0,48.0,100.0,0.65882355,0.635219,0.2,0.0
uniform_grid,2,r448_c304_z100,active,304.0,448.0,100.0,0.654902,0.6272916,0.48,0.0006291946
uniform_grid,2,r416_c192_z100,active,192.0,416.0,100.0,0.654902,0.63226753,0.0,0.0006291946
uniform_grid,2,r64_c368_z120,active,368.0,64.0,120.0,0.6509804,0.62894964,0.0,0.0
uniform_grid,2,r80_c432_z120,active,432.0,80.0,120.0,0.64705884,0.62659055,0.0,0.0
uniform_grid,2,r288_c304_z120,active,304.0,288.0,120.0,0.6509804,0.63325876,0.16,0.0
uniform_grid,2,r80_c128_z100,active,128.0,80.0,100.0,0.654902,0.63073415,0.0,0.0006291946
uniform_grid,2,r224_c208_z130,active,208.0,224.0,130.0,0.64705884,0.62945527,0.76,0.0
uniform_grid,2,r112_c352_z100,active,352.0,112.0,100.0,0.65882355,0.637705,0.0,0.0
uniform_grid,2,r96_c160_z130,active,160.0,96.0,130.0,0.64705884,0.6254986,0.36,0.0006291946
uniform_grid,2,r208_c448_z100,active,448.0,208.0,100.0,0.654902,0.63220453,0.16,0.0
uniform_grid,2,r240_c64_z120,active,64.0,240.0,120.0,0.64705884,0.63219464,0.08,0.0006291946
uniform_grid,2,r224_c144_z130,active,144.0,224.0,130.0,0.64705884,0.6296131,0.24,0.0
uniform_grid,2,r480_c208_z120,active,208.0,480.0,120.0,0.64705884,0.62599176,0.8,0.0
uniform_grid,2,r368_c320_z100,active,320.0,368.0,100.0,0.654902,0.6355102,0.64,0.0
uniform_grid,2,r144_c496_z120,active,496.0,144.0,120.0,0.64705884,0.6226216,0.0,0.0
uniform_grid,2,r304_c416_z100,active,416.0,304.0,100.0,0.65882355,0.6314901,0.0,0.0006291946
uniform_grid,2,r384_c144_z120,active,144.0,384.0,120.0,0.64705884,0.6366711,0.0,0.0
uniform_grid,2,r192_c288_z100,active,288.0,192.0,100.0,0.65882355,0.6282742,0.24,0.0
uniform_grid,2,r0_c192_z130,active,192.0,0.0,130.0,0.6392157,0.62715155,0.0,0.0
uniform_grid,2,r272_c48_z130,active,48.0,272.0,130.0,0.6392157,0.63300395,0.36,0.0
uniform_grid,2,r64_c400_z100,active,400.0,64.0,100.0,0.654902,0.62835205,0.0,0.0
uniform_grid,2,r480_c368_z120,active,368.0,480.0,120.0,0.6431373,0.62009674,0.6,0.0
uniform_grid,2,r160_c224_z130,active,224.0,160.0,130.0,0.64705884,0.62589043,0.0,0.0
uniform_grid,2,r448_c480_z100,active,480.0,448.0,100.0,0.65882355,0.61981165,0.0,0.0
uniform_grid,2,r80_c352_z110,active,352.0,80.0,110.0,0.6509804,0.6359268,0.0,0.0
uniform_grid,2,r288_c96_z100,active,96.0,288.0,100.0,0.654902,0.63744223,0.08,0.0
uniform_grid,2,r384_c48_z100,active,48.0,384.0,100.0,0.654902,0.6403967,0.12,0.0
uniform_grid,2,r448_c16_z130,active,16.0,448.0,130.0,0.64705884,0.62515146,0.0,0.0
uniform_grid,2,r64_c0_z110,active,0.0,64.0,110.0,0.627451,0.620959,0.0,0.0
uniform_grid,2,r144_c432_z110,active,432.0,144.0,110.0,0.64705884,0.6323986,0.0,0.0
uniform_grid,2,r496_c416_z130,active,416.0,496.0,130.0,0.6392157,0.6162946,0.48,0.0
uniform_grid,2,r256_c256_z120,active,256.0,256.0,120.0,0.64705884,0.6322957,0.32,0.0
uniform_grid,2,r0_c288_z110,active,288.0,0.0,110.0,0.64705884,0.62783366,0.0,0.0
uniform_grid,2,r368_c368_z110,active,368.0,368.0,110.0,0.654902,0.62974197,0.2,0.0006291946
uniform_grid,2,r128_c112_z100,active,112.0,128.0,100.0,0.6509804,0.63558316,0.6,0.0006291946
uniform_grid,2,r48_c480_z120,active,480.0,48.0,120.0,0.63529414,0.62162447,0.0,0.0
uniform_grid,2,r48_c288_z100,active,288.0,48.0,100.0,0.654902,0.63461804,0.0,0.0
uniform_grid,2,r448_c144_z130,active,144.0,448.0,130.0,0.6431373,0.6290915,0.8,0.0006291946
uniform_grid,2,r48_c224_z110,active,224.0,48.0,110.0,0.6431373,0.63412803,0.64,0.0
uniform_grid,2,r32_c48_z110,active,48.0,32.0,110.0,0.6431373,0.62657565,0.56,0.0
uniform_grid,2,r432_c0_z110,active,0.0,432.0,110.0,0.6509804,0.6305417,0.0,0.0
uniform_grid,2,r320_c0_z110,active,0.0,320.0,110.0,0.6509804,0.63645464,0.0,0.0
uniform_grid,2,r0_c192_z100,active,192.0,0.0,100.0,0.6392157,0.62625337,0.0,0.0
uniform_grid,2,r192_c496_z120,active,496.0,192.0,120.0,0.64705884,0.6255122,0.84,0.0
uniform_grid,2,r192_c496_z100,active,496.0,192.0,100.0,0.654902,0.6289203,0.84,0.0
uniform_grid,2,r160_c0_z120,active,0.0,160.0,120.0,0.64705884,0.625638,0.0,0.0006291946
uniform_grid,2,r0_c208_z120,active,208.0,0.0,120.0,0.63529414,0.6291638,0.0,0.0
uniform_grid,2,r160_c240_z120,active,240.0,160.0,120.0,0.6509804,0.6267527,0.32,0.0
uniform_grid,2,r448_c368_z130,active,368.0,448.0,130.0,0.64705884,0.62141514,0.08,0.0
uniform_grid,2,r352_c256_z110,active,256.0,352.0,110.0,0.6509804,0.6376595,0.8,0.0006291946
uniform_grid,2,r176_c256_z110,active,256.0,176.0,110.0,0.6509804,0.6268766,0.0,0.0
uniform_grid,2,r496_c48_z100,active,48.0,496.0,100.0,0.63529414,0.6235198,0.0,0.0
uniform_grid,2,r144_c288_z100,active,288.0,144.0,100.0,0.6509804,0.6305099,0.0,0.0
uniform_grid,2,r128_c432_z120,active,432.0,128.0,120.0,0.64705884,0.6290206,0.76,0.0
uniform_grid,2,r496_c416_z110,active,416.0,496.0,110.0,0.6509804,0.61692214,0.48,0.0
uniform_grid,2,r256_c448_z100,active,448.0,256.0,100.0,0.65882355,0.63492185,0.0,0.0006291946
uniform_grid,2,r448_c496_z120,active,496.0,448.0,120.0,0.64705884,0.6211281,0.0,0.0
uniform_grid,2,r496_c320_z130,active,320.0,496.0,130.0,0.63529414,0.6204607,1.0,0.0
uniform_grid,2,r352_c128_z130,active,128.0,352.0,130.0,0.64705884,0.637392,0.0,0.0
uniform_grid,2,r144_c128_z130,active,128.0,144.0,130.0,0.64705884,0.6288022,0.44,0.0
uniform_grid,2,r144_c64_z130,active,64.0,144.0,130.0,0.64705884,0.6288238,0.8,0.0006291946
uniform_grid,2,r160_c0_z100,active,0.0,160.0,100.0,0.6509804,0.62873757,0.0,0.0006291946
uniform_grid,2,r256_c240_z130,active,240.0,256.0,130.0,0.64705884,0.6320397,0.4,0.0
uniform_grid,3,r272_c464_z120,active,464.0,272.0,120.0,0.64705884,0.62926054,0.04,0.0006291946
uniform_grid,3,r464_c496_z130,active,496.0,464.0,130.0,0.63529414,0.6192196,0.0,0.0
uniform_grid,3,r448_c256_z120,active,256.0,448.0,120.0,0.64705884,0.62770927,0.0,0.0
uniform_grid,3,r64_c96_z110,active,96.0,64.0,110.0,0.6509804,0.629068,0.0,0.0
uniform_grid,3,r464_c288_z110,active,288.0,464.0,110.0,0.654902,0.62680453,0.24,0.0
uniform_grid,3,r288_c336_z110,active,336.0,288.0,110.0,0.64705884,0.6333968,0.0,0.0
uniform_grid,3,r32_c144_z110,active,144.0,32.0,110.0,0.654902,0.628477,0.0,0.0
uniform_grid,3,r48_c384_z110,active,384.0,48.0,110.0,0.6509804,0.6262433,0.44,0.0
uniform_grid,3,r288_c464_z110,active,464.0,288.0,110.0,0.64705884,0.63205016,0.0,0.0006291946
uniform_grid,3,r272_c352_z100,active,352.0,272.0,100.0,0.654902,0.6359334,0.0,0.0
uniform_grid,3,r32_c112_z100,active,112.0,32.0,100.0,0.6509804,0.6296543,1.0,0.0
uniform_grid,3,r464_c496_z110,active,496.0,464.0,110.0,0.6431373,0.6193575,0.0,0.0
uniform_grid,3,r384_c448_z130,active,448.0,384.0,130.0,0.64705884,0.62309825,0.0,0.0
uniform_grid,3,r224_c304_z130,active,304.0,224.0,130.0,0.64705884,0.6290798,0.2,0.0
uniform_grid,3,r0_c288_z130,active,288.0,0.0,130.0,0.64705884,0.62490684,0.0,0.0
uniform_grid,3,r352_c64_z130,active,64.0,352.0,130.0,0.64705884,0.6379014,0.0,0.0
uniform_grid,3,r432_c336_z120,active,336.0,432.0,120.0,0.64705884,0.625775,0.16,0.0006291946
uniform_grid,3,r304_c160_z110,active,160.0,304.0,110.0,0.6509804,0.63800704,0.0,0.0
uniform_grid,3,r272_c160_z120,active,160.0,272.0,120.0,0.6509804,0.6349125,0.0,0.0
uniform_grid,3,r208_c160_z120,active,160.0,208.0,120.0,0.64705884,0.62894505,0.0,0.0
uniform_grid,3,r256_c0_z120,active,0.0,256.0,120.0,0.6313726,0.6321469,0.0,0.0
uniform_grid,3,r0_c448_z120,active,448.0,0.0,120.0,0.6313726,0.62178195,0.0,0.0
uniform_grid,3,r160_c432_z130,active,432.0,160.0,130.0,0.6431373,0.6272038,0.0,0.0
uniform_grid,3,r144_c32_z110,active,32.0,144.0,110.0,0.6509804,0.63233435,0.0,0.0006291946
uniform_grid,3,r32_c304_z120,active,304.0,32.0,120.0,0.6509804,0.62573594,1.0,0.0
uniform_grid,3,r0_c384_z120,active,384.0,0.0,120.0,0.63529414,0.6231222,0.0,0.0
uniform_grid,3,r336_c320_z120,active,320.0,336.0,120.0,0.6509804,0.63492286,0.0,0.0
uniform_grid,3,r32_c496_z100,active,496.0,32.0,100.0,0.6313726,0.6215825,0.24,0.0
uniform_grid,3,r80_c496_z110,active,496.0,80.0,110.0,0.63529414,0.62096745,0.0,0.0
uniform_grid,3,r320_c304_z130,active,304.0,320.0,130.0,0.64705884,0.63475317,0.0,0.0
uniform_grid,3,r336_c448_z100,active,448.0,336.0,100.0,0.65882355,0.6302489,0.64,0.0006291946
uniform_grid,3,r144_c384_z100,active,384.0,144.0,100.0,0.654902,0.6373196,0.48,0.0
uniform_grid,3,r448_c240_z110,active,240.0,448.0,110.0,0.6509804,0.6293784,0.32,0.0
uniform_grid,3,r464_c240_z130,active,240.0,464.0,130.0,0.6431373,0.62631416,0.32,0.0
uniform_grid,3,r96_c48_z130,active,48.0,96.0,130.0,0.6431373,0.62600374,0.0,0.0
uniform_grid,3,r400_c32_z120,active,32.0,400.0,120.0,0.6509804,0.63588035,0.0,0.0
uniform_grid,3,r272_c144_z100,active,144.0,272.0,100.0,0.654902,0.6345773,0.76,0.0
uniform_grid,3,r32_c48_z100,active,48.0,32.0,100.0,0.6509804,0.6266385,0.56,0.0
uniform_grid,3,r384_c320_z110,active,320.0,384.0,110.0,0.654902,0.63472354,0.32,0.0006291946
uniform_grid,3,r112_c80_z110,active,80.0,112.0,110.0,0.654902,0.63153917,1.0,0.0
uniform_grid,3,r176_c288_z130,active,288.0,176.0,130.0,0.64705884,0.6267228,0.0,0.0
uniform_grid,3,r416_c240_z100,active,240.0,416.0,100.0,0.65882355,0.63459575,0.12,0.0
uniform_grid,3,r0_c128_z110,active,128.0,0.0,110.0,0.6392157,0.62680244,0.0,0.0
uniform_grid,3,r448_c160_z110,active,160.0,448.0,110.0,0.6509804,0.6297977,0.96,0.0006291946
uniform_grid,3,r240_c448_z110,active,448.0,240.0,110.0,0.6509804,0.63096076,0.64,0.0
uniform_grid,3,r384_c384_z100,active,384.0,384.0,100.0,0.65882355,0.62834704,0.8,0.0006291946
uniform_grid,3,r288_c192_z120,active,192.0,288.0,120.0,0.6509804,0.6356421,0.2,0.0
uniform_grid,3,r416_c112_z120,active,112.0,416.0,120.0,0.64705884,0.63656306,0.6,0.0
uniform_grid,3,r224_c64_z130,active,64.0,224.0,130.0,0.6392157,0.62991124,0.16,0.0006291946
uniform_grid,3,r240_c32_z130,active,32.0,240.0,130.0,0.63529414,0.6301403,0.0,0.0
uniform_grid,3,r176_c112_z110,active,112.0,176.0,110.0,0.6509804,0.6339294,0.04,0.0006291946
uniform_grid,3,r496_c448_z100,active,448.0,496.0,100.0,0.64705884,0.61632705,1.0,0.0
uniform_grid,3,r288_c112_z130,active,112.0,288.0,130.0,0.64705884,0.6360692,0.64,0.0
uniform_grid,3,r240_c144_z120,active,144.0,240.0,120.0,0.64705884,0.63210624,0.0,0.0
uniform_grid,3,r416_c384_z130,active,384.0,416.0,130.0,0.6431373,0.6212137,0.0,0.0006291946
uniform_grid,3,r208_c64_z100,active,64.0,208.0,100.0,0.654902,0.6323641,0.0,0.0006291946
uniform_grid,3,r144_c320_z130,active,320.0,144.0,130.0,0.64705884,0.63102067,0.0,0.0
uniform_grid,3,r400_c320_z130,active,320.0,400.0,130.0,0.64705884,0.63170904,1.0,0.0006291946
uniform_grid,3,r192_c336_z120,active,336.0,192.0,120.0,0.64705884,0.6342602,0.12,0.0
uniform_grid,3,r96_c224_z100,active,224.0,96.0,100.0,0.6509804,0.63164854,0.12,0.0
uniform_grid,3,r32_c208_z100,active,208.0,32.0,100.0,0.6431373,0.630914,0.44,0.0006291946
uniform_grid,3,r336_c288_z100,active,288.0,336.0,100.0,0.65882355,0.6364205,0.0,0.0
uniform_grid,3,r464_c416_z120,active,416.0,464.0,120.0,0.6509804,0.62023926,0.88,0.0
uniform_grid,3,r80_c432_z100,active,432.0,80.0,100.0,0.654902,0.63140637,0.0,0.0
uniform_grid,3,r160_c0_z130,active,0.0,160.0,130.0,0.6431373,0.6231296,0.0,0.0006291946
uniform_grid,3,r272_c0_z100,active,0.0,272.0,100.0,0.6313726,0.6340817,0.0,0.0
uniform_grid,3,r128_c256_z110,active,256.0,128.0,110.0,0.6509804,0.6290263,1.0,0.0
uniform_grid,3,r160_c400_z120,active,400.0,160.0,120.0,0.6509804,0.632509,0.92,0.0
uniform_grid,3,r416_c416_z120,active,416.0,416.0,120.0,0.64705884,0.62336427,0.12,0.0
uniform_grid,3,r208_c112_z130,active,112.0,208.0,130.0,0.6431373,0.6284743,0.44,0.0006291946
uniform_grid,3,r192_c336_z110,active,336.0,192.0,110.0,0.6509804,0.6356869,0.12,0.0
uniform_grid,3,r272_c368_z120,active,368.0,272.0,120.0,0.6509804,0.6342917,0.24,0.0
uniform_grid,3,r272_c432_z110,active,432.0,272.0,110.0,0.6509804,0.63260835,1.0,0.0006291946
uniform_grid,3,r464_c384_z110,active,384.0,464.0,110.0,0.6509804,0.62019086,0.0,0.0
uniform_grid,3,r224_c464_z120,active,464.0,224.0,120.0,0.64705884,0.62747526,0.28,0.0
uniform_grid,3,r96_c320_z110,active,320.0,96.0,110.0,0.654902,0.63607174,0.0,0.0
uniform_grid,3,r160_c320_z120,active,320.0,160.0,120.0,0.64705884,0.6331512,0.0,0.0
uniform_grid,3,r208_c352_z100,active,352.0,208.0,100.0,0.654902,0.63354003,0.2,0.0
uniform_grid,3,r368_c288_z110,active,288.0,368.0,110.0,0.654902,0.6371701,0.0,0.0
uniform_grid,3,r208_c464_z110,active,464.0,208.0,110.0,0.6509804,0.63069195,0.0,0.0
uniform_grid,3,r96_c416_z130,active,416.0,96.0,130.0,0.64705884,0.62676287,0.0,0.0
uniform_grid,3,r272_c304_z130,active,304.0,272.0,130.0,0.64705884,0.631493,0.48,0.0
uniform_grid,4,r432_c464_z130,active,464.0,432.0,130.0,0.64705884,0.62134194,1.0,0.0
uniform_grid,4,r144_c176_z110,active,176.0,144.0,110.0,0.6509804,0.63230354,0.92,0.0
uniform_grid,4,r496_c208_z110,active,208.0,496.0,110.0,0.6431373,0.62503636,0.0,0.0
uniform_grid,4,r0_c464_z130,active,464.0,0.0,130.0,0.62352943,0.62122285,0.0,0.0
uniform_grid,4,r432_c96_z100,active,96.0,432.0,100.0,0.65882355,0.6366615,0.64,0.0006291946
uniform_grid,4,r32_c400_z130,active,400.0,32.0,130.0,0.6392157,0.6237327,0.0,0.0
uniform_grid,4,r192_c192_z130,active,192.0,192.0,130.0,0.64705884,0.6268055,0.0,0.0
uniform_grid,4,r240_c368_z130,active,368.0,240.0,130.0,0.64705884,0.628546,0.0,0.0
uniform_grid,4,r240_c496_z130,active,496.0,240.0,130.0,0.6392157,0.6249857,0.0,0.0006291946
uniform_grid,4,r448_c320_z110,active,320.0,448.0,110.0,0.6509804,0.6260214,0.52,0.0006291946
uniform_grid,4,r400_c304_z100,active,304.0,400.0,100.0,0.65882355,0.6355362,0.6,0.0006291946
uniform_grid,4,r224_c272_z120,active,272.0,224.0,120.0,0.64705884,0.62782645,0.4,0.0
uniform_grid,4,r96_c32_z100,active,32.0,96.0,100.0,0.65882355,0.6301721,0.0,0.0
uniform_grid,4,r336_c208_z100,active,208.0,336.0,100.0,0.654902,0.6377925,0.8,0.0
uniform_grid,4,r144_c336_z110,active,336.0,144.0,110.0,0.654902,0.6352577,0.0,0.0
uniform_grid,4,r336_c272_z130,active,272.0,336.0,130.0,0.64705884,0.63598585,0.0,0.0
uniform_grid,4,r208_c64_z110,active,64.0,208.0,110.0,0.6509804,0.631783,0.0,0.0006291946
uniform_grid,4,r384_c144_z110,active,144.0,384.0,110.0,0.654902,0.6374541,0.0,0.0
uniform_grid,4,r80_c304_z100,active,304.0,80.0,100.0,0.6509804,0.6359279,0.0,0.0
uniform_grid,4,r16_c416_z100,active,416.0,16.0,100.0,0.64705884,0.6246974,0.0,0.0
uniform_grid,4,r256_c432_z120,active,432.0,256.0,120.0,0.6509804,0.63090426,0.16,0.0
uniform_grid,4,r48_c176_z130,active,176.0,48.0,130.0,0.6431373,0.62694097,1.0,0.0006291946
uniform_grid,4,r416_c32_z130,active,32.0,416.0,130.0,0.6431373,0.6331198,0.0,0.0
uniform_grid,4,r416_c96_z130,active,96.0,416.0,130.0,0.64705884,0.63593084,0.4,0.0
uniform_grid,4,r176_c48_z110,active,48.0,176.0,110.0,0.6509804,0.63348204,0.96,0.0006291946
uniform_grid,4,r176_c272_z120,active,272.0,176.0,120.0,0.6509804,0.62470454,0.48,0.0
uniform_grid,4,r224_c0_z100,active,0.0,224.0,100.0,0.6392157,0.6290152,0.0,0.0
uniform_grid,4,r432_c272_z100,active,272.0,432.0,100.0,0.654902,0.63347477,0.0,0.0
uniform_grid,4,r96_c464_z100,active,464.0,96.0,100.0,0.654902,0.6309235,0.0,0.0
uniform_grid,4,r304_c64_z130,active,64.0,304.0,130.0,0.6431373,0.6359069,0.24,0.0
uniform_grid,4,r272_c304_z100,active,304.0,272.0,100.0,0.65882355,0.6340196,0.48,0.0
uniform_grid,4,r480_c80_z100,active,80.0,480.0,100.0,0.6509804,0.6257817,0.36,0.0
uniform_grid,4,r64_c96_z120,active,96.0,64.0,120.0,0.6509804,0.62864774,0.0,0.0
uniform_grid,4,r464_c32_z100,active,32.0,464.0,100.0,0.65882355,0.62553173,0.44,0.0
uniform_grid,4,r208_c128_z100,active,128.0,208.0,100.0,0.6509804,0.6307779,0.0,0.0006291946
uniform_grid,4,r400_c160_z100,active,160.0,400.0,100.0,0.65882355,0.63670146,1.0,0.0006291946
uniform_grid,4,r480_c112_z110,active,112.0,480.0,110.0,0.6509804,0.6271768,0.08,0.0
uniform_grid,4,r240_c272_z130,active,272.0,240.0,130.0,0.64705884,0.6295205,0.24,0.0
uniform_grid,4,r256_c96_z120,active,96.0,256.0,120.0,0.64705884,0.63445437,0.68,0.0
uniform_grid,4,r80_c448_z110,active,448.0,80.0,110.0,0.6509804,0.62780946,0.0,0.0
uniform_grid,4,r128_c448_z100,active,448.0,128.0,100.0,0.654902,0.6326142,0.64,0.0
uniform_grid,4,r64_c176_z120,active,176.0,64.0,120.0,0.64705884,0.6277864,0.04,0.0006291946
uniform_grid,4,r368_c192_z110,active,192.0,368.0,110.0,0.6509804,0.63783455,0.76,0.0
uniform_grid,4,r320_c384_z120,active,384.0,320.0,120.0,0.6509804,0.63106656,0.0,0.0
uniform_grid,4,r368_c496_z110,active,496.0,368.0,110.0,0.654902,0.6264743,0.0,0.0
uniform_grid,4,r480_c464_z120,active,464.0,480.0,120.0,0.6431373,0.6192588,0.08,0.0
uniform_grid,4,r448_c176_z100,active,176.0,448.0,100.0,0.654902,0.62915117,0.0,0.0006291946
uniform_grid,4,r400_c224_z130,active,224.0,400.0,130.0,0.64705884,0.6319504,1.0,0.0006291946
uniform_grid,4,r0_c464_z110,active,464.0,0.0,110.0,0.627451,0.62172544,0.0,0.0
uniform_grid,4,r496_c304_z110,active,304.0,496.0,110.0,0.6431373,0.62319434,0.0,0.0
uniform_grid,4,r464_c176_z130,active,176.0,464.0,130.0,0.64705884,0.6265292,0.0,0.0
uniform_grid,4,r96_c240_z130,active,240.0,96.0,130.0,0.64705884,0.62449956,0.0,0.0
uniform_grid,4,r400_c112_z110,active,112.0,400.0,110.0,0.6509804,0.6384078,0.0,0.0
uniform_grid,4,r48_c352_z130,active,352.0,48.0,130.0,0.6431373,0.62533844,0.0,0.0
uniform_grid,4,r400_c448_z100,active,448.0,400.0,100.0,0.654902,0.6245336,0.0,0.0
uniform_grid,4,r320_c48_z110,active,48.0,320.0,110.0,0.6509804,0.6373911,0.32,0.0
uniform_grid,4,r384_c400_z130,active,400.0,384.0,130.0,0.64705884,0.62257266,0.48,0.0006291946
uniform_grid,4,r224_c416_z100,active,416.0,224.0,100.0,0.654902,0.63379,0.64,0.0
uniform_grid,4,r16_c352_z100,active,352.0,16.0,100.0,0.654902,0.62582946,0.0,0.0
uniform_grid,4,r64_c304_z110,active,304.0,64.0,110.0,0.6509804,0.63329977,0.0,0.0
uniform_grid,4,r256_c128_z130,active,128.0,256.0,130.0,0.64705884,0.63328105,0.88,0.0
uniform_grid,4,r320_c448_z130,active,448.0,320.0,130.0,0.64705884,0.627284,0.36,0.0006291946
uniform_grid,4,r0_c368_z130,active,368.0,0.0,130.0,0.6392157,0.6223865,0.0,0.0
uniform_grid,4,r384_c256_z130,active,256.0,384.0,130.0,0.64705884,0.6349507,0.88,0.0006291946
uniform_grid,4,r336_c128_z120,active,128.0,336.0,120.0,0.64705884,0.6383049,0.0,0.0
uniform_grid,4,r208_c272_z110,active,272.0,208.0,110.0,0.6509804,0.62724155,0.0,0.0
uniform_grid,4,r352_c176_z120,active,176.0,352.0,120.0,0.64705884,0.6384903,0.0,0.0
uniform_grid,4,r48_c272_z120,active,272.0,48.0,120.0,0.64705884,0.63063586,1.0,0.0
uniform_grid,4,r416_c432_z110,active,432.0,416.0,110.0,0.6509804,0.6250492,0.16,0.0
uniform_grid,4,r384_c240_z110,active,240.0,384.0,110.0,0.654902,0.6366347,0.0,0.0006291946
uniform_grid,4,r304_c96_z110,active,96.0,304.0,110.0,0.6509804,0.6385228,1.0,0.0
uniform_grid,4,r352_c336_z110,active,336.0,352.0,110.0,0.6509804,0.63412595,0.8,0.0
uniform_grid,4,r80_c48_z120,active,48.0,80.0,120.0,0.64705884,0.6271277,0.0,0.0
uniform_grid,4,r464_c32_z110,active,32.0,464.0,110.0,0.6509804,0.6245365,0.44,0.0
uniform_grid,4,r256_c240_z110,active,240.0,256.0,110.0,0.6509804,0.63246673,0.4,0.0
uniform_grid,4,r16_c0_z130,active,0.0,16.0,130.0,0.61960787,0.6183883,0.0,0.0
uniform_grid,4,r192_c96_z120,active,96.0,192.0,120.0,0.64705884,0.6305717,0.92,0.0006291946
uniform_grid,4,r32_c64_z130,active,64.0,32.0,130.0,0.63529414,0.6265116,0.04,0.0
uniform_grid,4,r400_c80_z100,active,80.0,400.0,100.0,0.654902,0.64027655,0.0,0.0
uniform_grid,4,r336_c224_z120,active,224.0,336.0,120.0,0.64705884,0.6378595,0.28,0.0
uniform_grid,4,r368_c32_z130,active,32.0,368.0,130.0,0.64705884,0.6350702,0.0,0.0
uniform_grid,4,r320_c288_z120,active,288.0,320.0,120.0,0.6509804,0.6359169,0.0,0.0
uniform_grid,5,r352_c240_z130,active,240.0,352.0,130.0,0.6431373,0.63679796,0.0,0.0006291946
uniform_grid,5,r464_c448_z110,active,448.0,464.0,110.0,0.654902,0.6205593,0.0,0.0
uniform_grid,5,r48_c368_z100,active,368.0,48.0,100.0,0.654902,0.62972564,0.0,0.0
uniform_grid,5,r128_c256_z100,active,256.0,128.0,100.0,0.65882355,0.63226926,1.0,0.0
uniform_grid,5,r128_c256_z120,active,256.0,128.0,120.0,0.6509804,0.62641275,1.0,0.0
uniform_grid,5,r32_c240_z120,active,240.0,32.0,120.0,0.64705884,0.6329242,0.0,0.0
uniform_grid,5,r224_c32_z120,active,32.0,224.0,120.0,0.6392157,0.62907076,0.0,0.0006291946
uniform_grid,5,r464_c448_z130,active,448.0,464.0,130.0,0.64705884,0.6192263,0.0,0.0
uniform_grid,5,r416_c496_z100,active,496.0,416.0,100.0,0.64705884,0.6229102,0.0,0.0
uniform_grid,5,r80_c256_z110,active,256.0,80.0,110.0,0.6509804,0.6341483,0.0,0.0
uniform_grid,5,r288_c384_z100,active,384.0,288.0,100.0,0.654902,0.63599175,0.04,0.0
uniform_grid,5,r352_c320_z130,active,320.0,352.0,130.0,0.64705884,0.63481355,0.0,0.0
uniform_grid,5,r160_c368_z130,active,368.0,160.0,130.0,0.64705884,0.631323,0.28,0.0
uniform_grid,5,r496_c112_z120,active,112.0,496.0,120.0,0.6392157,0.62247145,0.4,0.0
uniform_grid,5,r432_c384_z100,active,384.0,432.0,100.0,0.654902,0.62213206,0.4,0.0
uniform_grid,5,r336_c432_z120,active,432.0,336.0,120.0,0.64705884,0.62819344,0.4,0.0006291946
uniform_grid,5,r192_c208_z120,active,208.0,192.0,120.0,0.6509804,0.62813675,0.36,0.0
uniform_grid,5,r32_c192_z110,active,192.0,32.0,110.0,0.6431373,0.63065505,0.0,0.0006291946
uniform_grid,5,r400_c192_z120,active,192.0,400.0,120.0,0.64705884,0.6338117,0.4,0.0006291946
uniform_grid,5,r336_c384_z130,active,384.0,336.0,130.0,0.64705884,0.6283079,0.08,0.0006291946
uniform_grid,5,r144_c32_z120,active,32.0,144.0,120.0,0.64705884,0.62955135,0.0,0.0006291946
uniform_grid,5,r240_c224_z100,active,224.0,240.0,100.0,0.654902,0.6317463,0.52,0.0
uniform_grid,5,r80_c192_z130,active,192.0,80.0,130.0,0.64705884,0.6270361,0.16,0.0006291946
uniform_grid,5,r224_c272_z100,active,272.0,224.0,100.0,0.6509804,0.6295741,0.4,0.0
uniform_grid,5,r352_c352_z120,active,352.0,352.0,120.0,0.64705884,0.6318992,0.96,0.0006291946
uniform_grid,5,r48_c144_z100,active,144.0,48.0,100.0,0.65882355,0.630893,0.0,0.0
uniform_grid,5,r208_c0_z130,active,0.0,208.0,130.0,0.6392157,0.62671727,0.0,0.0
uniform_grid,5,r112_c208_z120,active,208.0,112.0,120.0,0.6509804,0.62894505,0.08,0.0
uniform_grid,5,r16_c48_z120,active,48.0,16.0,120.0,0.6313726,0.62590665,0.0,0.0
uniform_grid,5,r304_c64_z100,active,64.0,304.0,100.0,0.6509804,0.63793737,0.24,0.0
uniform_grid,5,r336_c32_z100,active,32.0,336.0,100.0,0.6509804,0.6376641,0.96,0.0
uniform_grid,5,r336_c192_z130,active,192.0,336.0,130.0,0.64705884,0.6372317,0.16,0.0
uniform_grid,5,r96_c352_z120,active,352.0,96.0,120.0,0.64705884,0.63397914,0.0,0.0
uniform_grid,5,r480_c288_z100,active,288.0,480.0,100.0,0.65882355,0.62618655,0.76,0.0
uniform_grid,5,r416_c304_z120,active,304.0,416.0,120.0,0.6509804,0.6325916,0.64,0.0006291946
uniform_grid,5,r224_c320_z110,active,320.0,224.0,110.0,0.64705884,0.63235587,0.24,0.0
uniform_grid,5,r256_c48_z110,active,48.0,256.0,110.0,0.6431373,0.6335564,0.0,0.0
uniform_grid,5,r192_c192_z110,active,192.0,192.0,110.0,0.654902,0.63026035,0.0,0.0
uniform_grid,5,r368_c96_z130,active,96.0,368.0,130.0,0.64705884,0.63841647,0.0,0.0
uniform_grid,5,r400_c384_z110,active,384.0,400.0,110.0,0.654902,0.62478244,0.32,0.0006291946
uniform_grid,5,r272_c368_z110,active,368.0,272.0,110.0,0.654902,0.6360545,0.24,0.0
uniform_grid,5,r128_c144_z120,active,144.0,128.0,120.0,0.6509804,0.62998724,0.24,0.0
uniform_grid,5,r32_c352_z120,active,352.0,32.0,120.0,0.6509804,0.6254947,0.0,0.0
uniform_grid,5,r96_c96_z100,active,96.0,96.0,100.0,0.6509804,0.63313514,0.8,0.0
uniform_grid,5,r192_c416_z130,active,416.0,192.0,130.0,0.64705884,0.62846744,0.0,0.0
uniform_grid,5,r176_c464_z100,active,464.0,176.0,100.0,0.6509804,0.63255167,0.0,0.0
uniform_grid,5,r464_c336_z100,active,336.0,464.0,100.0,0.6509804,0.6243995,0.0,0.0006291946
uniform_grid,5,r160_c48_z100,active,48.0,160.0,100.0,0.6509804,0.6350912,0.08,0.0006291946
uniform_grid,5,r240_c368_z100,active,368.0,240.0,100.0,0.65882355,0.6361801,0.0,0.0
uniform_grid,5,r352_c256_z120,active,256.0,352.0,120.0,0.64705884,0.6371548,0.8,0.0006291946
uniform_grid,5,r416_c464_z120,active,464.0,416.0,120.0,0.6509804,0.624197,0.0,0.0
uniform_grid,5,r464_c288_z130,active,288.0,464.0,130.0,0.64705884,0.6248691,0.24,0.0
uniform_grid,5,r48_c32_z130,active,32.0,48.0,130.0,0.6392157,0.6241012,0.4,0.0
uniform_grid,5,r96_c384_z100,active,384.0,96.0,100.0,0.65882355,0.6356667,0.0,0.0
uniform_grid,5,r240_c176_z130,active,176.0,240.0,130.0,0.64705884,0.6316572,0.0,0.0
uniform_grid,5,r128_c320_z100,active,320.0,128.0,100.0,0.654902,0.63559514,1.0,0.0
uniform_grid,5,r464_c400_z130,active,400.0,464.0,130.0,0.6431373,0.61778957,0.0,0.0
uniform_grid,5,r320_c448_z110,active,448.0,320.0,110.0,0.6509804,0.63089335,0.36,0.0006291946
uniform_grid,5,r0_c64_z110,active,64.0,0.0,110.0,0.627451,0.62630165,0.0,0.0
uniform_grid,5,r240_c176_z110,active,176.0,240.0,110.0,0.6509804,0.6328759,0.0,0.0
uniform_grid,5,r336_c400_z110,active,400.0,336.0,110.0,0.6509804,0.6299985,0.28,0.0006291946
uniform_grid,5,r160_c464_z110,active,464.0,160.0,110.0,0.654902,0.629285,0.4,0.0
uniform_grid,5,r416_c160_z130,active,160.0,416.0,130.0,0.64705884,0.6325453,0.36,0.0006291946
uniform_grid,5,r112_c192_z110,active,192.0,112.0,110.0,0.6509804,0.6319349,0.24,0.0
uniform_grid,5,r32_c208_z130,active,208.0,32.0,130.0,0.6392157,0.62995464,0.44,0.0006291946
uniform_grid,5,r32_c304_z130,active,304.0,32.0,130.0,0.64705884,0.62399065,1.0,0.0
uniform_grid,5,r496_c192_z100,active,192.0,496.0,100.0,0.654902,0.62600166,0.16,0.0
uniform_grid,5,r224_c352_z120,active,352.0,224.0,120.0,0.64705884,0.63093543,0.0,0.0
uniform_grid,5,r80_c128_z130,active,128.0,80.0,130.0,0.64705884,0.6258517,0.0,0.0006291946
uniform_grid,5,r320_c0_z120,active,0.0,320.0,120.0,0.64705884,0.6358434,0.0,0.0
uniform_grid,5,r352_c480_z120,active,480.0,352.0,120.0,0.6509804,0.6270247,1.0,0.0006291946
uniform_grid,5,r464_c128_z100,active,128.0,464.0,100.0,0.654902,0.63155556,0.36,0.0
uniform_grid,5,r208_c368_z110,active,368.0,208.0,110.0,0.6509804,0.6334507,0.16,0.0
uniform_grid,5,r288_c32_z110,active,32.0,288.0,110.0,0.64705884,0.6352741,0.04,0.0
uniform_grid,5,r32_c304_z110,active,304.0,32.0,110.0,0.6509804,0.6288668,1.0,0.0
uniform_grid,5,r272_c480_z100,active,480.0,272.0,100.0,0.6509804,0.6325794,0.04,0.0006291946
uniform_grid,5,r208_c64_z120,active,64.0,208.0,120.0,0.6431373,0.6304946,0.0,0.0006291946
uniform_grid,5,r112_c288_z120,active,288.0,112.0,120.0,0.6509804,0.6308306,0.0,0.0
uniform_grid,5,r320_c128_z110,active,128.0,320.0,110.0,0.6509804,0.63870406,0.84,0.0
uniform_grid,5,r272_c64_z120,active,64.0,272.0,120.0,0.64705884,0.6350175,0.76,0.0
uniform_grid,5,r416_c240_z110,active,240.0,416.0,110.0,0.6509804,0.6341917,0.12,0.0
uniform_grid,5,r304_c192_z110,active,192.0,304.0,110.0,0.654902,0.63754666,0.72,0.0
weak_only,0,r240_c32_z100,initial,32.0,240.0,100.0,0.63529414,0.6313318,0.0,0.0
weak_only,0,r304_c256_z110,initial,256.0,304.0,110.0,0.6509804,0.6377591,0.8,0.0
weak_only,0,r208_c160_z110,initial,160.0,208.0,110.0,0.6509804,0.62954664,0.0,0.0
weak_only,0,r128_c368_z110,initial,368.0,128.0,110.0,0.6509804,0.63548833,0.2,0.0
weak_only,0,r368_c208_z130,initial,208.0,368.0,130.0,0.6431373,0.6351592,0.12,0.0
weak_only,0,r320_c496_z120,initial,496.0,320.0,120.0,0.6509804,0.6248631,0.0,0.0006291946
weak_only,0,r368_c96_z110,initial,96.0,368.0,110.0,0.654902,0.6404708,0.0,0.0
weak_only,0,r240_c384_z120,initial,384.0,240.0,120.0,0.6509804,0.6311829,0.24,0.0
weak_only,0,r64_c224_z130,initial,224.0,64.0,130.0,0.6431373,0.6295667,0.32,0.0
weak_only,0,r192_c32_z130,initial,32.0,192.0,130.0,0.6431373,0.628325,0.0,0.0006291946
weak_only,0,r496_c208_z130,initial,208.0,496.0,130.0,0.6392157,0.6227197,0.0,0.0
weak_only,0,r208_c240_z120,initial,240.0,208.0,120.0,0.64705884,0.62746197,0.2,0.0
weak_only,0,r240_c432_z130,initial,432.0,240.0,130.0,0.64705884,0.62672764,0.0,0.0
weak_only,0,r64_c0_z120,initial,0.0,64.0,120.0,0.627451,0.61874074,0.0,0.0
weak_only,0,r144_c176_z130,initial,176.0,144.0,130.0,0.6431373,0.62786317,0.92,0.0
weak_only,0,r448_c0_z120,initial,0.0,448.0,120.0,0.64705884,0.62637913,0.0,0.0
weak_only,0,r416_c496_z130,initial,496.0,416.0,130.0,0.6392157,0.6224537,0.0,0.0
weak_only,0,r112_c272_z130,initial,272.0,112.0,130.0,0.64705884,0.626613,0.76,0.0
weak_only,0,r304_c240_z120,initial,240.0,304.0,120.0,0.6509804,0.6380841,0.64,0.0
weak_only,0,r256_c48_z100,initial,48.0,256.0,100.0,0.6431373,0.6334146,0.0,0.0
weak_only,0,r384_c480_z100,initial,480.0,384.0,100.0,0.654902,0.6261505,0.76,0.0
weak_only,0,r352_c464_z110,initial,464.0,352.0,110.0,0.654902,0.6281112,1.0,0.0006291946
weak_only,0,r320_c64_z120,initial,64.0,320.0,120.0,0.64705884,0.6377163,0.04,0.0
weak_only,0,r208_c240_z100,initial,240.0,208.0,100.0,0.654902,0.6288754,0.2,0.0
weak_only,0,r160_c208_z110,initial,208.0,160.0,110.0,0.6509804,0.6311261,0.24,0.0
weak_only,0,r496_c464_z110,initial,464.0,496.0,110.0,0.6313726,0.6161498,0.0,0.0
weak_only,0,r480_c64_z130,initial,64.0,480.0,130.0,0.6392157,0.62165666,0.0,0.0
weak_only,0,r48_c272_z110,initial,272.0,48.0,110.0,0.6509804,0.6339888,1.0,0.0
weak_only,0,r400_c208_z110,initial,208.0,400.0,110.0,0.6509804,0.633617,0.24,0.0006291946
weak_only,0,r352_c432_z110,initial,432.0,352.0,110.0,0.64705884,0.6278518,0.24,0.0006291946
weak_only,0,r176_c208_z100,initial,208.0,176.0,100.0,0.6509804,0.63124746,0.0,0.0
weak_only,0,r400_c384_z120,initial,384.0,400.0,120.0,0.64705884,0.6242475,0.32,0.0006291946
weak_only,0,r64_c192_z100,initial,192.0,64.0,100.0,0.654902,0.63060313,1.0,0.0006291946
weak_only,0,r464_c304_z120,initial,304.0,464.0,120.0,0.6509804,0.6249385,0.04,0.0006291946
weak_only,0,r304_c480_z100,initial,480.0,304.0,100.0,0.6509804,0.63201165,1.0,0.0006291946
weak_only,0,r384_c80_z120,initial,80.0,384.0,120.0,0.6509804,0.6402904,0.32,0.0
weak_only,0,r208_c304_z120,initial,304.0,208.0,120.0,0.6509804,0.63155174,0.2,0.0
weak_only,0,r304_c480_z130,initial,480.0,304.0,130.0,0.6431373,0.6252048,1.0,0.0006291946
weak_only,0,r384_c336_z120,initial,336.0,384.0,120.0,0.6509804,0.6329618,0.04,0.0006291946
weak_only,0,r304_c240_z110,initial,240.0,304.0,110.0,0.654902,0.6381485,0.64,0.0
weak_only,0,r432_c64_z120,initial,64.0,432.0,120.0,0.64705884,0.635173,0.0,0.0
weak_only,0,r160_c432_z100,initial,432.0,160.0,100.0,0.65882355,0.63393974,0.0,0.0
weak_only,0,r320_c496_z110,initial,496.0,320.0,110.0,0.654902,0.6256395,0.0,0.0006291946
weak_only,0,r256_c128_z110,initial,128.0,256.0,110.0,0.6509804,0.6341172,0.88,0.0
weak_only,0,r400_c176_z110,initial,176.0,400.0,110.0,0.6509804,0.6359129,0.56,0.0012583892
weak_only,0,r128_c272_z130,initial,272.0,128.0,130.0,0.64705884,0.6261245,0.2,0.0
weak_only,0,r368_c0_z110,initial,0.0,368.0,110.0,0.64705884,0.63724476,0.0,0.0
weak_only,0,r368_c96_z120,initial,96.0,368.0,120.0,0.64705884,0.6397181,0.0,0.0
weak_only,0,r64_c80_z130,initial,80.0,64.0,130.0,0.6431373,0.6276759,0.52,0.0
weak_only,0,r288_c32_z120,initial,32.0,288.0,120.0,0.6392157,0.63468546,0.04,0.0
weak_only,0,r64_c336_z100,initial,336.0,64.0,100.0,0.6509804,0.637214,0.0,0.0
weak_only,0,r320_c368_z110,initial,368.0,320.0,110.0,0.654902,0.6330209,0.0,0.0
weak_only,0,r208_c480_z130,initial,480.0,208.0,130.0,0.6431373,0.6253274,0.48,0.0
weak_only,0,r176_c448_z120,initial,448.0,176.0,120.0,0.64705884,0.6275907,0.0,0.0
weak_only,0,r384_c272_z120,initial,272.0,384.0,120.0,0.6509804,0.6360237,0.48,0.0
weak_only,0,r96_c416_z110,initial,416.0,96.0,110.0,0.654902,0.6307809,0.0,0.0
weak_only,0,r448_c64_z100,initial,64.0,448.0,100.0,0.654902,0.63510525,1.0,0.0
weak_only,0,r240_c320_z100,initial,320.0,240.0,100.0,0.6509804,0.6312521,0.2,0.0
weak_only,0,r32_c336_z110,initial,336.0,32.0,110.0,0.6509804,0.6282641,0.88,0.0
weak_only,0,r400_c272_z120,initial,272.0,400.0,120.0,0.64705884,0.63562065,0.0,0.0006291946
weak_only,0,r112_c448_z130,initial,448.0,112.0,130.0,0.64705884,0.62625843,0.0,0.0
weak_only,0,r352_c128_z110,initial,128.0,352.0,110.0,0.654902,0.63924235,0.0,0.0
weak_only,0,r432_c384_z120,initial,384.0,432.0,120.0,0.6509804,0.6216793,0.4,0.0
weak_only,0,r128_c480_z110,initial,480.0,128.0,110.0,0.6509804,0.6227231,0.12,0.0
weak_only,0,r480_c336_z110,initial,336.0,480.0,110.0,0.6509804,0.6228546,0.0,0.0
weak_only,0,r496_c144_z110,initial,144.0,496.0,110.0,0.654902,0.62470496,0.0,0.0
weak_only,0,r416_c496_z110,initial,496.0,416.0,110.0,0.64705884,0.62375,0.0,0.0
weak_only,0,r352_c48_z120,initial,48.0,352.0,120.0,0.64705884,0.63791233,0.0,0.0
weak_only,0,r48_c448_z100,initial,448.0,48.0,100.0,0.654902,0.6242431,0.0,0.0
weak_only,0,r320_c352_z130,initial,352.0,320.0,130.0,0.6431373,0.6303287,0.24,0.0
weak_only,0,r128_c400_z130,initial,400.0,128.0,130.0,0.6431373,0.62937486,0.56,0.0
weak_only,0,r256_c288_z110,initial,288.0,256.0,110.0,0.6509804,0.6307137,0.0,0.0
weak_only,0,r16_c240_z130,initial,240.0,16.0,130.0,0.63529414,0.62935233,0.0,0.0
weak_only,0,r368_c224_z100,initial,224.0,368.0,100.0,0.65882355,0.6372598,0.0,0.0006291946
weak_only,0,r272_c464_z130,initial,464.0,272.0,130.0,0.64705884,0.6268373,0.04,0.0006291946
weak_only,0,r192_c464_z130,initial,464.0,192.0,130.0,0.64705884,0.6256807,0.0,0.0
weak_only,0,r496_c0_z130,initial,0.0,496.0,130.0,0.627451,0.62064946,0.0,0.0
weak_only,0,r96_c224_z110,initial,224.0,96.0,110.0,0.64705884,0.63128704,0.12,0.0
weak_only,0,r96_c240_z120,initial,240.0,96.0,120.0,0.64705884,0.62938094,0.0,0.0
weak_only,0,r176_c304_z110,initial,304.0,176.0,110.0,0.6509804,0.6338386,0.6,0.0
weak_only,0,r464_c256_z100,initial,256.0,464.0,100.0,0.654902,0.62854475,0.0,0.0
weak_only,0,r448_c320_z130,initial,320.0,448.0,130.0,0.6431373,0.62394506,0.52,0.0006291946
weak_only,0,r176_c384_z110,initial,384.0,176.0,110.0,0.64705884,0.6343779,0.4,0.0
weak_only,0,r176_c336_z130,initial,336.0,176.0,130.0,0.64705884,0.6312671,0.12,0.0
weak_only,0,r432_c48_z110,initial,48.0,432.0,110.0,0.6509804,0.63596994,0.0,0.0
weak_only,0,r432_c416_z130,initial,416.0,432.0,130.0,0.6431373,0.61998564,0.28,0.0
weak_only,0,r304_c48_z120,initial,48.0,304.0,120.0,0.6509804,0.63549703,0.0,0.0
weak_only,0,r416_c272_z110,initial,272.0,416.0,110.0,0.6509804,0.63508713,0.08,0.0006291946
weak_only,0,r176_c240_z100,initial,240.0,176.0,100.0,0.654902,0.62948304,0.32,0.0
weak_only,0,r48_c112_z130,initial,112.0,48.0,130.0,0.6431373,0.6272068,0.96,0.0
weak_only,0,r416_c48_z110,initial,48.0,416.0,110.0,0.6509804,0.6382716,0.04,0.0
weak_only,0,r432_c16_z100,initial,16.0,432.0,100.0,0.654902,0.63292694,1.0,0.0
weak_only,0,r304_c416_z110,initial,416.0,304.0,110.0,0.6509804,0.63014543,0.0,0.0006291946
weak_only,0,r144_c224_z100,initial,224.0,144.0,100.0,0.65882355,0.6304876,0.0,0.0
weak_only,0,r144_c480_z100,initial,480.0,144.0,100.0,0.65882355,0.6271732,1.0,0.0
weak_only,0,r32_c448_z100,initial,448.0,32.0,100.0,0.654902,0.623035,0.0,0.0
weak_only,0,r64_c384_z130,initial,384.0,64.0,130.0,0.64705884,0.6252906,0.0,0.0
weak_only,0,r352_c496_z130,initial,496.0,352.0,130.0,0.64705884,0.62441367,0.0,0.0
weak_only,0,r304_c192_z100,initial,192.0,304.0,100.0,0.654902,0.63714886,0.72,0.0
weak_only,0,r304_c416_z120,initial,416.0,304.0,120.0,0.6509804,0.62860715,0.0,0.0006291946
weak_only,0,r112_c16_z120,initial,16.0,112.0,120.0,0.6431373,0.62470734,0.0,0.0006291946
weak_only,0,r176_c144_z100,initial,144.0,176.0,100.0,0.654902,0.6335267,0.0,0.0
weak_only,0,r496_c160_z110,initial,160.0,496.0,110.0,0.64705884,0.6248448,0.0,0.0
weak_only,0,r16_c336_z130,initial,336.0,16.0,130.0,0.64705884,0.62326044,0.0,0.0
weak_only,0,r368_c288_z120,initial,288.0,368.0,120.0,0.6509804,0.6367072,0.0,0.0
weak_only,0,r368_c48_z110,initial,48.0,368.0,110.0,0.6509804,0.6396495,0.0,0.0
weak_only,0,r48_c464_z110,initial,464.0,48.0,110.0,0.64705884,0.62229806,0.0,0.0
weak_only,0,r480_c80_z120,initial,80.0,480.0,120.0,0.6431373,0.62306696,0.36,0.0
weak_only,0,r352_c80_z110,initial,80.0,352.0,110.0,0.6509804,0.6403112,0.0,0.0
weak_only,0,r320_c144_z100,initial,144.0,320.0,100.0,0.654902,0.63880575,0.4,0.0
weak_only,0,r240_c320_z120,initial,320.0,240.0,120.0,0.64705884,0.6301548,0.2,0.0
weak_only,0,r480_c384_z100,initial,384.0,480.0,100.0,0.6509804,0.6190834,0.0,0.0
weak_only,0,r176_c160_z110,initial,160.0,176.0,110.0,0.654902,0.6311915,0.52,0.0
weak_only,0,r112_c176_z100,initial,176.0,112.0,100.0,0.6509804,0.6334877,0.6,0.0
weak_only,0,r320_c160_z120,initial,160.0,320.0,120.0,0.64705884,0.6383803,0.0,0.0
weak_only,0,r368_c288_z130,initial,288.0,368.0,130.0,0.64705884,0.63571715,0.0,0.0
weak_only,0,r16_c496_z110,initial,496.0,16.0,110.0,0.627451,0.62135756,0.0,0.0
weak_only,0,r80_c256_z120,initial,256.0,80.0,120.0,0.6509804,0.63048553,0.0,0.0
weak_only,0,r368_c176_z130,initial,176.0,368.0,130.0,0.6431373,0.6368075,0.28,0.0
weak_only,0,r464_c432_z100,initial,432.0,464.0,100.0,0.654902,0.61867213,0.0,0.0
weak_only,0,r304_c16_z100,initial,16.0,304.0,100.0,0.65882355,0.6364225,0.0,0.0
weak_only,0,r256_c0_z130,initial,0.0,256.0,130.0,0.6313726,0.63128245,0.0,0.0
weak_only,0,r32_c256_z130,initial,256.0,32.0,130.0,0.64705884,0.6290823,0.0,0.0
weak_only,0,r368_c16_z110,initial,16.0,368.0,110.0,0.6509804,0.63757133,0.0,0.0
weak_only,0,r272_c256_z100,initial,256.0,272.0,100.0,0.65882355,0.6345468,0.6,0.0
weak_only,0,r80_c192_z100,initial,192.0,80.0,100.0,0.654902,0.63046706,0.16,0.0006291946
weak_only,0,r128_c80_z120,initial,80.0,128.0,120.0,0.6509804,0.6301841,0.72,0.0006291946
weak_only,0,r256_c208_z120,initial,208.0,256.0,120.0,0.64705884,0.6321063,0.0,0.0
weak_only,0,r96_c160_z120,initial,160.0,96.0,120.0,0.6509804,0.6275679,0.36,0.0006291946
weak_only,0,r112_c416_z100,initial,416.0,112.0,100.0,0.654902,0.63361067,0.0,0.0
weak_only,0,r0_c96_z120,initial,96.0,0.0,120.0,0.6313726,0.6269776,0.0,0.0
weak_only,0,r384_c272_z100,initial,272.0,384.0,100.0,0.654902,0.6371796,0.48,0.0
weak_only,0,r288_c272_z130,initial,272.0,288.0,130.0,0.64705884,0.63542527,0.52,0.0
weak_only,0,r208_c144_z110,initial,144.0,208.0,110.0,0.6509804,0.6299537,0.04,0.0006291946
weak_only,0,r128_c144_z110,initial,144.0,128.0,110.0,0.6509804,0.63274235,0.24,0.0
weak_only,0,r496_c64_z110,initial,64.0,496.0,110.0,0.6392157,0.6225457,0.0,0.0
weak_only,0,r80_c304_z120,initial,304.0,80.0,120.0,0.64705884,0.6317767,0.0,0.0
weak_only,0,r464_c80_z110,initial,80.0,464.0,110.0,0.64705884,0.629168,0.04,0.0
weak_only,0,r320_c256_z100,initial,256.0,320.0,100.0,0.654902,0.6377405,1.0,0.0
weak_only,0,r464_c80_z120,initial,80.0,464.0,120.0,0.64705884,0.6272073,0.04,0.0
weak_only,0,r496_c368_z110,initial,368.0,496.0,110.0,0.64705884,0.6190571,0.8,0.0
weak_only,0,r416_c352_z110,initial,352.0,416.0,110.0,0.6509804,0.62760425,0.96,0.0006291946
weak_only,0,r496_c432_z120,initial,432.0,496.0,120.0,0.6392157,0.6172827,0.0,0.0
weak_only,0,r288_c400_z110,initial,400.0,288.0,110.0,0.654902,0.63321507,0.72,0.0
weak_only,0,r224_c112_z120,initial,112.0,224.0,120.0,0.64705884,0.63086194,0.36,0.0006291946
weak_only,0,r176_c96_z100,initial,96.0,176.0,100.0,0.654902,0.6342409,0.56,0.0006291946
weak_only,0,r96_c128_z110,initial,128.0,96.0,110.0,0.654902,0.63018996,0.4,0.0006291946
weak_only,0,r128_c176_z100,initial,176.0,128.0,100.0,0.6509804,0.6341127,0.4,0.0
weak_only,0,r224_c416_z120,initial,416.0,224.0,120.0,0.64705884,0.630835,0.64,0.0
weak_only,0,r224_c176_z100,initial,176.0,224.0,100.0,0.6509804,0.630572,1.0,0.0
weak_only,0,r496_c464_z130,initial,464.0,496.0,130.0,0.6313726,0.6171481,0.0,0.0
weak_only,0,r272_c128_z110,initial,128.0,272.0,110.0,0.6509804,0.6358836,0.52,0.0
weak_only,0,r336_c80_z100,initial,80.0,336.0,100.0,0.654902,0.6403662,0.08,0.0
weak_only,0,r112_c96_z130,initial,96.0,112.0,130.0,0.64705884,0.6271479,0.56,0.0006291946
weak_only,0,r352_c160_z100,initial,160.0,352.0,100.0,0.65882355,0.6394358,0.12,0.0
weak_only,0,r0_c464_z100,initial,464.0,0.0,100.0,0.627451,0.6220014,0.0,0.0
weak_only,0,r368_c496_z100,initial,496.0,368.0,100.0,0.654902,0.6265488,0.0,0.0
weak_only,0,r352_c160_z110,initial,160.0,352.0,110.0,0.654902,0.6395123,0.12,0.0
weak_only,0,r96_c16_z120,initial,16.0,96.0,120.0,0.6431373,0.6214219,0.0,0.0
weak_only,0,r32_c416_z120,initial,416.0,32.0,120.0,0.64705884,0.62364286,0.0,0.0
weak_only,0,r160_c240_z100,initial,240.0,160.0,100.0,0.65882355,0.6303052,0.32,0.0
weak_only,0,r0_c32_z130,initial,32.0,0.0,130.0,0.62352943,0.6234064,0.0,0.0
weak_only,0,r208_c416_z110,initial,416.0,208.0,110.0,0.6509804,0.63365895,0.0,0.0
weak_only,0,r176_c160_z130,initial,160.0,176.0,130.0,0.64705884,0.6270339,0.52,0.0
weak_only,0,r448_c448_z120,initial,448.0,448.0,120.0,0.6509804,0.62224305,1.0,0.0
weak_only,0,r48_c256_z130,initial,256.0,48.0,130.0,0.64705884,0.6286597,1.0,0.0
weak_only,0,r416_c480_z110,initial,480.0,416.0,110.0,0.6509804,0.6243492,0.0,0.0
weak_only,0,r224_c96_z110,initial,96.0,224.0,110.0,0.654902,0.63099366,0.0,0.0006291946
weak_only,0,r240_c192_z120,initial,192.0,240.0,120.0,0.64705884,0.6322346,0.0,0.0
weak_only,0,r272_c192_z130,initial,192.0,272.0,130.0,0.64705884,0.6331011,0.0,0.0
weak_only,0,r304_c32_z120,initial,32.0,304.0,120.0,0.64705884,0.6355326,0.0,0.0
weak_only,0,r416_c272_z130,initial,272.0,416.0,130.0,0.64705884,0.6332171,0.08,0.0006291946
weak_only,0,r336_c32_z120,initial,32.0,336.0,120.0,0.64705884,0.6363174,0.96,0.0
weak_only,0,r112_c96_z120,initial,96.0,112.0,120.0,0.64705884,0.6298213,0.56,0.0006291946
weak_only,0,r96_c480_z120,initial,480.0,96.0,120.0,0.6431373,0.6220645,0.0,0.0
weak_only,0,r480_c224_z100,initial,224.0,480.0,100.0,0.6431373,0.62816954,0.0,0.0
weak_only,0,r384_c416_z110,initial,416.0,384.0,110.0,0.654902,0.6258294,0.2,0.0006291946
weak_only,0,r336_c208_z110,initial,208.0,336.0,110.0,0.6509804,0.6378777,0.8,0.0
weak_only,0,r80_c48_z110,initial,48.0,80.0,110.0,0.6509804,0.6276998,0.0,0.0
weak_only,0,r112_c208_z130,initial,208.0,112.0,130.0,0.64705884,0.62590295,0.08,0.0
weak_only,0,r432_c432_z100,initial,432.0,432.0,100.0,0.654902,0.62215364,0.24,0.0
weak_only,0,r272_c208_z100,initial,208.0,272.0,100.0,0.65882355,0.6332985,0.2,0.0
weak_only,0,r32_c144_z130,initial,144.0,32.0,130.0,0.64705884,0.6253584,0.0,0.0
weak_only,0,r112_c368_z130,initial,368.0,112.0,130.0,0.64705884,0.63037455,0.16,0.0
weak_only,0,r48_c208_z120,initial,208.0,48.0,120.0,0.6392157,0.632088,0.8,0.0006291946
weak_only,0,r64_c0_z130,initial,0.0,64.0,130.0,0.627451,0.61677504,0.0,0.0
weak_only,0,r80_c304_z130,initial,304.0,80.0,130.0,0.6431373,0.6285355,0.0,0.0
weak_only,0,r176_c192_z100,initial,192.0,176.0,100.0,0.6509804,0.63152146,0.0,0.0
weak_only,0,r192_c32_z100,initial,32.0,192.0,100.0,0.6509804,0.632517,0.0,0.0006291946
weak_only,0,r496_c320_z120,initial,320.0,496.0,120.0,0.6392157,0.62163067,1.0,0.0
weak_only,0,r16_c496_z130,initial,496.0,16.0,130.0,0.627451,0.62082833,0.0,0.0
weak_only,0,r368_c0_z120,initial,0.0,368.0,120.0,0.64705884,0.63599974,0.0,0.0
weak_only,0,r96_c304_z130,initial,304.0,96.0,130.0,0.6431373,0.6297477,0.0,0.0
weak_only,0,r496_c496_z120,initial,496.0,496.0,120.0,0.6313726,0.61673385,0.0,0.0
weak_only,0,r320_c96_z130,initial,96.0,320.0,130.0,0.64705884,0.63740647,0.36,0.0
weak_only,0,r464_c96_z130,initial,96.0,464.0,130.0,0.64705884,0.6263251,0.24,0.0
weak_only,0,r496_c256_z120,initial,256.0,496.0,120.0,0.6431373,0.6237978,0.12,0.0
weak_only,0,r224_c416_z110,initial,416.0,224.0,110.0,0.6509804,0.63324475,0.64,0.0
weak_only,0,r32_c432_z110,initial,432.0,32.0,110.0,0.6509804,0.6232435,0.0,0.0
weak_only,0,r192_c432_z110,initial,432.0,192.0,110.0,0.6509804,0.63035744,0.0,0.0
weak_only,0,r240_c496_z100,initial,496.0,240.0,100.0,0.64705884,0.6266561,0.0,0.0006291946
weak_only,0,r400_c272_z110,initial,272.0,400.0,110.0,0.6509804,0.6361859,0.0,0.0006291946
weak_only,0,r496_c368_z130,initial,368.0,496.0,130.0,0.6431373,0.6178713,0.8,0.0
weak_only,0,r304_c352_z120,initial,352.0,304.0,120.0,0.6431373,0.63257486,0.2,0.0
weak_only,0,r464_c192_z110,initial,192.0,464.0,110.0,0.654902,0.6279545,0.0,0.0
weak_only,1,r496_c496_z130,active,496.0,496.0,130.0,0.627451,0.6165047,0.0,0.0
weak_only,1,r480_c496_z130,active,496.0,480.0,130.0,0.6313726,0.6180167,0.0,0.0
weak_only,1,r0_c0_z130,active,0.0,0.0,130.0,0.62352943,0.6184926,0.0,0.0
weak_only,1,r16_c0_z130,active,0.0,16.0,130.0,0.61960787,0.6183883,0.0,0.0
weak_only,1,r32_c0_z130,active,0.0,32.0,130.0,0.62352943,0.6180954,0.0,0.0
weak_only,1,r464_c496_z130,active,496.0,464.0,130.0,0.63529414,0.6192196,0.0,0.0
weak_only,1,r48_c0_z130,active,0.0,48.0,130.0,0.62352943,0.61763257,0.0,0.0
weak_only,1,r496_c480_z130,active,480.0,496.0,130.0,0.627451,0.61691874,0.0,0.0
weak_only,1,r448_c496_z130,active,496.0,448.0,130.0,0.6431373,0.62058675,0.0,0.0
weak_only,1,r0_c496_z130,active,496.0,0.0,130.0,0.61960787,0.620434,0.0,0.0
weak_only,1,r48_c16_z130,active,16.0,48.0,130.0,0.627451,0.6212572,0.0,0.0
weak_only,1,r480_c496_z120,active,496.0,480.0,120.0,0.6313726,0.618435,0.0,0.0
weak_only,1,r0_c16_z130,active,16.0,0.0,130.0,0.62352943,0.6212415,0.0,0.0
weak_only,1,r32_c16_z130,active,16.0,32.0,130.0,0.627451,0.6213649,0.0,0.0
weak_only,1,r16_c16_z130,active,16.0,16.0,130.0,0.62352943,0.6213838,0.0,0.0
weak_only,1,r0_c480_z130,active,480.0,0.0,130.0,0.62352943,0.6208104,0.0,0.0
weak_only,1,r64_c16_z130,active,16.0,64.0,130.0,0.63529414,0.62089056,0.0,0.0
weak_only,1,r144_c496_z130,active,496.0,144.0,130.0,0.6431373,0.622135,0.0,0.0
weak_only,1,r80_c0_z130,active,0.0,80.0,130.0,0.627451,0.6165434,0.0,0.0
weak_only,1,r480_c480_z130,active,480.0,480.0,130.0,0.6313726,0.61825424,0.0,0.0
weak_only,1,r48_c496_z130,active,496.0,48.0,130.0,0.6313726,0.6209958,0.0,0.0
weak_only,1,r0_c496_z120,active,496.0,0.0,120.0,0.62352943,0.62083113,0.0,0.0
weak_only,1,r160_c496_z130,active,496.0,160.0,130.0,0.64705884,0.62311363,0.4,0.0
weak_only,1,r16_c480_z130,active,480.0,16.0,130.0,0.627451,0.62126964,0.0,0.0
weak_only,1,r32_c496_z130,active,496.0,32.0,130.0,0.6313726,0.6211035,0.24,0.0
weak_only,1,r464_c496_z120,active,496.0,464.0,120.0,0.63529414,0.61998063,0.0,0.0
weak_only,1,r0_c464_z130,active,464.0,0.0,130.0,0.62352943,0.62122285,0.0,0.0
weak_only,1,r432_c496_z130,active,496.0,432.0,130.0,0.6431373,0.6216581,0.0,0.0
weak_only,1,r128_c496_z130,active,496.0,128.0,130.0,0.6431373,0.6215987,0.0,0.0
weak_only,1,r48_c480_z130,active,480.0,48.0,130.0,0.63529414,0.6213507,0.0,0.0
weak_only,1,r16_c496_z120,active,496.0,16.0,120.0,0.627451,0.62117743,0.0,0.0
weak_only,1,r496_c496_z110,active,496.0,496.0,110.0,0.6313726,0.6153875,0.0,0.0
weak_only,1,r80_c16_z130,active,16.0,80.0,130.0,0.6431373,0.6201994,0.0,0.0
weak_only,1,r64_c496_z130,active,496.0,64.0,130.0,0.63529414,0.6207642,0.0,0.0
weak_only,1,r0_c0_z120,active,0.0,0.0,120.0,0.62352943,0.61914355,0.0,0.0
weak_only,1,r16_c0_z120,active,0.0,16.0,120.0,0.61960787,0.61903876,0.0,0.0
weak_only,1,r496_c480_z120,active,480.0,496.0,120.0,0.627451,0.6173699,0.0,0.0
weak_only,1,r32_c480_z130,active,480.0,32.0,130.0,0.6313726,0.6214386,1.0,0.0
weak_only,1,r112_c496_z130,active,496.0,112.0,130.0,0.6392157,0.6208789,0.0,0.0
weak_only,1,r96_c496_z130,active,496.0,96.0,130.0,0.6392157,0.62037873,0.0,0.0
weak_only,1,r0_c496_z110,active,496.0,0.0,110.0,0.62352943,0.6212042,0.0,0.0
weak_only,1,r32_c496_z120,active,496.0,32.0,120.0,0.6313726,0.6215557,0.24,0.0
weak_only,1,r0_c480_z120,active,480.0,0.0,120.0,0.62352943,0.6211213,0.0,0.0
weak_only,1,r464_c480_z130,active,480.0,464.0,130.0,0.6392157,0.61915636,0.0,0.0
weak_only,1,r80_c496_z130,active,496.0,80.0,130.0,0.63529414,0.6203725,0.0,0.0
weak_only,1,r16_c464_z130,active,464.0,16.0,130.0,0.627451,0.6216772,0.24,0.0
weak_only,1,r448_c496_z120,active,496.0,448.0,120.0,0.64705884,0.6211281,0.0,0.0
weak_only,1,r32_c464_z130,active,464.0,32.0,130.0,0.63529414,0.6217909,0.12,0.0
weak_only,1,r96_c0_z130,active,0.0,96.0,130.0,0.6313726,0.6173382,0.0,0.0
weak_only,1,r32_c0_z120,active,0.0,32.0,120.0,0.62352943,0.61885476,0.0,0.0
weak_only,1,r16_c480_z120,active,480.0,16.0,120.0,0.627451,0.6215748,0.0,0.0
weak_only,1,r144_c496_z120,active,496.0,144.0,120.0,0.64705884,0.6226216,0.0,0.0
weak_only,1,r480_c496_z110,active,496.0,480.0,110.0,0.6313726,0.61735046,0.0,0.0
weak_only,1,r448_c480_z130,active,480.0,448.0,130.0,0.6431373,0.62040126,0.0,0.0
weak_only,1,r432_c480_z130,active,480.0,432.0,130.0,0.6431373,0.62167907,0.0,0.0
weak_only,1,r48_c464_z130,active,464.0,48.0,130.0,0.6392157,0.6216408,0.0,0.0
weak_only,1,r0_c16_z120,active,16.0,0.0,120.0,0.62352943,0.6218593,0.0,0.0
weak_only,1,r64_c480_z130,active,480.0,64.0,130.0,0.63529414,0.62109596,0.0,0.0
weak_only,1,r48_c0_z120,active,0.0,48.0,120.0,0.627451,0.6185371,0.0,0.0
weak_only,1,r0_c448_z130,active,448.0,0.0,130.0,0.627451,0.62150645,0.0,0.0
weak_only,1,r32_c480_z120,active,480.0,32.0,120.0,0.63529414,0.62173194,1.0,0.0
weak_only,1,r16_c16_z120,active,16.0,16.0,120.0,0.627451,0.6220275,0.0,0.0
weak_only,1,r0_c0_z100,active,0.0,0.0,100.0,0.62352943,0.61986125,0.0,0.0
weak_only,1,r0_c0_z110,active,0.0,0.0,110.0,0.62352943,0.6192532,0.0,0.0
weak_only,1,r80_c480_z130,active,480.0,80.0,130.0,0.63529414,0.620847,0.0,0.0
weak_only,1,r144_c480_z130,active,480.0,144.0,130.0,0.64705884,0.62198544,1.0,0.0
weak_only,1,r48_c496_z120,active,496.0,48.0,120.0,0.6313726,0.62131214,0.0,0.0
weak_only,1,r32_c16_z120,active,16.0,32.0,120.0,0.627451,0.62215275,0.0,0.0
weak_only,1,r432_c496_z120,active,496.0,432.0,120.0,0.64705884,0.62244254,0.0,0.0
weak_only,1,r464_c496_z110,active,496.0,464.0,110.0,0.6431373,0.6193575,0.0,0.0
weak_only,1,r112_c0_z130,active,0.0,112.0,130.0,0.6313726,0.6180855,0.0,0.0006291946
weak_only,1,r96_c480_z130,active,480.0,96.0,130.0,0.6392157,0.62132835,0.0,0.0
weak_only,1,r128_c496_z120,active,496.0,128.0,120.0,0.64705884,0.62196743,0.0,0.0
weak_only,1,r496_c496_z100,active,496.0,496.0,100.0,0.6313726,0.6141428,0.0,0.0
weak_only,1,r480_c480_z120,active,480.0,480.0,120.0,0.6313726,0.61890906,0.0,0.0
weak_only,1,r32_c496_z110,active,496.0,32.0,110.0,0.6313726,0.62159777,0.24,0.0
weak_only,1,r112_c480_z130,active,480.0,112.0,130.0,0.6431373,0.6215807,0.0,0.0
weak_only,1,r48_c16_z120,active,16.0,48.0,120.0,0.627451,0.62208015,0.0,0.0
weak_only,1,r128_c480_z130,active,480.0,128.0,130.0,0.6431373,0.6217785,0.12,0.0
weak_only,1,r16_c0_z110,active,0.0,16.0,110.0,0.62352943,0.61947286,0.0,0.0
weak_only,1,r32_c448_z130,active,448.0,32.0,130.0,0.6431373,0.6221154,0.0,0.0
weak_only,1,r64_c32_z130,active,32.0,64.0,130.0,0.64705884,0.62425584,0.64,0.0
weak_only,2,r0_c16_z110,active,16.0,0.0,110.0,0.62352943,0.62198114,0.0,0.0
weak_only,2,r16_c32_z130,active,32.0,16.0,130.0,0.627451,0.62369585,0.0,0.0
weak_only,2,r0_c32_z120,active,32.0,0.0,120.0,0.62352943,0.6240126,0.0,0.0
weak_only,2,r32_c32_z130,active,32.0,32.0,130.0,0.627451,0.6239031,0.0,0.0
weak_only,2,r48_c32_z130,active,32.0,48.0,130.0,0.6392157,0.6241012,0.4,0.0
weak_only,2,r16_c16_z110,active,16.0,16.0,110.0,0.627451,0.6221071,0.0,0.0
weak_only,2,r32_c0_z110,active,0.0,32.0,110.0,0.62352943,0.620059,0.0,0.0
weak_only,2,r16_c32_z120,active,32.0,16.0,120.0,0.627451,0.6243427,0.0,0.0
weak_only,2,r64_c16_z120,active,16.0,64.0,120.0,0.6431373,0.62164843,0.0,0.0
weak_only,2,r0_c48_z130,active,48.0,0.0,130.0,0.627451,0.6249245,0.0,0.0
weak_only,2,r0_c16_z100,active,16.0,0.0,100.0,0.62352943,0.6217998,0.0,0.0
weak_only,2,r0_c32_z110,active,32.0,0.0,110.0,0.627451,0.6240645,0.0,0.0
weak_only,2,r16_c0_z100,active,0.0,16.0,100.0,0.62352943,0.6205406,0.0,0.0
weak_only,2,r0_c48_z120,active,48.0,0.0,120.0,0.627451,0.62551916,0.0,0.0
weak_only,2,r32_c16_z110,active,16.0,32.0,110.0,0.627451,0.62219495,0.0,0.0
weak_only,2,r32_c32_z120,active,32.0,32.0,120.0,0.627451,0.62468016,0.0,0.0
weak_only,2,r16_c48_z130,active,48.0,16.0,130.0,0.6313726,0.62528574,0.0,0.0
weak_only,2,r48_c16_z110,active,16.0,48.0,110.0,0.63529414,0.6221677,0.0,0.0
weak_only,2,r48_c32_z120,active,32.0,48.0,120.0,0.64705884,0.62504786,0.4,0.0
weak_only,2,r16_c16_z100,active,16.0,16.0,100.0,0.627451,0.6219704,0.0,0.0
weak_only,2,r64_c32_z120,active,32.0,64.0,120.0,0.64705884,0.6250723,0.64,0.0
weak_only,2,r0_c64_z130,active,64.0,0.0,130.0,0.627451,0.6257537,0.0,0.0
weak_only,2,r16_c48_z120,active,48.0,16.0,120.0,0.6313726,0.62590665,0.0,0.0
weak_only,2,r48_c48_z130,active,48.0,48.0,130.0,0.64705884,0.6258037,0.0,0.0
weak_only,2,r32_c48_z130,active,48.0,32.0,130.0,0.6313726,0.6256458,0.56,0.0
weak_only,2,r16_c32_z110,active,32.0,16.0,110.0,0.627451,0.624391,0.0,0.0
weak_only,2,r32_c0_z100,active,0.0,32.0,100.0,0.62352943,0.6213379,0.0,0.0
weak_only,2,r48_c0_z110,active,0.0,48.0,110.0,0.627451,0.62054145,0.0,0.0
weak_only,2,r32_c16_z100,active,16.0,32.0,100.0,0.627451,0.6219955,0.0,0.0
weak_only,2,r0_c32_z100,active,32.0,0.0,100.0,0.627451,0.6239076,0.0,0.0
weak_only,2,r0_c48_z110,active,48.0,0.0,110.0,0.627451,0.625476,0.0,0.0
weak_only,2,r0_c64_z120,active,64.0,0.0,120.0,0.627451,0.62636864,0.0,0.0
weak_only,2,r80_c0_z120,active,0.0,80.0,120.0,0.627451,0.6189667,0.0,0.0
weak_only,2,r0_c80_z130,active,80.0,0.0,130.0,0.627451,0.626154,0.0,0.0
weak_only,2,r32_c48_z120,active,48.0,32.0,120.0,0.6392157,0.6264322,0.56,0.0
weak_only,2,r48_c48_z120,active,48.0,48.0,120.0,0.64705884,0.6266617,0.0,0.0
weak_only,2,r32_c32_z110,active,32.0,32.0,110.0,0.627451,0.6247145,0.0,0.0
weak_only,2,r32_c64_z130,active,64.0,32.0,130.0,0.63529414,0.6265116,0.04,0.0
weak_only,2,r48_c32_z110,active,32.0,48.0,110.0,0.6509804,0.62529737,0.4,0.0
weak_only,2,r128_c0_z130,active,0.0,128.0,130.0,0.63529414,0.6192416,0.0,0.0006291946
weak_only,2,r16_c80_z130,active,80.0,16.0,130.0,0.6313726,0.6265639,0.0,0.0
weak_only,2,r16_c32_z100,active,32.0,16.0,100.0,0.627451,0.6243411,0.0,0.0
weak_only,2,r0_c80_z120,active,80.0,0.0,120.0,0.627451,0.6267592,0.0,0.0
weak_only,2,r0_c96_z130,active,96.0,0.0,130.0,0.6313726,0.6263509,0.0,0.0
weak_only,2,r64_c16_z110,active,16.0,64.0,110.0,0.64705884,0.62185353,0.0,0.0
weak_only,2,r80_c16_z120,active,16.0,80.0,120.0,0.6431373,0.6210431,0.0,0.0
weak_only,2,r16_c96_z130,active,96.0,16.0,130.0,0.6313726,0.62677354,0.0,0.0
weak_only,2,r64_c0_z110,active,0.0,64.0,110.0,0.627451,0.620959,0.0,0.0
weak_only,2,r64_c48_z130,active,48.0,64.0,130.0,0.64705884,0.62609535,1.0,0.0
weak_only,2,r160_c496_z120,active,496.0,160.0,120.0,0.64705884,0.62378484,0.4,0.0
weak_only,2,r32_c64_z120,active,64.0,32.0,120.0,0.6431373,0.6272315,0.04,0.0
weak_only,2,r0_c64_z110,active,64.0,0.0,110.0,0.627451,0.62630165,0.0,0.0
weak_only,2,r16_c48_z110,active,48.0,16.0,110.0,0.6313726,0.62587464,0.0,0.0
weak_only,2,r176_c496_z130,active,496.0,176.0,130.0,0.64705884,0.6241112,0.96,0.0
weak_only,2,r48_c64_z130,active,64.0,48.0,130.0,0.6431373,0.62678236,0.0,0.0
weak_only,2,r16_c80_z120,active,80.0,16.0,120.0,0.6313726,0.627183,0.0,0.0
weak_only,2,r32_c32_z100,active,32.0,32.0,100.0,0.6431373,0.62464315,0.0,0.0
weak_only,2,r0_c48_z100,active,48.0,0.0,100.0,0.627451,0.6253526,0.0,0.0
weak_only,2,r0_c112_z130,active,112.0,0.0,130.0,0.6313726,0.62634665,0.0,0.0
weak_only,2,r96_c0_z120,active,0.0,96.0,120.0,0.63529414,0.61952937,0.0,0.0
weak_only,2,r48_c16_z100,active,16.0,48.0,100.0,0.64705884,0.6219215,0.0,0.0
weak_only,2,r48_c0_z100,active,0.0,48.0,100.0,0.627451,0.6218641,0.0,0.0
weak_only,2,r96_c16_z130,active,16.0,96.0,130.0,0.6392157,0.6190046,0.0,0.0
weak_only,2,r32_c96_z130,active,96.0,32.0,130.0,0.63529414,0.6271544,1.0,0.0
weak_only,2,r48_c32_z100,active,32.0,48.0,100.0,0.654902,0.6251241,0.4,0.0
weak_only,2,r16_c112_z130,active,112.0,16.0,130.0,0.63529414,0.62672025,0.0,0.0
weak_only,2,r0_c128_z130,active,128.0,0.0,130.0,0.63529414,0.6260935,0.0,0.0
weak_only,2,r16_c64_z130,active,64.0,16.0,130.0,0.6313726,0.6260618,0.6,0.0
weak_only,2,r32_c80_z130,active,80.0,32.0,130.0,0.63529414,0.6269173,0.28,0.0
weak_only,2,r32_c48_z110,active,48.0,32.0,110.0,0.6431373,0.62657565,0.56,0.0
weak_only,2,r144_c0_z130,active,0.0,144.0,130.0,0.63529414,0.6196123,0.0,0.0006291946
weak_only,2,r16_c64_z120,active,64.0,16.0,120.0,0.6313726,0.6265186,0.6,0.0
weak_only,2,r0_c80_z110,active,80.0,0.0,110.0,0.627451,0.62673455,0.0,0.0
weak_only,2,r16_c96_z120,active,96.0,16.0,120.0,0.63529414,0.62743443,0.0,0.0
weak_only,2,r0_c144_z130,active,144.0,0.0,130.0,0.6392157,0.6254085,0.0,0.0
weak_only,2,r112_c0_z120,active,0.0,112.0,120.0,0.63529414,0.62035733,0.0,0.0006291946
weak_only,2,r0_c160_z130,active,160.0,0.0,130.0,0.6431373,0.6244371,0.0,0.0
weak_only,2,r16_c128_z130,active,128.0,16.0,130.0,0.6392157,0.6262547,0.0,0.0
weak_only,2,r32_c112_z130,active,112.0,32.0,130.0,0.6392157,0.6269898,1.0,0.0
weak_only,2,r80_c0_z110,active,0.0,80.0,110.0,0.63529414,0.62115175,0.0,0.0
weak_only,2,r160_c480_z130,active,480.0,160.0,130.0,0.64705884,0.62267053,0.84,0.0
weak_only,2,r16_c48_z100,active,48.0,16.0,100.0,0.6313726,0.6258945,0.0,0.0
weak_only,3,r16_c64_z110,active,64.0,16.0,110.0,0.6313726,0.6264235,0.6,0.0
weak_only,3,r32_c48_z100,active,48.0,32.0,100.0,0.6509804,0.6266385,0.56,0.0
weak_only,3,r64_c0_z100,active,0.0,64.0,100.0,0.627451,0.6221284,0.0,0.0
weak_only,3,r16_c64_z100,active,64.0,16.0,100.0,0.6313726,0.62649286,0.6,0.0
weak_only,3,r64_c16_z100,active,16.0,64.0,100.0,0.6509804,0.6221475,0.0,0.0
weak_only,3,r80_c0_z100,active,0.0,80.0,100.0,0.6392157,0.62249625,0.0,0.0
weak_only,3,r0_c64_z100,active,64.0,0.0,100.0,0.627451,0.62619734,0.0,0.0
weak_only,3,r32_c64_z110,active,64.0,32.0,110.0,0.6431373,0.627305,0.04,0.0
weak_only,3,r48_c48_z110,active,48.0,48.0,110.0,0.654902,0.62689024,0.0,0.0
weak_only,3,r16_c80_z110,active,80.0,16.0,110.0,0.6313726,0.62720776,0.0,0.0
weak_only,3,r96_c0_z110,active,0.0,96.0,110.0,0.63529414,0.62173545,0.0,0.0
weak_only,3,r0_c96_z110,active,96.0,0.0,110.0,0.6313726,0.6270022,0.0,0.0
weak_only,3,r0_c80_z100,active,80.0,0.0,100.0,0.627451,0.62659216,0.0,0.0
weak_only,3,r0_c128_z120,active,128.0,0.0,120.0,0.63529414,0.6266851,0.0,0.0
weak_only,3,r32_c80_z120,active,80.0,32.0,120.0,0.6392157,0.62769663,0.28,0.0
weak_only,3,r0_c112_z120,active,112.0,0.0,120.0,0.6313726,0.6269617,0.0,0.0
weak_only,3,r16_c80_z100,active,80.0,16.0,100.0,0.6313726,0.6271477,0.0,0.0
weak_only,3,r32_c64_z100,active,64.0,32.0,100.0,0.6509804,0.62733835,0.04,0.0
weak_only,3,r32_c80_z110,active,80.0,32.0,110.0,0.6431373,0.627861,0.28,0.0
weak_only,3,r16_c96_z110,active,96.0,16.0,110.0,0.63529414,0.62748253,0.0,0.0
weak_only,3,r32_c96_z120,active,96.0,32.0,120.0,0.63529414,0.62780684,1.0,0.0
weak_only,3,r0_c112_z110,active,112.0,0.0,110.0,0.6313726,0.62703687,0.0,0.0
weak_only,3,r0_c128_z110,active,128.0,0.0,110.0,0.6392157,0.62680244,0.0,0.0
weak_only,3,r0_c96_z100,active,96.0,0.0,100.0,0.6313726,0.62709713,0.0,0.0
weak_only,3,r16_c112_z120,active,112.0,16.0,120.0,0.63529414,0.6273847,0.0,0.0
weak_only,3,r48_c64_z120,active,64.0,48.0,120.0,0.64705884,0.6275729,0.0,0.0
weak_only,3,r0_c144_z120,active,144.0,0.0,120.0,0.6431373,0.6260885,0.0,0.0
weak_only,3,r32_c112_z120,active,112.0,32.0,120.0,0.6392157,0.62773174,1.0,0.0
weak_only,3,r272_c0_z130,active,0.0,272.0,130.0,0.6313726,0.6325921,0.0,0.0
weak_only,3,r0_c144_z110,active,144.0,0.0,110.0,0.64705884,0.6262695,0.0,0.0
weak_only,3,r0_c176_z130,active,176.0,0.0,130.0,0.6392157,0.62570447,0.0,0.0
weak_only,3,r80_c32_z130,active,32.0,80.0,130.0,0.64705884,0.62392515,0.0,0.0
weak_only,3,r0_c192_z130,active,192.0,0.0,130.0,0.6392157,0.62715155,0.0,0.0
weak_only,3,r0_c176_z120,active,176.0,0.0,120.0,0.6431373,0.6260355,0.0,0.0
weak_only,3,r16_c128_z120,active,128.0,16.0,120.0,0.64705884,0.62698233,0.0,0.0
weak_only,3,r0_c160_z120,active,160.0,0.0,120.0,0.6431373,0.6251863,0.0,0.0
weak_only,3,r0_c112_z100,active,112.0,0.0,100.0,0.63529414,0.62789905,0.0,0.0
weak_only,3,r0_c160_z110,active,160.0,0.0,110.0,0.64705884,0.6260721,0.0,0.0
weak_only,3,r0_c208_z130,active,208.0,0.0,130.0,0.63529414,0.62796396,0.0,0.0
weak_only,3,r32_c96_z110,active,96.0,32.0,110.0,0.6392157,0.62795466,1.0,0.0
weak_only,3,r16_c112_z110,active,112.0,16.0,110.0,0.63529414,0.62747765,0.0,0.0
weak_only,3,r0_c128_z100,active,128.0,0.0,100.0,0.64705884,0.6283571,0.0,0.0
weak_only,3,r48_c80_z130,active,80.0,48.0,130.0,0.6431373,0.62732285,0.0,0.0
weak_only,3,r16_c128_z110,active,128.0,16.0,110.0,0.6509804,0.6275801,0.0,0.0
weak_only,3,r64_c32_z110,active,32.0,64.0,110.0,0.654902,0.6254136,0.64,0.0
weak_only,3,r0_c192_z120,active,192.0,0.0,120.0,0.6392157,0.6277882,0.0,0.0
weak_only,3,r16_c96_z100,active,96.0,16.0,100.0,0.63529414,0.6281167,0.0,0.0
weak_only,3,r144_c496_z110,active,496.0,144.0,110.0,0.654902,0.6231631,0.0,0.0
weak_only,3,r96_c0_z100,active,0.0,96.0,100.0,0.63529414,0.62332153,0.0,0.0
weak_only,3,r64_c48_z120,active,48.0,64.0,120.0,0.64705884,0.6268533,1.0,0.0
weak_only,3,r80_c16_z110,active,16.0,80.0,110.0,0.64705884,0.6214089,0.0,0.0
weak_only,3,r0_c208_z120,active,208.0,0.0,120.0,0.63529414,0.6291638,0.0,0.0
weak_only,3,r16_c144_z130,active,144.0,16.0,130.0,0.6431373,0.62548965,0.08,0.0
weak_only,3,r16_c160_z130,active,160.0,16.0,130.0,0.6431373,0.62446743,0.0,0.0
weak_only,3,r0_c176_z110,active,176.0,0.0,110.0,0.6431373,0.6263756,0.0,0.0
weak_only,3,r0_c144_z100,active,144.0,0.0,100.0,0.6509804,0.62828857,0.0,0.0
weak_only,3,r32_c128_z130,active,128.0,32.0,130.0,0.6431373,0.6263592,0.0,0.0
weak_only,3,r144_c480_z120,active,480.0,144.0,120.0,0.6509804,0.6223382,1.0,0.0
weak_only,3,r16_c144_z120,active,144.0,16.0,120.0,0.6509804,0.6262554,0.08,0.0
weak_only,3,r16_c144_z110,active,144.0,16.0,110.0,0.6509804,0.627603,0.08,0.0
weak_only,3,r32_c128_z120,active,128.0,32.0,120.0,0.64705884,0.6271336,0.0,0.0
weak_only,3,r272_c16_z130,active,16.0,272.0,130.0,0.63529414,0.6327195,0.0,0.0
weak_only,3,r16_c176_z130,active,176.0,16.0,130.0,0.6431373,0.62634516,0.0,0.0
weak_only,3,r496_c224_z130,active,224.0,496.0,130.0,0.63529414,0.6229861,0.16,0.0
weak_only,3,r32_c112_z110,active,112.0,32.0,110.0,0.6392157,0.6278591,1.0,0.0
weak_only,3,r496_c160_z130,active,160.0,496.0,130.0,0.64705884,0.62242687,0.0,0.0
weak_only,3,r0_c496_z100,active,496.0,0.0,100.0,0.62352943,0.62111837,0.0,0.0
weak_only,3,r32_c128_z110,active,128.0,32.0,110.0,0.6509804,0.6283419,0.0,0.0
weak_only,3,r0_c192_z110,active,192.0,0.0,110.0,0.6392157,0.6278256,0.0,0.0
weak_only,3,r48_c128_z130,active,128.0,48.0,130.0,0.64705884,0.62631613,1.0,0.0
weak_only,3,r0_c224_z130,active,224.0,0.0,130.0,0.6313726,0.6278496,0.36,0.0
weak_only,3,r16_c112_z100,active,112.0,16.0,100.0,0.63529414,0.62892604,0.0,0.0
weak_only,3,r16_c496_z100,active,496.0,16.0,100.0,0.627451,0.6213052,0.0,0.0
weak_only,3,r128_c0_z120,active,0.0,128.0,120.0,0.6392157,0.62116027,0.0,0.0006291946
weak_only,3,r272_c0_z120,active,0.0,272.0,120.0,0.6313726,0.63344646,0.0,0.0
weak_only,3,r0_c208_z110,active,208.0,0.0,110.0,0.63529414,0.6291734,0.0,0.0
weak_only,3,r256_c0_z120,active,0.0,256.0,120.0,0.6313726,0.6321469,0.0,0.0
weak_only,3,r112_c0_z110,active,0.0,112.0,110.0,0.63529414,0.62252533,0.0,0.0006291946
weak_only,3,r16_c160_z120,active,160.0,16.0,120.0,0.6509804,0.6258517,0.0,0.0
weak_only,3,r0_c160_z100,active,160.0,0.0,100.0,0.6509804,0.62779224,0.0,0.0
weak_only,3,r16_c128_z100,active,128.0,16.0,100.0,0.654902,0.62962604,0.0,0.0
weak_only,3,r112_c496_z120,active,496.0,112.0,120.0,0.6392157,0.62119496,0.0,0.0
weak_only,4,r0_c304_z130,active,304.0,0.0,130.0,0.64705884,0.6244286,0.0,0.0
weak_only,4,r0_c288_z130,active,288.0,0.0,130.0,0.64705884,0.62490684,0.0,0.0
weak_only,4,r0_c480_z110,active,480.0,0.0,110.0,0.62352943,0.6214256,0.0,0.0
weak_only,4,r0_c320_z130,active,320.0,0.0,130.0,0.6431373,0.62393665,0.0,0.0
weak_only,4,r16_c192_z130,active,192.0,16.0,130.0,0.6392157,0.62798333,0.0,0.0
weak_only,4,r0_c240_z130,active,240.0,0.0,130.0,0.6313726,0.6276561,0.12,0.0
weak_only,4,r0_c464_z120,active,464.0,0.0,120.0,0.62352943,0.6215185,0.0,0.0
weak_only,4,r0_c272_z130,active,272.0,0.0,130.0,0.6431373,0.6246064,0.0,0.0
weak_only,4,r496_c144_z130,active,144.0,496.0,130.0,0.64705884,0.6222318,0.0,0.0
weak_only,4,r16_c480_z110,active,480.0,16.0,110.0,0.6313726,0.6216673,0.0,0.0
weak_only,4,r0_c304_z120,active,304.0,0.0,120.0,0.64705884,0.6260116,0.0,0.0
weak_only,4,r0_c256_z130,active,256.0,0.0,130.0,0.6431373,0.6262721,0.2,0.0
weak_only,4,r16_c304_z130,active,304.0,16.0,130.0,0.64705884,0.6240896,0.88,0.0
weak_only,4,r16_c480_z100,active,480.0,16.0,100.0,0.6313726,0.6218292,0.0,0.0
weak_only,4,r16_c448_z130,active,448.0,16.0,130.0,0.6392157,0.6218222,0.68,0.0
weak_only,4,r0_c480_z100,active,480.0,0.0,100.0,0.627451,0.62152874,0.0,0.0
weak_only,4,r496_c96_z130,active,96.0,496.0,130.0,0.6392157,0.62081945,0.0,0.0
weak_only,4,r496_c240_z130,active,240.0,496.0,130.0,0.6392157,0.62298965,0.0,0.0
weak_only,4,r16_c208_z130,active,208.0,16.0,130.0,0.6392157,0.6293586,0.0,0.0
weak_only,4,r0_c240_z120,active,240.0,0.0,120.0,0.63529414,0.62871504,0.12,0.0
weak_only,4,r128_c480_z120,active,480.0,128.0,120.0,0.6509804,0.6221624,0.12,0.0
weak_only,4,r0_c192_z100,active,192.0,0.0,100.0,0.6392157,0.62625337,0.0,0.0
weak_only,4,r496_c144_z120,active,144.0,496.0,120.0,0.6509804,0.62341183,0.0,0.0
weak_only,4,r496_c80_z130,active,80.0,496.0,130.0,0.63529414,0.6209556,0.0,0.0
weak_only,4,r288_c0_z130,active,0.0,288.0,130.0,0.6313726,0.6336245,0.0,0.0
weak_only,4,r496_c240_z120,active,240.0,496.0,120.0,0.6431373,0.62400085,0.0,0.0
weak_only,4,r128_c496_z110,active,496.0,128.0,110.0,0.64705884,0.6225055,0.0,0.0
weak_only,4,r96_c496_z120,active,496.0,96.0,120.0,0.6392157,0.62084705,0.0,0.0
weak_only,4,r0_c336_z130,active,336.0,0.0,130.0,0.6431373,0.6233043,0.0,0.0
weak_only,4,r0_c224_z110,active,224.0,0.0,110.0,0.63529414,0.6293569,0.36,0.0
weak_only,4,r0_c320_z120,active,320.0,0.0,120.0,0.6431373,0.6251559,0.0,0.0
weak_only,4,r240_c0_z130,active,0.0,240.0,130.0,0.63529414,0.62990713,0.0,0.0
weak_only,4,r448_c496_z110,active,496.0,448.0,110.0,0.64705884,0.62081736,0.0,0.0
weak_only,4,r0_c176_z100,active,176.0,0.0,100.0,0.64705884,0.6271183,0.0,0.0
weak_only,4,r0_c208_z100,active,208.0,0.0,100.0,0.6392157,0.62709665,0.0,0.0
weak_only,4,r496_c224_z120,active,224.0,496.0,120.0,0.63529414,0.6242434,0.16,0.0
weak_only,4,r0_c224_z120,active,224.0,0.0,120.0,0.6313726,0.6290089,0.36,0.0
weak_only,4,r32_c144_z120,active,144.0,32.0,120.0,0.64705884,0.62618697,0.0,0.0
weak_only,4,r256_c0_z110,active,0.0,256.0,110.0,0.6313726,0.63263315,0.0,0.0
weak_only,4,r0_c224_z100,active,224.0,0.0,100.0,0.63529414,0.6271977,0.36,0.0
weak_only,4,r112_c480_z120,active,480.0,112.0,120.0,0.6431373,0.6221261,0.0,0.0
weak_only,4,r496_c208_z120,active,208.0,496.0,120.0,0.6392157,0.6238604,0.0,0.0
weak_only,4,r16_c208_z120,active,208.0,16.0,120.0,0.6392157,0.63087016,0.0,0.0
weak_only,4,r16_c288_z130,active,288.0,16.0,130.0,0.64705884,0.62429816,0.0,0.0
weak_only,4,r16_c464_z120,active,464.0,16.0,120.0,0.6313726,0.62206686,0.24,0.0
weak_only,4,r480_c496_z100,active,496.0,480.0,100.0,0.63529414,0.6154884,0.0,0.0
weak_only,4,r32_c160_z130,active,160.0,32.0,130.0,0.64705884,0.62465584,0.6,0.0
weak_only,4,r0_c464_z110,active,464.0,0.0,110.0,0.627451,0.62172544,0.0,0.0
weak_only,4,r496_c80_z120,active,80.0,496.0,120.0,0.6431373,0.6219413,0.0,0.0
weak_only,4,r64_c496_z120,active,496.0,64.0,120.0,0.63529414,0.62091404,0.0,0.0
weak_only,4,r16_c224_z130,active,224.0,16.0,130.0,0.63529414,0.6296934,0.0,0.0
weak_only,4,r0_c368_z130,active,368.0,0.0,130.0,0.6392157,0.6223865,0.0,0.0
weak_only,4,r496_c192_z130,active,192.0,496.0,130.0,0.6431373,0.62225723,0.16,0.0
weak_only,4,r16_c192_z120,active,192.0,16.0,120.0,0.6392157,0.6294865,0.0,0.0
weak_only,4,r464_c496_z100,active,496.0,464.0,100.0,0.6509804,0.6177474,0.0,0.0
weak_only,4,r256_c0_z100,active,0.0,256.0,100.0,0.6313726,0.6326388,0.0,0.0
weak_only,4,r0_c352_z130,active,352.0,0.0,130.0,0.6431373,0.6223643,0.0,0.0
weak_only,4,r480_c160_z130,active,160.0,480.0,130.0,0.64705884,0.625069,0.4,0.0
weak_only,4,r496_c160_z120,active,160.0,496.0,120.0,0.64705884,0.623609,0.0,0.0
weak_only,4,r496_c176_z130,active,176.0,496.0,130.0,0.64705884,0.62227833,0.04,0.0
weak_only,4,r112_c496_z110,active,496.0,112.0,110.0,0.64705884,0.62159026,0.0,0.0
weak_only,4,r272_c32_z130,active,32.0,272.0,130.0,0.63529414,0.6327683,0.0,0.0
weak_only,4,r272_c16_z120,active,16.0,272.0,120.0,0.63529414,0.6336002,0.0,0.0
weak_only,4,r480_c224_z130,active,224.0,480.0,130.0,0.63529414,0.6248261,0.0,0.0
weak_only,4,r80_c496_z120,active,496.0,80.0,120.0,0.63529414,0.62045276,0.0,0.0
weak_only,4,r128_c496_z100,active,496.0,128.0,100.0,0.654902,0.62306374,0.0,0.0
weak_only,4,r496_c64_z130,active,64.0,496.0,130.0,0.63529414,0.62093484,0.0,0.0
weak_only,4,r256_c16_z130,active,16.0,256.0,130.0,0.63529414,0.6314384,0.0,0.0
weak_only,4,r112_c464_z130,active,464.0,112.0,130.0,0.6431373,0.6241214,0.0,0.0
weak_only,4,r16_c224_z120,active,224.0,16.0,120.0,0.63529414,0.6314892,0.0,0.0
weak_only,4,r0_c288_z120,active,288.0,0.0,120.0,0.64705884,0.6263354,0.0,0.0
weak_only,4,r496_c0_z120,active,0.0,496.0,120.0,0.627451,0.62143165,0.0,0.0
weak_only,4,r48_c496_z110,active,496.0,48.0,110.0,0.6313726,0.62139535,0.0,0.0
weak_only,4,r0_c320_z110,active,320.0,0.0,110.0,0.6509804,0.6262554,0.0,0.0
weak_only,4,r480_c208_z130,active,208.0,480.0,130.0,0.6392157,0.62477696,0.8,0.0
weak_only,4,r16_c272_z130,active,272.0,16.0,130.0,0.64705884,0.6263313,0.0,0.0
weak_only,4,r16_c464_z110,active,464.0,16.0,110.0,0.63529414,0.62227273,0.24,0.0
weak_only,4,r0_c448_z120,active,448.0,0.0,120.0,0.6313726,0.62178195,0.0,0.0
weak_only,4,r496_c256_z130,active,256.0,496.0,130.0,0.6431373,0.62282336,0.12,0.0
weak_only,4,r480_c0_z130,active,0.0,480.0,130.0,0.627451,0.6220185,0.0,0.0
weak_only,4,r496_c208_z110,active,208.0,496.0,110.0,0.6431373,0.62503636,0.0,0.0
weak_only,4,r16_c256_z130,active,256.0,16.0,130.0,0.6431373,0.62843716,0.0,0.0
weak_only,5,r240_c0_z120,active,0.0,240.0,120.0,0.63529414,0.63065124,0.0,0.0
weak_only,5,r224_c0_z130,active,0.0,224.0,130.0,0.6392157,0.6283433,0.0,0.0
weak_only,5,r256_c16_z120,active,16.0,256.0,120.0,0.63529414,0.63231003,0.0,0.0
weak_only,5,r496_c192_z120,active,192.0,496.0,120.0,0.64705884,0.62344414,0.16,0.0
weak_only,5,r240_c0_z100,active,0.0,240.0,100.0,0.63529414,0.63092583,0.0,0.0
weak_only,5,r240_c0_z110,active,0.0,240.0,110.0,0.63529414,0.63106054,0.0,0.0
weak_only,5,r496_c128_z130,active,128.0,496.0,130.0,0.6431373,0.62157696,0.08,0.0
weak_only,5,r496_c176_z120,active,176.0,496.0,120.0,0.64705884,0.6234231,0.04,0.0
weak_only,5,r0_c272_z120,active,272.0,0.0,120.0,0.64705884,0.62608504,0.0,0.0
weak_only,5,r256_c16_z110,active,16.0,256.0,110.0,0.63529414,0.6327691,0.0,0.0
weak_only,5,r240_c16_z130,active,16.0,240.0,130.0,0.63529414,0.630049,0.0,0.0
weak_only,5,r496_c272_z130,active,272.0,496.0,130.0,0.6431373,0.62251675,0.12,0.0
weak_only,5,r496_c112_z130,active,112.0,496.0,130.0,0.63529414,0.62112933,0.4,0.0
weak_only,5,r256_c32_z130,active,32.0,256.0,130.0,0.6392157,0.6316207,0.56,0.0
weak_only,5,r496_c96_z120,active,96.0,496.0,120.0,0.6392157,0.62172115,0.0,0.0
weak_only,5,r496_c272_z120,active,272.0,496.0,120.0,0.64705884,0.6236297,0.12,0.0
weak_only,5,r480_c256_z130,active,256.0,480.0,130.0,0.6431373,0.6244783,1.0,0.0
weak_only,5,r480_c208_z120,active,208.0,480.0,120.0,0.64705884,0.62599176,0.8,0.0
weak_only,5,r480_c192_z130,active,192.0,480.0,130.0,0.64705884,0.62414676,0.92,0.0
weak_only,5,r224_c0_z120,active,0.0,224.0,120.0,0.6392157,0.6289969,0.0,0.0
weak_only,5,r208_c0_z130,active,0.0,208.0,130.0,0.6392157,0.62671727,0.0,0.0
weak_only,5,r464_c208_z130,active,208.0,464.0,130.0,0.6431373,0.62608325,0.64,0.0
weak_only,5,r480_c144_z130,active,144.0,480.0,130.0,0.64705884,0.625113,0.4,0.0
weak_only,5,r32_c272_z130,active,272.0,32.0,130.0,0.64705884,0.6271601,0.0,0.0
weak_only,5,r480_c240_z130,active,240.0,480.0,130.0,0.6392157,0.62483317,0.32,0.0
weak_only,5,r256_c16_z100,active,16.0,256.0,100.0,0.63529414,0.6327375,0.0,0.0
weak_only,5,r496_c272_z110,active,272.0,496.0,110.0,0.64705884,0.6247205,0.12,0.0
weak_only,5,r496_c224_z110,active,224.0,496.0,110.0,0.6392157,0.6253944,0.16,0.0
weak_only,5,r496_c400_z130,active,400.0,496.0,130.0,0.64705884,0.6159768,0.56,0.0
weak_only,5,r0_c256_z120,active,256.0,0.0,120.0,0.64705884,0.6271165,0.2,0.0
weak_only,5,r256_c32_z120,active,32.0,256.0,120.0,0.6392157,0.6325987,0.56,0.0
weak_only,5,r480_c176_z130,active,176.0,480.0,130.0,0.64705884,0.6246043,0.0,0.0
weak_only,5,r496_c288_z130,active,288.0,496.0,130.0,0.6392157,0.6221159,0.4,0.0
weak_only,5,r496_c208_z100,active,208.0,496.0,100.0,0.6509804,0.62633,0.0,0.0
weak_only,5,r496_c128_z120,active,128.0,496.0,120.0,0.64705884,0.62298644,0.08,0.0
weak_only,5,r256_c48_z130,active,48.0,256.0,130.0,0.6392157,0.63212997,0.0,0.0
weak_only,5,r496_c192_z110,active,192.0,496.0,110.0,0.6509804,0.62467504,0.16,0.0
weak_only,5,r496_c416_z130,active,416.0,496.0,130.0,0.6392157,0.6162946,0.48,0.0
weak_only,5,r16_c272_z120,active,272.0,16.0,120.0,0.6509804,0.6285254,0.0,0.0
weak_only,5,r0_c272_z110,active,272.0,0.0,110.0,0.6509804,0.6277065,0.0,0.0
weak_only,5,r480_c96_z130,active,96.0,480.0,130.0,0.6431373,0.62181675,0.0,0.0
weak_only,5,r496_c432_z130,active,432.0,496.0,130.0,0.63529414,0.61644423,0.0,0.0
weak_only,5,r496_c448_z130,active,448.0,496.0,130.0,0.6313726,0.61687243,1.0,0.0
weak_only,5,r496_c16_z130,active,16.0,496.0,130.0,0.627451,0.6212739,0.0,0.0
weak_only,5,r480_c160_z120,active,160.0,480.0,120.0,0.64705884,0.62638694,0.4,0.0
weak_only,5,r240_c16_z120,active,16.0,240.0,120.0,0.63529414,0.6308231,0.0,0.0
weak_only,5,r256_c128_z130,active,128.0,256.0,130.0,0.64705884,0.63328105,0.88,0.0
weak_only,5,r480_c208_z110,active,208.0,480.0,110.0,0.6509804,0.6272429,0.8,0.0
weak_only,5,r256_c32_z100,active,32.0,256.0,100.0,0.6392157,0.6330024,0.56,0.0
weak_only,5,r0_c288_z110,active,288.0,0.0,110.0,0.64705884,0.62783366,0.0,0.0
weak_only,5,r480_c144_z120,active,144.0,480.0,120.0,0.6509804,0.62646514,0.4,0.0
weak_only,5,r496_c256_z110,active,256.0,496.0,110.0,0.64705884,0.6250607,0.12,0.0
weak_only,5,r480_c224_z120,active,224.0,480.0,120.0,0.6392157,0.6260217,0.0,0.0
weak_only,5,r496_c288_z120,active,288.0,496.0,120.0,0.6431373,0.62321454,0.4,0.0
weak_only,5,r272_c48_z130,active,48.0,272.0,130.0,0.6392157,0.63300395,0.36,0.0
weak_only,5,r496_c480_z110,active,480.0,496.0,110.0,0.6313726,0.6159148,0.0,0.0
weak_only,5,r256_c96_z130,active,96.0,256.0,130.0,0.64705884,0.6337003,0.68,0.0
weak_only,5,r496_c48_z130,active,48.0,496.0,130.0,0.63529414,0.62129855,0.0,0.0
weak_only,5,r464_c0_z130,active,0.0,464.0,130.0,0.6313726,0.6237676,0.0,0.0
weak_only,5,r496_c224_z100,active,224.0,496.0,100.0,0.6392157,0.6265417,0.16,0.0
weak_only,5,r256_c32_z110,active,32.0,256.0,110.0,0.6392157,0.6330527,0.56,0.0
weak_only,5,r0_c240_z110,active,240.0,0.0,110.0,0.6431373,0.6293212,0.12,0.0
weak_only,5,r496_c80_z110,active,80.0,496.0,110.0,0.6431373,0.6224096,0.0,0.0
weak_only,5,r464_c224_z130,active,224.0,464.0,130.0,0.6392157,0.6263086,0.24,0.0
weak_only,5,r256_c48_z120,active,48.0,256.0,120.0,0.6431373,0.6331122,0.0,0.0
weak_only,5,r32_c176_z130,active,176.0,32.0,130.0,0.6431373,0.62682986,0.0,0.0
weak_only,5,r496_c32_z130,active,32.0,496.0,130.0,0.6313726,0.62151873,0.12,0.0
weak_only,5,r496_c400_z120,active,400.0,496.0,120.0,0.6509804,0.61674243,0.56,0.0
weak_only,5,r496_c64_z120,active,64.0,496.0,120.0,0.6392157,0.6220422,0.0,0.0
weak_only,5,r256_c64_z130,active,64.0,256.0,130.0,0.6431373,0.6328564,1.0,0.0
weak_only,5,r0_c304_z110,active,304.0,0.0,110.0,0.64705884,0.62727684,0.0,0.0
weak_only,5,r272_c64_z130,active,64.0,272.0,130.0,0.6431373,0.63391805,0.76,0.0
weak_only,5,r496_c0_z110,active,0.0,496.0,110.0,0.627451,0.6220779,0.0,0.0
weak_only,5,r496_c240_z110,active,240.0,496.0,110.0,0.6431373,0.6252473,0.0,0.0
weak_only,5,r272_c0_z110,active,0.0,272.0,110.0,0.6313726,0.63388515,0.0,0.0
weak_only,5,r496_c176_z110,active,176.0,496.0,110.0,0.64705884,0.624583,0.04,0.0
weak_only,5,r256_c80_z130,active,80.0,256.0,130.0,0.6431373,0.63339853,0.64,0.0
weak_only,5,r496_c272_z100,active,272.0,496.0,100.0,0.6509804,0.6255446,0.12,0.0
weak_only,5,r32_c288_z130,active,288.0,32.0,130.0,0.64705884,0.62417257,0.0,0.0
weak_only,5,r480_c192_z120,active,192.0,480.0,120.0,0.6509804,0.6253578,0.92,0.0
weak_only,5,r496_c464_z120,active,464.0,496.0,120.0,0.6313726,0.6175623,0.0,0.0
weak_only,5,r480_c0_z120,active,0.0,480.0,120.0,0.6313726,0.62289214,0.0,0.0
building_only,0,r240_c32_z100,initial,32.0,240.0,100.0,0.63529414,0.6313318,0.0,0.0
building_only,0,r304_c256_z110,initial,256.0,304.0,110.0,0.6509804,0.6377591,0.8,0.0
building_only,0,r208_c160_z110,initial,160.0,208.0,110.0,0.6509804,0.62954664,0.0,0.0
building_only,0,r128_c368_z110,initial,368.0,128.0,110.0,0.6509804,0.63548833,0.2,0.0
building_only,0,r368_c208_z130,initial,208.0,368.0,130.0,0.6431373,0.6351592,0.12,0.0
building_only,0,r320_c496_z120,initial,496.0,320.0,120.0,0.6509804,0.6248631,0.0,0.0006291946
building_only,0,r368_c96_z110,initial,96.0,368.0,110.0,0.654902,0.6404708,0.0,0.0
building_only,0,r240_c384_z120,initial,384.0,240.0,120.0,0.6509804,0.6311829,0.24,0.0
building_only,0,r64_c224_z130,initial,224.0,64.0,130.0,0.6431373,0.6295667,0.32,0.0
building_only,0,r192_c32_z130,initial,32.0,192.0,130.0,0.6431373,0.628325,0.0,0.0006291946
building_only,0,r496_c208_z130,initial,208.0,496.0,130.0,0.6392157,0.6227197,0.0,0.0
building_only,0,r208_c240_z120,initial,240.0,208.0,120.0,0.64705884,0.62746197,0.2,0.0
building_only,0,r240_c432_z130,initial,432.0,240.0,130.0,0.64705884,0.62672764,0.0,0.0
building_only,0,r64_c0_z120,initial,0.0,64.0,120.0,0.627451,0.61874074,0.0,0.0
building_only,0,r144_c176_z130,initial,176.0,144.0,130.0,0.6431373,0.62786317,0.92,0.0
building_only,0,r448_c0_z120,initial,0.0,448.0,120.0,0.64705884,0.62637913,0.0,0.0
building_only,0,r416_c496_z130,initial,496.0,416.0,130.0,0.6392157,0.6224537,0.0,0.0
building_only,0,r112_c272_z130,initial,272.0,112.0,130.0,0.64705884,0.626613,0.76,0.0
building_only,0,r304_c240_z120,initial,240.0,304.0,120.0,0.6509804,0.6380841,0.64,0.0
building_only,0,r256_c48_z100,initial,48.0,256.0,100.0,0.6431373,0.6334146,0.0,0.0
building_only,0,r384_c480_z100,initial,480.0,384.0,100.0,0.654902,0.6261505,0.76,0.0
building_only,0,r352_c464_z110,initial,464.0,352.0,110.0,0.654902,0.6281112,1.0,0.0006291946
building_only,0,r320_c64_z120,initial,64.0,320.0,120.0,0.64705884,0.6377163,0.04,0.0
building_only,0,r208_c240_z100,initial,240.0,208.0,100.0,0.654902,0.6288754,0.2,0.0
building_only,0,r160_c208_z110,initial,208.0,160.0,110.0,0.6509804,0.6311261,0.24,0.0
building_only,0,r496_c464_z110,initial,464.0,496.0,110.0,0.6313726,0.6161498,0.0,0.0
building_only,0,r480_c64_z130,initial,64.0,480.0,130.0,0.6392157,0.62165666,0.0,0.0
building_only,0,r48_c272_z110,initial,272.0,48.0,110.0,0.6509804,0.6339888,1.0,0.0
building_only,0,r400_c208_z110,initial,208.0,400.0,110.0,0.6509804,0.633617,0.24,0.0006291946
building_only,0,r352_c432_z110,initial,432.0,352.0,110.0,0.64705884,0.6278518,0.24,0.0006291946
building_only,0,r176_c208_z100,initial,208.0,176.0,100.0,0.6509804,0.63124746,0.0,0.0
building_only,0,r400_c384_z120,initial,384.0,400.0,120.0,0.64705884,0.6242475,0.32,0.0006291946
building_only,0,r64_c192_z100,initial,192.0,64.0,100.0,0.654902,0.63060313,1.0,0.0006291946
building_only,0,r464_c304_z120,initial,304.0,464.0,120.0,0.6509804,0.6249385,0.04,0.0006291946
building_only,0,r304_c480_z100,initial,480.0,304.0,100.0,0.6509804,0.63201165,1.0,0.0006291946
building_only,0,r384_c80_z120,initial,80.0,384.0,120.0,0.6509804,0.6402904,0.32,0.0
building_only,0,r208_c304_z120,initial,304.0,208.0,120.0,0.6509804,0.63155174,0.2,0.0
building_only,0,r304_c480_z130,initial,480.0,304.0,130.0,0.6431373,0.6252048,1.0,0.0006291946
building_only,0,r384_c336_z120,initial,336.0,384.0,120.0,0.6509804,0.6329618,0.04,0.0006291946
building_only,0,r304_c240_z110,initial,240.0,304.0,110.0,0.654902,0.6381485,0.64,0.0
building_only,0,r432_c64_z120,initial,64.0,432.0,120.0,0.64705884,0.635173,0.0,0.0
building_only,0,r160_c432_z100,initial,432.0,160.0,100.0,0.65882355,0.63393974,0.0,0.0
building_only,0,r320_c496_z110,initial,496.0,320.0,110.0,0.654902,0.6256395,0.0,0.0006291946
building_only,0,r256_c128_z110,initial,128.0,256.0,110.0,0.6509804,0.6341172,0.88,0.0
building_only,0,r400_c176_z110,initial,176.0,400.0,110.0,0.6509804,0.6359129,0.56,0.0012583892
building_only,0,r128_c272_z130,initial,272.0,128.0,130.0,0.64705884,0.6261245,0.2,0.0
building_only,0,r368_c0_z110,initial,0.0,368.0,110.0,0.64705884,0.63724476,0.0,0.0
building_only,0,r368_c96_z120,initial,96.0,368.0,120.0,0.64705884,0.6397181,0.0,0.0
building_only,0,r64_c80_z130,initial,80.0,64.0,130.0,0.6431373,0.6276759,0.52,0.0
building_only,0,r288_c32_z120,initial,32.0,288.0,120.0,0.6392157,0.63468546,0.04,0.0
building_only,0,r64_c336_z100,initial,336.0,64.0,100.0,0.6509804,0.637214,0.0,0.0
building_only,0,r320_c368_z110,initial,368.0,320.0,110.0,0.654902,0.6330209,0.0,0.0
building_only,0,r208_c480_z130,initial,480.0,208.0,130.0,0.6431373,0.6253274,0.48,0.0
building_only,0,r176_c448_z120,initial,448.0,176.0,120.0,0.64705884,0.6275907,0.0,0.0
building_only,0,r384_c272_z120,initial,272.0,384.0,120.0,0.6509804,0.6360237,0.48,0.0
building_only,0,r96_c416_z110,initial,416.0,96.0,110.0,0.654902,0.6307809,0.0,0.0
building_only,0,r448_c64_z100,initial,64.0,448.0,100.0,0.654902,0.63510525,1.0,0.0
building_only,0,r240_c320_z100,initial,320.0,240.0,100.0,0.6509804,0.6312521,0.2,0.0
building_only,0,r32_c336_z110,initial,336.0,32.0,110.0,0.6509804,0.6282641,0.88,0.0
building_only,0,r400_c272_z120,initial,272.0,400.0,120.0,0.64705884,0.63562065,0.0,0.0006291946
building_only,0,r112_c448_z130,initial,448.0,112.0,130.0,0.64705884,0.62625843,0.0,0.0
building_only,0,r352_c128_z110,initial,128.0,352.0,110.0,0.654902,0.63924235,0.0,0.0
building_only,0,r432_c384_z120,initial,384.0,432.0,120.0,0.6509804,0.6216793,0.4,0.0
building_only,0,r128_c480_z110,initial,480.0,128.0,110.0,0.6509804,0.6227231,0.12,0.0
building_only,0,r480_c336_z110,initial,336.0,480.0,110.0,0.6509804,0.6228546,0.0,0.0
building_only,0,r496_c144_z110,initial,144.0,496.0,110.0,0.654902,0.62470496,0.0,0.0
building_only,0,r416_c496_z110,initial,496.0,416.0,110.0,0.64705884,0.62375,0.0,0.0
building_only,0,r352_c48_z120,initial,48.0,352.0,120.0,0.64705884,0.63791233,0.0,0.0
building_only,0,r48_c448_z100,initial,448.0,48.0,100.0,0.654902,0.6242431,0.0,0.0
building_only,0,r320_c352_z130,initial,352.0,320.0,130.0,0.6431373,0.6303287,0.24,0.0
building_only,0,r128_c400_z130,initial,400.0,128.0,130.0,0.6431373,0.62937486,0.56,0.0
building_only,0,r256_c288_z110,initial,288.0,256.0,110.0,0.6509804,0.6307137,0.0,0.0
building_only,0,r16_c240_z130,initial,240.0,16.0,130.0,0.63529414,0.62935233,0.0,0.0
building_only,0,r368_c224_z100,initial,224.0,368.0,100.0,0.65882355,0.6372598,0.0,0.0006291946
building_only,0,r272_c464_z130,initial,464.0,272.0,130.0,0.64705884,0.6268373,0.04,0.0006291946
building_only,0,r192_c464_z130,initial,464.0,192.0,130.0,0.64705884,0.6256807,0.0,0.0
building_only,0,r496_c0_z130,initial,0.0,496.0,130.0,0.627451,0.62064946,0.0,0.0
building_only,0,r96_c224_z110,initial,224.0,96.0,110.0,0.64705884,0.63128704,0.12,0.0
building_only,0,r96_c240_z120,initial,240.0,96.0,120.0,0.64705884,0.62938094,0.0,0.0
building_only,0,r176_c304_z110,initial,304.0,176.0,110.0,0.6509804,0.6338386,0.6,0.0
building_only,0,r464_c256_z100,initial,256.0,464.0,100.0,0.654902,0.62854475,0.0,0.0
building_only,0,r448_c320_z130,initial,320.0,448.0,130.0,0.6431373,0.62394506,0.52,0.0006291946
building_only,0,r176_c384_z110,initial,384.0,176.0,110.0,0.64705884,0.6343779,0.4,0.0
building_only,0,r176_c336_z130,initial,336.0,176.0,130.0,0.64705884,0.6312671,0.12,0.0
building_only,0,r432_c48_z110,initial,48.0,432.0,110.0,0.6509804,0.63596994,0.0,0.0
building_only,0,r432_c416_z130,initial,416.0,432.0,130.0,0.6431373,0.61998564,0.28,0.0
building_only,0,r304_c48_z120,initial,48.0,304.0,120.0,0.6509804,0.63549703,0.0,0.0
building_only,0,r416_c272_z110,initial,272.0,416.0,110.0,0.6509804,0.63508713,0.08,0.0006291946
building_only,0,r176_c240_z100,initial,240.0,176.0,100.0,0.654902,0.62948304,0.32,0.0
building_only,0,r48_c112_z130,initial,112.0,48.0,130.0,0.6431373,0.6272068,0.96,0.0
building_only,0,r416_c48_z110,initial,48.0,416.0,110.0,0.6509804,0.6382716,0.04,0.0
building_only,0,r432_c16_z100,initial,16.0,432.0,100.0,0.654902,0.63292694,1.0,0.0
building_only,0,r304_c416_z110,initial,416.0,304.0,110.0,0.6509804,0.63014543,0.0,0.0006291946
building_only,0,r144_c224_z100,initial,224.0,144.0,100.0,0.65882355,0.6304876,0.0,0.0
building_only,0,r144_c480_z100,initial,480.0,144.0,100.0,0.65882355,0.6271732,1.0,0.0
building_only,0,r32_c448_z100,initial,448.0,32.0,100.0,0.654902,0.623035,0.0,0.0
building_only,0,r64_c384_z130,initial,384.0,64.0,130.0,0.64705884,0.6252906,0.0,0.0
building_only,0,r352_c496_z130,initial,496.0,352.0,130.0,0.64705884,0.62441367,0.0,0.0
building_only,0,r304_c192_z100,initial,192.0,304.0,100.0,0.654902,0.63714886,0.72,0.0
building_only,0,r304_c416_z120,initial,416.0,304.0,120.0,0.6509804,0.62860715,0.0,0.0006291946
building_only,0,r112_c16_z120,initial,16.0,112.0,120.0,0.6431373,0.62470734,0.0,0.0006291946
building_only,0,r176_c144_z100,initial,144.0,176.0,100.0,0.654902,0.6335267,0.0,0.0
building_only,0,r496_c160_z110,initial,160.0,496.0,110.0,0.64705884,0.6248448,0.0,0.0
building_only,0,r16_c336_z130,initial,336.0,16.0,130.0,0.64705884,0.62326044,0.0,0.0
building_only,0,r368_c288_z120,initial,288.0,368.0,120.0,0.6509804,0.6367072,0.0,0.0
building_only,0,r368_c48_z110,initial,48.0,368.0,110.0,0.6509804,0.6396495,0.0,0.0
building_only,0,r48_c464_z110,initial,464.0,48.0,110.0,0.64705884,0.62229806,0.0,0.0
building_only,0,r480_c80_z120,initial,80.0,480.0,120.0,0.6431373,0.62306696,0.36,0.0
building_only,0,r352_c80_z110,initial,80.0,352.0,110.0,0.6509804,0.6403112,0.0,0.0
building_only,0,r320_c144_z100,initial,144.0,320.0,100.0,0.654902,0.63880575,0.4,0.0
building_only,0,r240_c320_z120,initial,320.0,240.0,120.0,0.64705884,0.6301548,0.2,0.0
building_only,0,r480_c384_z100,initial,384.0,480.0,100.0,0.6509804,0.6190834,0.0,0.0
building_only,0,r176_c160_z110,initial,160.0,176.0,110.0,0.654902,0.6311915,0.52,0.0
building_only,0,r112_c176_z100,initial,176.0,112.0,100.0,0.6509804,0.6334877,0.6,0.0
building_only,0,r320_c160_z120,initial,160.0,320.0,120.0,0.64705884,0.6383803,0.0,0.0
building_only,0,r368_c288_z130,initial,288.0,368.0,130.0,0.64705884,0.63571715,0.0,0.0
building_only,0,r16_c496_z110,initial,496.0,16.0,110.0,0.627451,0.62135756,0.0,0.0
building_only,0,r80_c256_z120,initial,256.0,80.0,120.0,0.6509804,0.63048553,0.0,0.0
building_only,0,r368_c176_z130,initial,176.0,368.0,130.0,0.6431373,0.6368075,0.28,0.0
building_only,0,r464_c432_z100,initial,432.0,464.0,100.0,0.654902,0.61867213,0.0,0.0
building_only,0,r304_c16_z100,initial,16.0,304.0,100.0,0.65882355,0.6364225,0.0,0.0
building_only,0,r256_c0_z130,initial,0.0,256.0,130.0,0.6313726,0.63128245,0.0,0.0
building_only,0,r32_c256_z130,initial,256.0,32.0,130.0,0.64705884,0.6290823,0.0,0.0
building_only,0,r368_c16_z110,initial,16.0,368.0,110.0,0.6509804,0.63757133,0.0,0.0
building_only,0,r272_c256_z100,initial,256.0,272.0,100.0,0.65882355,0.6345468,0.6,0.0
building_only,0,r80_c192_z100,initial,192.0,80.0,100.0,0.654902,0.63046706,0.16,0.0006291946
building_only,0,r128_c80_z120,initial,80.0,128.0,120.0,0.6509804,0.6301841,0.72,0.0006291946
building_only,0,r256_c208_z120,initial,208.0,256.0,120.0,0.64705884,0.6321063,0.0,0.0
building_only,0,r96_c160_z120,initial,160.0,96.0,120.0,0.6509804,0.6275679,0.36,0.0006291946
building_only,0,r112_c416_z100,initial,416.0,112.0,100.0,0.654902,0.63361067,0.0,0.0
building_only,0,r0_c96_z120,initial,96.0,0.0,120.0,0.6313726,0.6269776,0.0,0.0
building_only,0,r384_c272_z100,initial,272.0,384.0,100.0,0.654902,0.6371796,0.48,0.0
building_only,0,r288_c272_z130,initial,272.0,288.0,130.0,0.64705884,0.63542527,0.52,0.0
building_only,0,r208_c144_z110,initial,144.0,208.0,110.0,0.6509804,0.6299537,0.04,0.0006291946
building_only,0,r128_c144_z110,initial,144.0,128.0,110.0,0.6509804,0.63274235,0.24,0.0
building_only,0,r496_c64_z110,initial,64.0,496.0,110.0,0.6392157,0.6225457,0.0,0.0
building_only,0,r80_c304_z120,initial,304.0,80.0,120.0,0.64705884,0.6317767,0.0,0.0
building_only,0,r464_c80_z110,initial,80.0,464.0,110.0,0.64705884,0.629168,0.04,0.0
building_only,0,r320_c256_z100,initial,256.0,320.0,100.0,0.654902,0.6377405,1.0,0.0
building_only,0,r464_c80_z120,initial,80.0,464.0,120.0,0.64705884,0.6272073,0.04,0.0
building_only,0,r496_c368_z110,initial,368.0,496.0,110.0,0.64705884,0.6190571,0.8,0.0
building_only,0,r416_c352_z110,initial,352.0,416.0,110.0,0.6509804,0.62760425,0.96,0.0006291946
building_only,0,r496_c432_z120,initial,432.0,496.0,120.0,0.6392157,0.6172827,0.0,0.0
building_only,0,r288_c400_z110,initial,400.0,288.0,110.0,0.654902,0.63321507,0.72,0.0
building_only,0,r224_c112_z120,initial,112.0,224.0,120.0,0.64705884,0.63086194,0.36,0.0006291946
building_only,0,r176_c96_z100,initial,96.0,176.0,100.0,0.654902,0.6342409,0.56,0.0006291946
building_only,0,r96_c128_z110,initial,128.0,96.0,110.0,0.654902,0.63018996,0.4,0.0006291946
building_only,0,r128_c176_z100,initial,176.0,128.0,100.0,0.6509804,0.6341127,0.4,0.0
building_only,0,r224_c416_z120,initial,416.0,224.0,120.0,0.64705884,0.630835,0.64,0.0
building_only,0,r224_c176_z100,initial,176.0,224.0,100.0,0.6509804,0.630572,1.0,0.0
building_only,0,r496_c464_z130,initial,464.0,496.0,130.0,0.6313726,0.6171481,0.0,0.0
building_only,0,r272_c128_z110,initial,128.0,272.0,110.0,0.6509804,0.6358836,0.52,0.0
building_only,0,r336_c80_z100,initial,80.0,336.0,100.0,0.654902,0.6403662,0.08,0.0
building_only,0,r112_c96_z130,initial,96.0,112.0,130.0,0.64705884,0.6271479,0.56,0.0006291946
building_only,0,r352_c160_z100,initial,160.0,352.0,100.0,0.65882355,0.6394358,0.12,0.0
building_only,0,r0_c464_z100,initial,464.0,0.0,100.0,0.627451,0.6220014,0.0,0.0
building_only,0,r368_c496_z100,initial,496.0,368.0,100.0,0.654902,0.6265488,0.0,0.0
building_only,0,r352_c160_z110,initial,160.0,352.0,110.0,0.654902,0.6395123,0.12,0.0
building_only,0,r96_c16_z120,initial,16.0,96.0,120.0,0.6431373,0.6214219,0.0,0.0
building_only,0,r32_c416_z120,initial,416.0,32.0,120.0,0.64705884,0.62364286,0.0,0.0
building_only,0,r160_c240_z100,initial,240.0,160.0,100.0,0.65882355,0.6303052,0.32,0.0
building_only,0,r0_c32_z130,initial,32.0,0.0,130.0,0.62352943,0.6234064,0.0,0.0
building_only,0,r208_c416_z110,initial,416.0,208.0,110.0,0.6509804,0.63365895,0.0,0.0
building_only,0,r176_c160_z130,initial,160.0,176.0,130.0,0.64705884,0.6270339,0.52,0.0
building_only,0,r448_c448_z120,initial,448.0,448.0,120.0,0.6509804,0.62224305,1.0,0.0
building_only,0,r48_c256_z130,initial,256.0,48.0,130.0,0.64705884,0.6286597,1.0,0.0
building_only,0,r416_c480_z110,initial,480.0,416.0,110.0,0.6509804,0.6243492,0.0,0.0
building_only,0,r224_c96_z110,initial,96.0,224.0,110.0,0.654902,0.63099366,0.0,0.0006291946
building_only,0,r240_c192_z120,initial,192.0,240.0,120.0,0.64705884,0.6322346,0.0,0.0
building_only,0,r272_c192_z130,initial,192.0,272.0,130.0,0.64705884,0.6331011,0.0,0.0
building_only,0,r304_c32_z120,initial,32.0,304.0,120.0,0.64705884,0.6355326,0.0,0.0
building_only,0,r416_c272_z130,initial,272.0,416.0,130.0,0.64705884,0.6332171,0.08,0.0006291946
building_only,0,r336_c32_z120,initial,32.0,336.0,120.0,0.64705884,0.6363174,0.96,0.0
building_only,0,r112_c96_z120,initial,96.0,112.0,120.0,0.64705884,0.6298213,0.56,0.0006291946
building_only,0,r96_c480_z120,initial,480.0,96.0,120.0,0.6431373,0.6220645,0.0,0.0
building_only,0,r480_c224_z100,initial,224.0,480.0,100.0,0.6431373,0.62816954,0.0,0.0
building_only,0,r384_c416_z110,initial,416.0,384.0,110.0,0.654902,0.6258294,0.2,0.0006291946
building_only,0,r336_c208_z110,initial,208.0,336.0,110.0,0.6509804,0.6378777,0.8,0.0
building_only,0,r80_c48_z110,initial,48.0,80.0,110.0,0.6509804,0.6276998,0.0,0.0
building_only,0,r112_c208_z130,initial,208.0,112.0,130.0,0.64705884,0.62590295,0.08,0.0
building_only,0,r432_c432_z100,initial,432.0,432.0,100.0,0.654902,0.62215364,0.24,0.0
building_only,0,r272_c208_z100,initial,208.0,272.0,100.0,0.65882355,0.6332985,0.2,0.0
building_only,0,r32_c144_z130,initial,144.0,32.0,130.0,0.64705884,0.6253584,0.0,0.0
building_only,0,r112_c368_z130,initial,368.0,112.0,130.0,0.64705884,0.63037455,0.16,0.0
building_only,0,r48_c208_z120,initial,208.0,48.0,120.0,0.6392157,0.632088,0.8,0.0006291946
building_only,0,r64_c0_z130,initial,0.0,64.0,130.0,0.627451,0.61677504,0.0,0.0
building_only,0,r80_c304_z130,initial,304.0,80.0,130.0,0.6431373,0.6285355,0.0,0.0
building_only,0,r176_c192_z100,initial,192.0,176.0,100.0,0.6509804,0.63152146,0.0,0.0
building_only,0,r192_c32_z100,initial,32.0,192.0,100.0,0.6509804,0.632517,0.0,0.0006291946
building_only,0,r496_c320_z120,initial,320.0,496.0,120.0,0.6392157,0.62163067,1.0,0.0
building_only,0,r16_c496_z130,initial,496.0,16.0,130.0,0.627451,0.62082833,0.0,0.0
building_only,0,r368_c0_z120,initial,0.0,368.0,120.0,0.64705884,0.63599974,0.0,0.0
building_only,0,r96_c304_z130,initial,304.0,96.0,130.0,0.6431373,0.6297477,0.0,0.0
building_only,0,r496_c496_z120,initial,496.0,496.0,120.0,0.6313726,0.61673385,0.0,0.0
building_only,0,r320_c96_z130,initial,96.0,320.0,130.0,0.64705884,0.63740647,0.36,0.0
building_only,0,r464_c96_z130,initial,96.0,464.0,130.0,0.64705884,0.6263251,0.24,0.0
building_only,0,r496_c256_z120,initial,256.0,496.0,120.0,0.6431373,0.6237978,0.12,0.0
building_only,0,r224_c416_z110,initial,416.0,224.0,110.0,0.6509804,0.63324475,0.64,0.0
building_only,0,r32_c432_z110,initial,432.0,32.0,110.0,0.6509804,0.6232435,0.0,0.0
building_only,0,r192_c432_z110,initial,432.0,192.0,110.0,0.6509804,0.63035744,0.0,0.0
building_only,0,r240_c496_z100,initial,496.0,240.0,100.0,0.64705884,0.6266561,0.0,0.0006291946
building_only,0,r400_c272_z110,initial,272.0,400.0,110.0,0.6509804,0.6361859,0.0,0.0006291946
building_only,0,r496_c368_z130,initial,368.0,496.0,130.0,0.6431373,0.6178713,0.8,0.0
building_only,0,r304_c352_z120,initial,352.0,304.0,120.0,0.6431373,0.63257486,0.2,0.0
building_only,0,r464_c192_z110,initial,192.0,464.0,110.0,0.654902,0.6279545,0.0,0.0
building_only,1,r112_c256_z100,active,256.0,112.0,100.0,0.654902,0.6323168,1.0,0.0
building_only,1,r112_c256_z110,active,256.0,112.0,110.0,0.6509804,0.629103,1.0,0.0
building_only,1,r112_c256_z120,active,256.0,112.0,120.0,0.64705884,0.6262587,1.0,0.0
building_only,1,r112_c256_z130,active,256.0,112.0,130.0,0.64705884,0.6244218,1.0,0.0
building_only,1,r112_c304_z100,active,304.0,112.0,100.0,0.654902,0.6353471,1.0,0.0
building_only,1,r112_c304_z110,active,304.0,112.0,110.0,0.654902,0.6342955,1.0,0.0
building_only,1,r112_c304_z120,active,304.0,112.0,120.0,0.64705884,0.63251543,1.0,0.0
building_only,1,r112_c304_z130,active,304.0,112.0,130.0,0.6431373,0.6300923,1.0,0.0
building_only,1,r112_c80_z100,active,80.0,112.0,100.0,0.654902,0.6340188,1.0,0.0
building_only,1,r112_c80_z110,active,80.0,112.0,110.0,0.654902,0.63153917,1.0,0.0
building_only,1,r112_c80_z120,active,80.0,112.0,120.0,0.6509804,0.6299511,1.0,0.0
building_only,1,r112_c80_z130,active,80.0,112.0,130.0,0.64705884,0.62774813,1.0,0.0
building_only,1,r128_c256_z100,active,256.0,128.0,100.0,0.65882355,0.63226926,1.0,0.0
building_only,1,r128_c256_z110,active,256.0,128.0,110.0,0.6509804,0.6290263,1.0,0.0
building_only,1,r128_c256_z120,active,256.0,128.0,120.0,0.6509804,0.62641275,1.0,0.0
building_only,1,r128_c256_z130,active,256.0,128.0,130.0,0.6431373,0.6248461,1.0,0.0
building_only,1,r128_c304_z100,active,304.0,128.0,100.0,0.654902,0.63403785,1.0,0.0
building_only,1,r128_c304_z110,active,304.0,128.0,110.0,0.654902,0.63318455,1.0,0.0
building_only,1,r128_c304_z120,active,304.0,128.0,120.0,0.64705884,0.6320416,1.0,0.0
building_only,1,r128_c304_z130,active,304.0,128.0,130.0,0.64705884,0.62991405,1.0,0.0
building_only,1,r128_c320_z100,active,320.0,128.0,100.0,0.654902,0.63559514,1.0,0.0
building_only,1,r128_c320_z110,active,320.0,128.0,110.0,0.654902,0.63468695,1.0,0.0
building_only,1,r128_c320_z120,active,320.0,128.0,120.0,0.6509804,0.6334826,1.0,0.0
building_only,1,r128_c320_z130,active,320.0,128.0,130.0,0.64705884,0.6312098,1.0,0.0
building_only,1,r144_c480_z110,active,480.0,144.0,110.0,0.654902,0.62291795,1.0,0.0
building_only,1,r144_c480_z120,active,480.0,144.0,120.0,0.6509804,0.6223382,1.0,0.0
building_only,1,r144_c480_z130,active,480.0,144.0,130.0,0.64705884,0.62198544,1.0,0.0
building_only,1,r160_c128_z100,active,128.0,160.0,100.0,0.654902,0.63582355,1.0,0.0
building_only,1,r160_c128_z110,active,128.0,160.0,110.0,0.654902,0.63388854,1.0,0.0
building_only,1,r160_c128_z120,active,128.0,160.0,120.0,0.6509804,0.63177365,1.0,0.0
building_only,1,r160_c128_z130,active,128.0,160.0,130.0,0.64705884,0.6292837,1.0,0.0
building_only,1,r224_c176_z110,active,176.0,224.0,110.0,0.64705884,0.6311748,1.0,0.0
building_only,1,r224_c176_z120,active,176.0,224.0,120.0,0.64705884,0.63088644,1.0,0.0
building_only,1,r224_c176_z130,active,176.0,224.0,130.0,0.6431373,0.630103,1.0,0.0
building_only,1,r224_c48_z100,active,48.0,224.0,100.0,0.6392157,0.6306057,1.0,0.0006291946
building_only,1,r224_c48_z110,active,48.0,224.0,110.0,0.6392157,0.6301308,1.0,0.0006291946
building_only,1,r224_c48_z120,active,48.0,224.0,120.0,0.6392157,0.62964976,1.0,0.0006291946
building_only,1,r224_c48_z130,active,48.0,224.0,130.0,0.6392157,0.6293261,1.0,0.0006291946
building_only,1,r256_c480_z100,active,480.0,256.0,100.0,0.654902,0.6308389,1.0,0.0006291946
building_only,1,r256_c480_z110,active,480.0,256.0,110.0,0.6509804,0.6278798,1.0,0.0006291946
building_only,1,r256_c480_z120,active,480.0,256.0,120.0,0.6509804,0.6270218,1.0,0.0006291946
building_only,1,r256_c480_z130,active,480.0,256.0,130.0,0.6431373,0.6256142,1.0,0.0006291946
building_only,1,r256_c64_z100,active,64.0,256.0,100.0,0.654902,0.6340286,1.0,0.0
building_only,1,r256_c64_z110,active,64.0,256.0,110.0,0.64705884,0.6343884,1.0,0.0
building_only,1,r256_c64_z120,active,64.0,256.0,120.0,0.6431373,0.63389736,1.0,0.0
building_only,1,r256_c64_z130,active,64.0,256.0,130.0,0.6431373,0.6328564,1.0,0.0
building_only,1,r272_c336_z100,active,336.0,272.0,100.0,0.6509804,0.6341857,1.0,0.0
building_only,1,r272_c336_z110,active,336.0,272.0,110.0,0.64705884,0.63393193,1.0,0.0
building_only,1,r272_c336_z120,active,336.0,272.0,120.0,0.64705884,0.6330528,1.0,0.0
building_only,1,r272_c336_z130,active,336.0,272.0,130.0,0.6431373,0.6315905,1.0,0.0
building_only,1,r272_c432_z100,active,432.0,272.0,100.0,0.65882355,0.6339191,1.0,0.0006291946
building_only,1,r272_c432_z110,active,432.0,272.0,110.0,0.6509804,0.63260835,1.0,0.0006291946
building_only,1,r272_c432_z120,active,432.0,272.0,120.0,0.6509804,0.6309722,1.0,0.0006291946
building_only,1,r272_c432_z130,active,432.0,272.0,130.0,0.64705884,0.62879723,1.0,0.0006291946
building_only,1,r288_c240_z100,active,240.0,288.0,100.0,0.654902,0.6363079,1.0,0.0
building_only,1,r288_c240_z110,active,240.0,288.0,110.0,0.654902,0.6367217,1.0,0.0
building_only,1,r288_c240_z120,active,240.0,288.0,120.0,0.6509804,0.6366722,1.0,0.0
building_only,1,r288_c240_z130,active,240.0,288.0,130.0,0.64705884,0.6359537,1.0,0.0
building_only,1,r288_c480_z100,active,480.0,288.0,100.0,0.64705884,0.632605,1.0,0.0006291946
building_only,1,r288_c480_z110,active,480.0,288.0,110.0,0.64705884,0.63033354,1.0,0.0006291946
building_only,1,r288_c480_z120,active,480.0,288.0,120.0,0.64705884,0.628241,1.0,0.0006291946
building_only,1,r288_c480_z130,active,480.0,288.0,130.0,0.6431373,0.6259894,1.0,0.0006291946
building_only,1,r304_c224_z100,active,224.0,304.0,100.0,0.65882355,0.6371294,1.0,0.0
building_only,1,r304_c224_z110,active,224.0,304.0,110.0,0.654902,0.6377837,1.0,0.0
building_only,1,r304_c224_z120,active,224.0,304.0,120.0,0.6509804,0.63758343,1.0,0.0
building_only,1,r304_c224_z130,active,224.0,304.0,130.0,0.64705884,0.6362578,1.0,0.0
building_only,1,r304_c480_z110,active,480.0,304.0,110.0,0.64705884,0.62991035,1.0,0.0006291946
building_only,1,r304_c480_z120,active,480.0,304.0,120.0,0.64705884,0.6281606,1.0,0.0006291946
building_only,1,r304_c96_z100,active,96.0,304.0,100.0,0.654902,0.63862264,1.0,0.0
building_only,1,r304_c96_z110,active,96.0,304.0,110.0,0.6509804,0.6385228,1.0,0.0
building_only,1,r304_c96_z120,active,96.0,304.0,120.0,0.64705884,0.6376813,1.0,0.0
building_only,1,r304_c96_z130,active,96.0,304.0,130.0,0.6431373,0.6367694,1.0,0.0
building_only,1,r320_c256_z110,active,256.0,320.0,110.0,0.654902,0.6381818,1.0,0.0
building_only,1,r320_c256_z120,active,256.0,320.0,120.0,0.64705884,0.63792783,1.0,0.0
building_only,1,r320_c256_z130,active,256.0,320.0,130.0,0.64705884,0.63713396,1.0,0.0
building_only,1,r320_c80_z100,active,80.0,320.0,100.0,0.654902,0.6394858,1.0,0.0
building_only,1,r320_c80_z110,active,80.0,320.0,110.0,0.654902,0.6391821,1.0,0.0
building_only,1,r320_c80_z120,active,80.0,320.0,120.0,0.6509804,0.6382649,1.0,0.0
building_only,1,r320_c80_z130,active,80.0,320.0,130.0,0.64705884,0.6371568,1.0,0.0
building_only,1,r32_c112_z100,active,112.0,32.0,100.0,0.6509804,0.6296543,1.0,0.0
building_only,1,r32_c112_z110,active,112.0,32.0,110.0,0.6392157,0.6278591,1.0,0.0
building_only,1,r32_c112_z120,active,112.0,32.0,120.0,0.6392157,0.62773174,1.0,0.0
building_only,2,r32_c112_z130,active,112.0,32.0,130.0,0.6392157,0.6269898,1.0,0.0
building_only,2,r32_c304_z100,active,304.0,32.0,100.0,0.65882355,0.631783,1.0,0.0
building_only,2,r32_c304_z110,active,304.0,32.0,110.0,0.6509804,0.6288668,1.0,0.0
building_only,2,r32_c304_z120,active,304.0,32.0,120.0,0.6509804,0.62573594,1.0,0.0
building_only,2,r32_c304_z130,active,304.0,32.0,130.0,0.64705884,0.62399065,1.0,0.0
building_only,2,r32_c320_z100,active,320.0,32.0,100.0,0.654902,0.6320322,1.0,0.0
building_only,2,r32_c320_z110,active,320.0,32.0,110.0,0.6509804,0.628817,1.0,0.0
building_only,2,r32_c320_z120,active,320.0,32.0,120.0,0.6509804,0.62549704,1.0,0.0
building_only,2,r32_c320_z130,active,320.0,32.0,130.0,0.64705884,0.62388265,1.0,0.0
building_only,2,r32_c384_z100,active,384.0,32.0,100.0,0.64705884,0.6260797,1.0,0.0
building_only,2,r32_c384_z110,active,384.0,32.0,110.0,0.6431373,0.62561786,1.0,0.0
building_only,2,r32_c384_z120,active,384.0,32.0,120.0,0.6392157,0.6247153,1.0,0.0
building_only,2,r32_c384_z130,active,384.0,32.0,130.0,0.6392157,0.6240892,1.0,0.0
building_only,2,r32_c480_z100,active,480.0,32.0,100.0,0.63529414,0.6220906,1.0,0.0
building_only,2,r32_c480_z110,active,480.0,32.0,110.0,0.63529414,0.6218899,1.0,0.0
building_only,2,r32_c480_z120,active,480.0,32.0,120.0,0.63529414,0.62173194,1.0,0.0
building_only,2,r32_c480_z130,active,480.0,32.0,130.0,0.6313726,0.6214386,1.0,0.0
building_only,2,r32_c96_z100,active,96.0,32.0,100.0,0.6392157,0.6284906,1.0,0.0
building_only,2,r32_c96_z110,active,96.0,32.0,110.0,0.6392157,0.62795466,1.0,0.0
building_only,2,r32_c96_z120,active,96.0,32.0,120.0,0.63529414,0.62780684,1.0,0.0
building_only,2,r32_c96_z130,active,96.0,32.0,130.0,0.63529414,0.6271544,1.0,0.0
building_only,2,r336_c176_z100,active,176.0,336.0,100.0,0.654902,0.63909584,1.0,0.0
building_only,2,r336_c176_z110,active,176.0,336.0,110.0,0.64705884,0.6392382,1.0,0.0
building_only,2,r336_c176_z120,active,176.0,336.0,120.0,0.64705884,0.6385248,1.0,0.0
building_only,2,r336_c176_z130,active,176.0,336.0,130.0,0.6431373,0.63745314,1.0,0.0
building_only,2,r336_c256_z100,active,256.0,336.0,100.0,0.65882355,0.6378255,1.0,0.0
building_only,2,r336_c256_z110,active,256.0,336.0,110.0,0.6509804,0.6380295,1.0,0.0
building_only,2,r336_c256_z120,active,256.0,336.0,120.0,0.6509804,0.63771844,1.0,0.0
building_only,2,r336_c256_z130,active,256.0,336.0,130.0,0.64705884,0.6370806,1.0,0.0
building_only,2,r336_c480_z100,active,480.0,336.0,100.0,0.65882355,0.62892634,1.0,0.0006291946
building_only,2,r336_c480_z110,active,480.0,336.0,110.0,0.654902,0.6277367,1.0,0.0006291946
building_only,2,r336_c480_z120,active,480.0,336.0,120.0,0.6509804,0.6267017,1.0,0.0006291946
building_only,2,r336_c480_z130,active,480.0,336.0,130.0,0.64705884,0.62463975,1.0,0.0006291946
building_only,2,r352_c416_z100,active,416.0,352.0,100.0,0.65882355,0.6272091,1.0,0.0006291946
building_only,2,r352_c416_z110,active,416.0,352.0,110.0,0.6509804,0.62647766,1.0,0.0006291946
building_only,2,r352_c416_z120,active,416.0,352.0,120.0,0.64705884,0.62544733,1.0,0.0006291946
building_only,2,r352_c416_z130,active,416.0,352.0,130.0,0.6431373,0.6244857,1.0,0.0006291946
building_only,2,r352_c464_z100,active,464.0,352.0,100.0,0.654902,0.62829775,1.0,0.0006291946
building_only,2,r352_c464_z120,active,464.0,352.0,120.0,0.64705884,0.62717736,1.0,0.0006291946
building_only,2,r352_c464_z130,active,464.0,352.0,130.0,0.64705884,0.62470454,1.0,0.0006291946
building_only,2,r352_c480_z100,active,480.0,352.0,100.0,0.65882355,0.62801695,1.0,0.0006291946
building_only,2,r352_c480_z110,active,480.0,352.0,110.0,0.654902,0.6279241,1.0,0.0006291946
building_only,2,r352_c480_z120,active,480.0,352.0,120.0,0.6509804,0.6270247,1.0,0.0006291946
building_only,2,r352_c480_z130,active,480.0,352.0,130.0,0.64705884,0.62414515,1.0,0.0006291946
building_only,2,r352_c96_z100,active,96.0,352.0,100.0,0.65882355,0.6408331,1.0,0.0
building_only,2,r352_c96_z110,active,96.0,352.0,110.0,0.654902,0.64053226,1.0,0.0
building_only,2,r352_c96_z120,active,96.0,352.0,120.0,0.6509804,0.6395439,1.0,0.0
building_only,2,r352_c96_z130,active,96.0,352.0,130.0,0.6431373,0.63827175,1.0,0.0
building_only,2,r368_c464_z100,active,464.0,368.0,100.0,0.654902,0.62735444,1.0,0.0006291946
building_only,2,r368_c464_z110,active,464.0,368.0,110.0,0.6509804,0.6279698,1.0,0.0006291946
building_only,2,r368_c464_z120,active,464.0,368.0,120.0,0.6509804,0.6268826,1.0,0.0006291946
building_only,2,r368_c464_z130,active,464.0,368.0,130.0,0.6431373,0.6235055,1.0,0.0006291946
building_only,2,r368_c480_z100,active,480.0,368.0,100.0,0.654902,0.6271812,1.0,0.0
building_only,2,r368_c480_z110,active,480.0,368.0,110.0,0.6509804,0.6273931,1.0,0.0
building_only,2,r368_c480_z120,active,480.0,368.0,120.0,0.6509804,0.6266283,1.0,0.0
building_only,2,r368_c480_z130,active,480.0,368.0,130.0,0.64705884,0.6235469,1.0,0.0
building_only,2,r384_c432_z100,active,432.0,384.0,100.0,0.654902,0.6259645,1.0,0.0
building_only,2,r384_c432_z110,active,432.0,384.0,110.0,0.6509804,0.6265154,1.0,0.0
building_only,2,r384_c432_z120,active,432.0,384.0,120.0,0.64705884,0.6252566,1.0,0.0
building_only,2,r384_c432_z130,active,432.0,384.0,130.0,0.6431373,0.62239635,1.0,0.0
building_only,2,r384_c464_z100,active,464.0,384.0,100.0,0.654902,0.62646455,1.0,0.0
building_only,2,r384_c464_z110,active,464.0,384.0,110.0,0.654902,0.6271369,1.0,0.0
building_only,2,r384_c464_z120,active,464.0,384.0,120.0,0.64705884,0.6262296,1.0,0.0
building_only,2,r384_c464_z130,active,464.0,384.0,130.0,0.64705884,0.6232258,1.0,0.0
building_only,2,r400_c160_z100,active,160.0,400.0,100.0,0.65882355,0.63670146,1.0,0.0006291946
building_only,2,r400_c160_z110,active,160.0,400.0,110.0,0.654902,0.6362856,1.0,0.0006291946
building_only,2,r400_c160_z120,active,160.0,400.0,120.0,0.64705884,0.6354411,1.0,0.0006291946
building_only,2,r400_c160_z130,active,160.0,400.0,130.0,0.64705884,0.63435405,1.0,0.0
building_only,2,r400_c224_z100,active,224.0,400.0,100.0,0.65882355,0.6352843,1.0,0.0006291946
building_only,2,r400_c224_z110,active,224.0,400.0,110.0,0.6509804,0.634649,1.0,0.0006291946
building_only,2,r400_c224_z120,active,224.0,400.0,120.0,0.6509804,0.63327277,1.0,0.0006291946
building_only,2,r400_c224_z130,active,224.0,400.0,130.0,0.64705884,0.6319504,1.0,0.0006291946
building_only,2,r400_c320_z100,active,320.0,400.0,100.0,0.654902,0.63325965,1.0,0.0006291946
building_only,2,r400_c320_z110,active,320.0,400.0,110.0,0.654902,0.6331898,1.0,0.0006291946
building_only,2,r400_c320_z120,active,320.0,400.0,120.0,0.6509804,0.63269365,1.0,0.0006291946
building_only,2,r400_c320_z130,active,320.0,400.0,130.0,0.64705884,0.63170904,1.0,0.0006291946
building_only,2,r416_c320_z100,active,320.0,416.0,100.0,0.654902,0.63129574,1.0,0.0006291946
building_only,2,r416_c320_z110,active,320.0,416.0,110.0,0.6509804,0.63105446,1.0,0.0006291946
building_only,2,r416_c320_z120,active,320.0,416.0,120.0,0.6509804,0.6304139,1.0,0.0006291946
building_only,2,r416_c320_z130,active,320.0,416.0,130.0,0.64705884,0.62964183,1.0,0.0006291946
building_only,2,r432_c16_z110,active,16.0,432.0,110.0,0.6509804,0.63126737,1.0,0.0
building_only,2,r432_c16_z120,active,16.0,432.0,120.0,0.6509804,0.62914956,1.0,0.0
building_only,3,r432_c16_z130,active,16.0,432.0,130.0,0.64705884,0.626866,1.0,0.0
building_only,3,r432_c256_z100,active,256.0,432.0,100.0,0.654902,0.63251495,1.0,0.0
building_only,3,r432_c256_z110,active,256.0,432.0,110.0,0.6509804,0.6316795,1.0,0.0
building_only,3,r432_c256_z120,active,256.0,432.0,120.0,0.6509804,0.63022375,1.0,0.0
building_only,3,r432_c256_z130,active,256.0,432.0,130.0,0.64705884,0.62834287,1.0,0.0
building_only,3,r432_c448_z100,active,448.0,432.0,100.0,0.654902,0.6226369,1.0,0.0
building_only,3,r432_c448_z110,active,448.0,432.0,110.0,0.6509804,0.6237123,1.0,0.0
building_only,3,r432_c448_z120,active,448.0,432.0,120.0,0.6509804,0.6234234,1.0,0.0
building_only,3,r432_c448_z130,active,448.0,432.0,130.0,0.64705884,0.62112844,1.0,0.0
building_only,3,r432_c464_z100,active,464.0,432.0,100.0,0.654902,0.6218572,1.0,0.0
building_only,3,r432_c464_z110,active,464.0,432.0,110.0,0.6509804,0.62312835,1.0,0.0
building_only,3,r432_c464_z120,active,464.0,432.0,120.0,0.64705884,0.62293017,1.0,0.0
building_only,3,r432_c464_z130,active,464.0,432.0,130.0,0.64705884,0.62134194,1.0,0.0
building_only,3,r448_c352_z100,active,352.0,448.0,100.0,0.654902,0.6246085,1.0,0.0006291946
building_only,3,r448_c352_z110,active,352.0,448.0,110.0,0.654902,0.62398005,1.0,0.0006291946
building_only,3,r448_c352_z120,active,352.0,448.0,120.0,0.6509804,0.6232923,1.0,0.0006291946
building_only,3,r448_c352_z130,active,352.0,448.0,130.0,0.64705884,0.6222682,1.0,0.0006291946
building_only,3,r448_c448_z100,active,448.0,448.0,100.0,0.654902,0.621393,1.0,0.0
building_only,3,r448_c448_z110,active,448.0,448.0,110.0,0.654902,0.6222347,1.0,0.0
building_only,3,r448_c448_z130,active,448.0,448.0,130.0,0.64705884,0.62031555,1.0,0.0
building_only,3,r448_c464_z100,active,464.0,448.0,100.0,0.654902,0.620281,1.0,0.0
building_only,3,r448_c464_z110,active,464.0,448.0,110.0,0.654902,0.6216785,1.0,0.0
building_only,3,r448_c464_z120,active,464.0,448.0,120.0,0.64705884,0.62182844,1.0,0.0
building_only,3,r448_c464_z130,active,464.0,448.0,130.0,0.64705884,0.6205,1.0,0.0
building_only,3,r448_c64_z110,active,64.0,448.0,110.0,0.654902,0.633065,1.0,0.0
building_only,3,r448_c64_z120,active,64.0,448.0,120.0,0.64705884,0.63094676,1.0,0.0
building_only,3,r448_c64_z130,active,64.0,448.0,130.0,0.64705884,0.6290637,1.0,0.0
building_only,3,r464_c144_z100,active,144.0,464.0,100.0,0.654902,0.63080764,1.0,0.0
building_only,3,r464_c144_z110,active,144.0,464.0,110.0,0.64705884,0.6298479,1.0,0.0
building_only,3,r464_c144_z120,active,144.0,464.0,120.0,0.64705884,0.6286857,1.0,0.0
building_only,3,r464_c144_z130,active,144.0,464.0,130.0,0.64705884,0.6273991,1.0,0.0
building_only,3,r480_c256_z100,active,256.0,480.0,100.0,0.64705884,0.62739974,1.0,0.0
building_only,3,r480_c256_z110,active,256.0,480.0,110.0,0.64705884,0.6268047,1.0,0.0
building_only,3,r480_c256_z120,active,256.0,480.0,120.0,0.64705884,0.62544596,1.0,0.0
building_only,3,r480_c256_z130,active,256.0,480.0,130.0,0.6431373,0.6244783,1.0,0.0
building_only,3,r48_c128_z100,active,128.0,48.0,100.0,0.654902,0.6305845,1.0,0.0
building_only,3,r48_c128_z110,active,128.0,48.0,110.0,0.6509804,0.62826693,1.0,0.0
building_only,3,r48_c128_z120,active,128.0,48.0,120.0,0.64705884,0.6271014,1.0,0.0
building_only,3,r48_c128_z130,active,128.0,48.0,130.0,0.64705884,0.62631613,1.0,0.0
building_only,3,r48_c176_z100,active,176.0,48.0,100.0,0.6509804,0.6310985,1.0,0.0006291946
building_only,3,r48_c176_z110,active,176.0,48.0,110.0,0.6509804,0.6289008,1.0,0.0006291946
building_only,3,r48_c176_z120,active,176.0,48.0,120.0,0.6509804,0.62837976,1.0,0.0006291946
building_only,3,r48_c176_z130,active,176.0,48.0,130.0,0.6431373,0.62694097,1.0,0.0006291946
building_only,3,r48_c256_z100,active,256.0,48.0,100.0,0.65882355,0.6361524,1.0,0.0
building_only,3,r48_c256_z110,active,256.0,48.0,110.0,0.6509804,0.6350116,1.0,0.0
building_only,3,r48_c256_z120,active,256.0,48.0,120.0,0.6509804,0.6321999,1.0,0.0
building_only,3,r48_c272_z100,active,272.0,48.0,100.0,0.654902,0.636021,1.0,0.0
building_only,3,r48_c272_z120,active,272.0,48.0,120.0,0.64705884,0.63063586,1.0,0.0
building_only,3,r48_c272_z130,active,272.0,48.0,130.0,0.64705884,0.6271961,1.0,0.0
building_only,3,r496_c320_z100,active,320.0,496.0,100.0,0.64705884,0.6231064,1.0,0.0
building_only,3,r496_c320_z110,active,320.0,496.0,110.0,0.6431373,0.62251395,1.0,0.0
building_only,3,r496_c320_z130,active,320.0,496.0,130.0,0.63529414,0.6204607,1.0,0.0
building_only,3,r496_c352_z100,active,352.0,496.0,100.0,0.64705884,0.62057185,1.0,0.0
building_only,3,r496_c352_z110,active,352.0,496.0,110.0,0.6431373,0.6203628,1.0,0.0
building_only,3,r496_c352_z120,active,352.0,496.0,120.0,0.6431373,0.6196763,1.0,0.0
building_only,3,r496_c352_z130,active,352.0,496.0,130.0,0.6431373,0.6187419,1.0,0.0
building_only,3,r496_c448_z100,active,448.0,496.0,100.0,0.64705884,0.61632705,1.0,0.0
building_only,3,r496_c448_z110,active,448.0,496.0,110.0,0.6431373,0.6164467,1.0,0.0
building_only,3,r496_c448_z120,active,448.0,496.0,120.0,0.63529414,0.61764264,1.0,0.0
building_only,3,r496_c448_z130,active,448.0,496.0,130.0,0.6313726,0.61687243,1.0,0.0
building_only,3,r64_c192_z110,active,192.0,64.0,110.0,0.654902,0.6302549,1.0,0.0006291946
building_only,3,r64_c192_z120,active,192.0,64.0,120.0,0.6509804,0.6295505,1.0,0.0006291946
building_only,3,r64_c192_z130,active,192.0,64.0,130.0,0.6431373,0.62816656,1.0,0.0006291946
building_only,3,r64_c256_z100,active,256.0,64.0,100.0,0.65882355,0.63726354,1.0,0.0
building_only,3,r64_c256_z110,active,256.0,64.0,110.0,0.654902,0.63497555,1.0,0.0
building_only,3,r64_c256_z120,active,256.0,64.0,120.0,0.6509804,0.6316513,1.0,0.0
building_only,3,r64_c256_z130,active,256.0,64.0,130.0,0.64705884,0.6275501,1.0,0.0
building_only,3,r64_c48_z100,active,48.0,64.0,100.0,0.654902,0.62753135,1.0,0.0
building_only,3,r64_c48_z110,active,48.0,64.0,110.0,0.654902,0.62729,1.0,0.0
building_only,3,r64_c48_z120,active,48.0,64.0,120.0,0.64705884,0.6268533,1.0,0.0
building_only,3,r64_c48_z130,active,48.0,64.0,130.0,0.64705884,0.62609535,1.0,0.0
building_only,3,r176_c48_z100,active,48.0,176.0,100.0,0.654902,0.63425094,0.96,0.0006291946
building_only,3,r176_c48_z110,active,48.0,176.0,110.0,0.6509804,0.63348204,0.96,0.0006291946
building_only,3,r176_c48_z120,active,48.0,176.0,120.0,0.64705884,0.63173884,0.96,0.0006291946
building_only,3,r176_c48_z130,active,48.0,176.0,130.0,0.64705884,0.62949705,0.96,0.0006291946
building_only,3,r176_c496_z100,active,496.0,176.0,100.0,0.654902,0.629028,0.96,0.0
building_only,3,r176_c496_z110,active,496.0,176.0,110.0,0.654902,0.626052,0.96,0.0
building_only,3,r176_c496_z120,active,496.0,176.0,120.0,0.6509804,0.6247633,0.96,0.0
building_only,3,r176_c496_z130,active,496.0,176.0,130.0,0.64705884,0.6241112,0.96,0.0
building_only,3,r192_c112_z100,active,112.0,192.0,100.0,0.6509804,0.63308406,0.96,0.0006291946
building_only,3,r192_c112_z110,active,112.0,192.0,110.0,0.6509804,0.63197565,0.96,0.0006291946
building_only,3,r192_c112_z120,active,112.0,192.0,120.0,0.6509804,0.6301316,0.96,0.0006291946
building_only,4,r192_c112_z130,active,112.0,192.0,130.0,0.6431373,0.6277927,0.96,0.0006291946
building_only,4,r208_c32_z100,active,32.0,208.0,100.0,0.6431373,0.6314117,0.96,0.0006291946
building_only,4,r208_c32_z110,active,32.0,208.0,110.0,0.6431373,0.63067424,0.96,0.0006291946
building_only,4,r208_c32_z120,active,32.0,208.0,120.0,0.6431373,0.62951005,0.96,0.0006291946
building_only,4,r208_c32_z130,active,32.0,208.0,130.0,0.6392157,0.6273429,0.96,0.0006291946
building_only,4,r240_c48_z100,active,48.0,240.0,100.0,0.63529414,0.6320845,0.96,0.0
building_only,4,r240_c48_z110,active,48.0,240.0,110.0,0.63529414,0.63185376,0.96,0.0
building_only,4,r240_c48_z120,active,48.0,240.0,120.0,0.63529414,0.63146013,0.96,0.0
building_only,4,r240_c48_z130,active,48.0,240.0,130.0,0.63529414,0.6309464,0.96,0.0
building_only,4,r256_c496_z100,active,496.0,256.0,100.0,0.64705884,0.6273089,0.96,0.0006291946
building_only,4,r256_c496_z110,active,496.0,256.0,110.0,0.64705884,0.6269317,0.96,0.0006291946
building_only,4,r256_c496_z120,active,496.0,256.0,120.0,0.6431373,0.6260269,0.96,0.0006291946
building_only,4,r256_c496_z130,active,496.0,256.0,130.0,0.63529414,0.62449455,0.96,0.0006291946
building_only,4,r336_c16_z100,active,16.0,336.0,100.0,0.654902,0.6375573,0.96,0.0
building_only,4,r336_c16_z110,active,16.0,336.0,110.0,0.64705884,0.637168,0.96,0.0
building_only,4,r336_c16_z120,active,16.0,336.0,120.0,0.64705884,0.63627017,0.96,0.0
building_only,4,r336_c16_z130,active,16.0,336.0,130.0,0.64705884,0.6350231,0.96,0.0
building_only,4,r336_c32_z100,active,32.0,336.0,100.0,0.6509804,0.6376641,0.96,0.0
building_only,4,r336_c32_z110,active,32.0,336.0,110.0,0.64705884,0.637261,0.96,0.0
building_only,4,r336_c32_z130,active,32.0,336.0,130.0,0.64705884,0.63510245,0.96,0.0
building_only,4,r336_c48_z100,active,48.0,336.0,100.0,0.6509804,0.6385636,0.96,0.0
building_only,4,r336_c48_z110,active,48.0,336.0,110.0,0.6509804,0.6381726,0.96,0.0
building_only,4,r336_c48_z120,active,48.0,336.0,120.0,0.6431373,0.63725877,0.96,0.0
building_only,4,r336_c48_z130,active,48.0,336.0,130.0,0.6431373,0.6361131,0.96,0.0
building_only,4,r352_c352_z100,active,352.0,352.0,100.0,0.6509804,0.6318325,0.96,0.0006291946
building_only,4,r352_c352_z110,active,352.0,352.0,110.0,0.6509804,0.6320844,0.96,0.0006291946
building_only,4,r352_c352_z120,active,352.0,352.0,120.0,0.64705884,0.6318992,0.96,0.0006291946
building_only,4,r352_c352_z130,active,352.0,352.0,130.0,0.6431373,0.6310648,0.96,0.0006291946
building_only,4,r368_c352_z100,active,352.0,368.0,100.0,0.6509804,0.6322279,0.96,0.0006291946
building_only,4,r368_c352_z110,active,352.0,368.0,110.0,0.6509804,0.63235515,0.96,0.0006291946
building_only,4,r368_c352_z120,active,352.0,368.0,120.0,0.64705884,0.63195616,0.96,0.0006291946
building_only,4,r368_c352_z130,active,352.0,368.0,130.0,0.6431373,0.6310514,0.96,0.0006291946
building_only,4,r416_c352_z100,active,352.0,416.0,100.0,0.654902,0.6275842,0.96,0.0006291946
building_only,4,r416_c352_z120,active,352.0,416.0,120.0,0.6509804,0.62679636,0.96,0.0006291946
building_only,4,r416_c352_z130,active,352.0,416.0,130.0,0.64705884,0.6258663,0.96,0.0006291946
building_only,4,r448_c160_z100,active,160.0,448.0,100.0,0.65882355,0.63015425,0.96,0.0006291946
building_only,4,r448_c160_z110,active,160.0,448.0,110.0,0.6509804,0.6297977,0.96,0.0006291946
building_only,4,r448_c160_z120,active,160.0,448.0,120.0,0.6509804,0.629126,0.96,0.0006291946
building_only,4,r448_c160_z130,active,160.0,448.0,130.0,0.6431373,0.6281339,0.96,0.0006291946
building_only,4,r480_c32_z100,active,32.0,480.0,100.0,0.6509804,0.62426007,0.96,0.0
building_only,4,r480_c32_z110,active,32.0,480.0,110.0,0.63529414,0.6237168,0.96,0.0
building_only,4,r480_c32_z120,active,32.0,480.0,120.0,0.63529414,0.6227963,0.96,0.0
building_only,4,r480_c32_z130,active,32.0,480.0,130.0,0.63529414,0.6218756,0.96,0.0
building_only,4,r48_c112_z100,active,112.0,48.0,100.0,0.65882355,0.6294134,0.96,0.0
building_only,4,r48_c112_z110,active,112.0,48.0,110.0,0.6509804,0.6284549,0.96,0.0
building_only,4,r48_c112_z120,active,112.0,48.0,120.0,0.6509804,0.628087,0.96,0.0
building_only,4,r144_c176_z100,active,176.0,144.0,100.0,0.65882355,0.6334997,0.92,0.0
building_only,4,r144_c176_z110,active,176.0,144.0,110.0,0.6509804,0.63230354,0.92,0.0
building_only,4,r144_c176_z120,active,176.0,144.0,120.0,0.64705884,0.63029367,0.92,0.0
building_only,4,r160_c384_z100,active,384.0,160.0,100.0,0.654902,0.6360025,0.92,0.0
building_only,4,r160_c384_z110,active,384.0,160.0,110.0,0.654902,0.6347846,0.92,0.0
building_only,4,r160_c384_z120,active,384.0,160.0,120.0,0.64705884,0.6331779,0.92,0.0
building_only,4,r160_c384_z130,active,384.0,160.0,130.0,0.64705884,0.6312389,0.92,0.0
building_only,4,r160_c400_z100,active,400.0,160.0,100.0,0.65882355,0.6358615,0.92,0.0
building_only,4,r160_c400_z110,active,400.0,160.0,110.0,0.654902,0.63446486,0.92,0.0
building_only,4,r160_c400_z120,active,400.0,160.0,120.0,0.6509804,0.632509,0.92,0.0
building_only,4,r160_c400_z130,active,400.0,160.0,130.0,0.64705884,0.6303448,0.92,0.0
building_only,4,r192_c96_z100,active,96.0,192.0,100.0,0.6509804,0.63253045,0.92,0.0006291946
building_only,4,r192_c96_z110,active,96.0,192.0,110.0,0.6509804,0.6319949,0.92,0.0006291946
building_only,4,r192_c96_z120,active,96.0,192.0,120.0,0.64705884,0.6305717,0.92,0.0006291946
building_only,4,r192_c96_z130,active,96.0,192.0,130.0,0.64705884,0.62839305,0.92,0.0006291946
building_only,4,r240_c112_z100,active,112.0,240.0,100.0,0.65882355,0.63243777,0.92,0.0006291946
building_only,4,r240_c112_z110,active,112.0,240.0,110.0,0.6509804,0.63291854,0.92,0.0006291946
building_only,4,r240_c112_z120,active,112.0,240.0,120.0,0.64705884,0.6326644,0.92,0.0006291946
building_only,4,r240_c112_z130,active,112.0,240.0,130.0,0.64705884,0.6321128,0.92,0.0
building_only,4,r256_c416_z100,active,416.0,256.0,100.0,0.654902,0.6320233,0.92,0.0
building_only,4,r256_c416_z110,active,416.0,256.0,110.0,0.64705884,0.6311348,0.92,0.0
building_only,4,r256_c416_z120,active,416.0,256.0,120.0,0.64705884,0.62963915,0.92,0.0
building_only,4,r256_c416_z130,active,416.0,256.0,130.0,0.64705884,0.6275295,0.92,0.0
building_only,4,r304_c384_z100,active,384.0,304.0,100.0,0.654902,0.6349582,0.92,0.0
building_only,4,r304_c384_z110,active,384.0,304.0,110.0,0.654902,0.63395405,0.92,0.0
building_only,4,r304_c384_z120,active,384.0,304.0,120.0,0.6509804,0.6324008,0.92,0.0
building_only,4,r304_c384_z130,active,384.0,304.0,130.0,0.64705884,0.6307454,0.92,0.0
building_only,4,r304_c400_z100,active,400.0,304.0,100.0,0.65882355,0.6346384,0.92,0.0
building_only,4,r304_c400_z110,active,400.0,304.0,110.0,0.6509804,0.6330353,0.92,0.0
building_only,4,r304_c400_z120,active,400.0,304.0,120.0,0.64705884,0.63134956,0.92,0.0
building_only,4,r304_c400_z130,active,400.0,304.0,130.0,0.64705884,0.6290204,0.92,0.0
building_only,4,r352_c400_z100,active,400.0,352.0,100.0,0.65882355,0.6293238,0.92,0.0006291946
building_only,4,r352_c400_z110,active,400.0,352.0,110.0,0.6509804,0.6282801,0.92,0.0006291946
building_only,4,r352_c400_z120,active,400.0,352.0,120.0,0.64705884,0.6272668,0.92,0.0006291946
building_only,4,r352_c400_z130,active,400.0,352.0,130.0,0.64705884,0.62600785,0.92,0.0006291946
building_only,4,r448_c384_z100,active,384.0,448.0,100.0,0.654902,0.6213848,0.92,0.0
building_only,5,r448_c384_z110,active,384.0,448.0,110.0,0.6509804,0.621379,0.92,0.0
building_only,5,r448_c384_z120,active,384.0,448.0,120.0,0.64705884,0.6209942,0.92,0.0
building_only,5,r448_c384_z130,active,384.0,448.0,130.0,0.64705884,0.62037104,0.92,0.0
building_only,5,r480_c192_z100,active,192.0,480.0,100.0,0.65882355,0.6279269,0.92,0.0
building_only,5,r480_c192_z110,active,192.0,480.0,110.0,0.6509804,0.6266096,0.92,0.0
building_only,5,r480_c192_z120,active,192.0,480.0,120.0,0.6509804,0.6253578,0.92,0.0
building_only,5,r480_c192_z130,active,192.0,480.0,130.0,0.64705884,0.62414676,0.92,0.0
building_only,5,r96_c272_z100,active,272.0,96.0,100.0,0.65882355,0.633257,0.92,0.0
building_only,5,r96_c272_z110,active,272.0,96.0,110.0,0.654902,0.6300174,0.92,0.0
building_only,5,r96_c272_z120,active,272.0,96.0,120.0,0.6509804,0.62834495,0.92,0.0
building_only,5,r96_c272_z130,active,272.0,96.0,130.0,0.64705884,0.62656665,0.92,0.0
building_only,5,r16_c304_z100,active,304.0,16.0,100.0,0.65882355,0.6293728,0.88,0.0
building_only,5,r16_c304_z110,active,304.0,16.0,110.0,0.654902,0.62663066,0.88,0.0
building_only,5,r16_c304_z120,active,304.0,16.0,120.0,0.6509804,0.6254259,0.88,0.0
building_only,5,r16_c304_z130,active,304.0,16.0,130.0,0.64705884,0.6240896,0.88,0.0
building_only,5,r256_c128_z100,active,128.0,256.0,100.0,0.65882355,0.6337975,0.88,0.0
building_only,5,r256_c128_z120,active,128.0,256.0,120.0,0.6509804,0.6338821,0.88,0.0
building_only,5,r256_c128_z130,active,128.0,256.0,130.0,0.64705884,0.63328105,0.88,0.0
building_only,5,r304_c368_z100,active,368.0,304.0,100.0,0.654902,0.63509876,0.88,0.0
building_only,5,r304_c368_z110,active,368.0,304.0,110.0,0.6509804,0.6341687,0.88,0.0
building_only,5,r304_c368_z120,active,368.0,304.0,120.0,0.64705884,0.6327024,0.88,0.0
building_only,5,r304_c368_z130,active,368.0,304.0,130.0,0.64705884,0.6314063,0.88,0.0
building_only,5,r32_c336_z100,active,336.0,32.0,100.0,0.6509804,0.6314723,0.88,0.0
building_only,5,r32_c336_z120,active,336.0,32.0,120.0,0.6509804,0.62499934,0.88,0.0
building_only,5,r32_c336_z130,active,336.0,32.0,130.0,0.64705884,0.62382096,0.88,0.0
building_only,5,r336_c336_z100,active,336.0,336.0,100.0,0.65882355,0.6330966,0.88,0.0
building_only,5,r336_c336_z110,active,336.0,336.0,110.0,0.6509804,0.6335733,0.88,0.0
building_only,5,r336_c336_z120,active,336.0,336.0,120.0,0.6509804,0.633507,0.88,0.0
building_only,5,r336_c336_z130,active,336.0,336.0,130.0,0.64705884,0.63282996,0.88,0.0
building_only,5,r384_c256_z100,active,256.0,384.0,100.0,0.65882355,0.63713914,0.88,0.0006291946
building_only,5,r384_c256_z110,active,256.0,384.0,110.0,0.654902,0.636901,0.88,0.0006291946
building_only,5,r384_c256_z120,active,256.0,384.0,120.0,0.6509804,0.6361184,0.88,0.0006291946
building_only,5,r384_c256_z130,active,256.0,384.0,130.0,0.64705884,0.6349507,0.88,0.0006291946
building_only,5,r464_c416_z100,active,416.0,464.0,100.0,0.654902,0.6188473,0.88,0.0
building_only,5,r464_c416_z110,active,416.0,464.0,110.0,0.654902,0.62041926,0.88,0.0
building_only,5,r464_c416_z120,active,416.0,464.0,120.0,0.6509804,0.62023926,0.88,0.0
building_only,5,r464_c416_z130,active,416.0,464.0,130.0,0.64705884,0.61778873,0.88,0.0
building_only,5,r144_c112_z100,active,112.0,144.0,100.0,0.65882355,0.6364996,0.84,0.0
building_only,5,r144_c112_z110,active,112.0,144.0,110.0,0.654902,0.63469076,0.84,0.0
building_only,5,r144_c112_z120,active,112.0,144.0,120.0,0.6509804,0.6323383,0.84,0.0
building_only,5,r144_c112_z130,active,112.0,144.0,130.0,0.64705884,0.629162,0.84,0.0
building_only,5,r160_c480_z100,active,480.0,160.0,100.0,0.654902,0.6304367,0.84,0.0
building_only,5,r160_c480_z110,active,480.0,160.0,110.0,0.654902,0.6271573,0.84,0.0
building_only,5,r160_c480_z120,active,480.0,160.0,120.0,0.6509804,0.6232262,0.84,0.0
building_only,5,r160_c480_z130,active,480.0,160.0,130.0,0.64705884,0.62267053,0.84,0.0
building_only,5,r192_c400_z100,active,400.0,192.0,100.0,0.6509804,0.63603896,0.84,0.0
building_only,5,r192_c400_z110,active,400.0,192.0,110.0,0.64705884,0.63451874,0.84,0.0
building_only,5,r192_c400_z120,active,400.0,192.0,120.0,0.64705884,0.6316862,0.84,0.0
building_only,5,r192_c400_z130,active,400.0,192.0,130.0,0.64705884,0.629548,0.84,0.0
building_only,5,r192_c496_z100,active,496.0,192.0,100.0,0.654902,0.6289203,0.84,0.0
building_only,5,r192_c496_z110,active,496.0,192.0,110.0,0.6509804,0.62658566,0.84,0.0
building_only,5,r192_c496_z120,active,496.0,192.0,120.0,0.64705884,0.6255122,0.84,0.0
building_only,5,r192_c496_z130,active,496.0,192.0,130.0,0.64705884,0.6248734,0.84,0.0
building_only,5,r224_c192_z100,active,192.0,224.0,100.0,0.654902,0.6302383,0.84,0.0
building_only,5,r224_c192_z110,active,192.0,224.0,110.0,0.6509804,0.63082725,0.84,0.0
building_only,5,r224_c192_z120,active,192.0,224.0,120.0,0.64705884,0.6305631,0.84,0.0
building_only,5,r224_c192_z130,active,192.0,224.0,130.0,0.64705884,0.6300951,0.84,0.0
building_only,5,r272_c96_z100,active,96.0,272.0,100.0,0.654902,0.6359715,0.84,0.0
building_only,5,r272_c96_z110,active,96.0,272.0,110.0,0.654902,0.63642824,0.84,0.0
building_only,5,r272_c96_z120,active,96.0,272.0,120.0,0.64705884,0.6358095,0.84,0.0
building_only,5,r272_c96_z130,active,96.0,272.0,130.0,0.64705884,0.63467413,0.84,0.0
building_only,5,r320_c128_z100,active,128.0,320.0,100.0,0.654902,0.6387658,0.84,0.0
building_only,5,r320_c128_z110,active,128.0,320.0,110.0,0.6509804,0.63870406,0.84,0.0
building_only,5,r320_c128_z120,active,128.0,320.0,120.0,0.6509804,0.6378185,0.84,0.0
building_only,5,r320_c128_z130,active,128.0,320.0,130.0,0.64705884,0.6368272,0.84,0.0
building_only,5,r448_c80_z100,active,80.0,448.0,100.0,0.654902,0.6348691,0.84,0.0
building_only,5,r448_c80_z110,active,80.0,448.0,110.0,0.6509804,0.6336457,0.84,0.0
building_only,5,r448_c80_z120,active,80.0,448.0,120.0,0.64705884,0.6318185,0.84,0.0
building_only,5,r448_c80_z130,active,80.0,448.0,130.0,0.64705884,0.6299752,0.84,0.0
building_only,5,r464_c112_z100,active,112.0,464.0,100.0,0.654902,0.6318441,0.84,0.0
building_only,5,r464_c112_z110,active,112.0,464.0,110.0,0.654902,0.6301778,0.84,0.0
building_only,5,r464_c112_z120,active,112.0,464.0,120.0,0.64705884,0.62844336,0.84,0.0
building_only,5,r464_c112_z130,active,112.0,464.0,130.0,0.64705884,0.62672275,0.84,0.0
building_only,5,r112_c32_z100,active,32.0,112.0,100.0,0.654902,0.6312184,0.8,0.0006291946
building_only,5,r112_c32_z110,active,32.0,112.0,110.0,0.654902,0.6299101,0.8,0.0006291946
building_only,5,r112_c32_z120,active,32.0,112.0,120.0,0.64705884,0.6283654,0.8,0.0006291946
building_only,5,r112_c32_z130,active,32.0,112.0,130.0,0.64705884,0.6257194,0.8,0.0006291946
building_only,5,r144_c64_z100,active,64.0,144.0,100.0,0.654902,0.63534564,0.8,0.0006291946
building_only,5,r144_c64_z110,active,64.0,144.0,110.0,0.6509804,0.63397723,0.8,0.0006291946
building_only,5,r144_c64_z120,active,64.0,144.0,120.0,0.64705884,0.6317599,0.8,0.0006291946
building_only,5,r144_c64_z130,active,64.0,144.0,130.0,0.64705884,0.6288238,0.8,0.0006291946
building_only,5,r160_c80_z100,active,80.0,160.0,100.0,0.65882355,0.63498926,0.8,0.0006291946
proposed,0,r240_c32_z100,initial,32.0,240.0,100.0,0.63529414,0.6313318,0.0,0.0
proposed,0,r304_c256_z110,initial,256.0,304.0,110.0,0.6509804,0.6377591,0.8,0.0
proposed,0,r208_c160_z110,initial,160.0,208.0,110.0,0.6509804,0.62954664,0.0,0.0
proposed,0,r128_c368_z110,initial,368.0,128.0,110.0,0.6509804,0.63548833,0.2,0.0
proposed,0,r368_c208_z130,initial,208.0,368.0,130.0,0.6431373,0.6351592,0.12,0.0
proposed,0,r320_c496_z120,initial,496.0,320.0,120.0,0.6509804,0.6248631,0.0,0.0006291946
proposed,0,r368_c96_z110,initial,96.0,368.0,110.0,0.654902,0.6404708,0.0,0.0
proposed,0,r240_c384_z120,initial,384.0,240.0,120.0,0.6509804,0.6311829,0.24,0.0
proposed,0,r64_c224_z130,initial,224.0,64.0,130.0,0.6431373,0.6295667,0.32,0.0
proposed,0,r192_c32_z130,initial,32.0,192.0,130.0,0.6431373,0.628325,0.0,0.0006291946
proposed,0,r496_c208_z130,initial,208.0,496.0,130.0,0.6392157,0.6227197,0.0,0.0
proposed,0,r208_c240_z120,initial,240.0,208.0,120.0,0.64705884,0.62746197,0.2,0.0
proposed,0,r240_c432_z130,initial,432.0,240.0,130.0,0.64705884,0.62672764,0.0,0.0
proposed,0,r64_c0_z120,initial,0.0,64.0,120.0,0.627451,0.61874074,0.0,0.0
proposed,0,r144_c176_z130,initial,176.0,144.0,130.0,0.6431373,0.62786317,0.92,0.0
proposed,0,r448_c0_z120,initial,0.0,448.0,120.0,0.64705884,0.62637913,0.0,0.0
proposed,0,r416_c496_z130,initial,496.0,416.0,130.0,0.6392157,0.6224537,0.0,0.0
proposed,0,r112_c272_z130,initial,272.0,112.0,130.0,0.64705884,0.626613,0.76,0.0
proposed,0,r304_c240_z120,initial,240.0,304.0,120.0,0.6509804,0.6380841,0.64,0.0
proposed,0,r256_c48_z100,initial,48.0,256.0,100.0,0.6431373,0.6334146,0.0,0.0
proposed,0,r384_c480_z100,initial,480.0,384.0,100.0,0.654902,0.6261505,0.76,0.0
proposed,0,r352_c464_z110,initial,464.0,352.0,110.0,0.654902,0.6281112,1.0,0.0006291946
proposed,0,r320_c64_z120,initial,64.0,320.0,120.0,0.64705884,0.6377163,0.04,0.0
proposed,0,r208_c240_z100,initial,240.0,208.0,100.0,0.654902,0.6288754,0.2,0.0
proposed,0,r160_c208_z110,initial,208.0,160.0,110.0,0.6509804,0.6311261,0.24,0.0
proposed,0,r496_c464_z110,initial,464.0,496.0,110.0,0.6313726,0.6161498,0.0,0.0
proposed,0,r480_c64_z130,initial,64.0,480.0,130.0,0.6392157,0.62165666,0.0,0.0
proposed,0,r48_c272_z110,initial,272.0,48.0,110.0,0.6509804,0.6339888,1.0,0.0
proposed,0,r400_c208_z110,initial,208.0,400.0,110.0,0.6509804,0.633617,0.24,0.0006291946
proposed,0,r352_c432_z110,initial,432.0,352.0,110.0,0.64705884,0.6278518,0.24,0.0006291946
proposed,0,r176_c208_z100,initial,208.0,176.0,100.0,0.6509804,0.63124746,0.0,0.0
proposed,0,r400_c384_z120,initial,384.0,400.0,120.0,0.64705884,0.6242475,0.32,0.0006291946
proposed,0,r64_c192_z100,initial,192.0,64.0,100.0,0.654902,0.63060313,1.0,0.0006291946
proposed,0,r464_c304_z120,initial,304.0,464.0,120.0,0.6509804,0.6249385,0.04,0.0006291946
proposed,0,r304_c480_z100,initial,480.0,304.0,100.0,0.6509804,0.63201165,1.0,0.0006291946
proposed,0,r384_c80_z120,initial,80.0,384.0,120.0,0.6509804,0.6402904,0.32,0.0
proposed,0,r208_c304_z120,initial,304.0,208.0,120.0,0.6509804,0.63155174,0.2,0.0
proposed,0,r304_c480_z130,initial,480.0,304.0,130.0,0.6431373,0.6252048,1.0,0.0006291946
proposed,0,r384_c336_z120,initial,336.0,384.0,120.0,0.6509804,0.6329618,0.04,0.0006291946
proposed,0,r304_c240_z110,initial,240.0,304.0,110.0,0.654902,0.6381485,0.64,0.0
proposed,0,r432_c64_z120,initial,64.0,432.0,120.0,0.64705884,0.635173,0.0,0.0
proposed,0,r160_c432_z100,initial,432.0,160.0,100.0,0.65882355,0.63393974,0.0,0.0
proposed,0,r320_c496_z110,initial,496.0,320.0,110.0,0.654902,0.6256395,0.0,0.0006291946
proposed,0,r256_c128_z110,initial,128.0,256.0,110.0,0.6509804,0.6341172,0.88,0.0
proposed,0,r400_c176_z110,initial,176.0,400.0,110.0,0.6509804,0.6359129,0.56,0.0012583892
proposed,0,r128_c272_z130,initial,272.0,128.0,130.0,0.64705884,0.6261245,0.2,0.0
proposed,0,r368_c0_z110,initial,0.0,368.0,110.0,0.64705884,0.63724476,0.0,0.0
proposed,0,r368_c96_z120,initial,96.0,368.0,120.0,0.64705884,0.6397181,0.0,0.0
proposed,0,r64_c80_z130,initial,80.0,64.0,130.0,0.6431373,0.6276759,0.52,0.0
proposed,0,r288_c32_z120,initial,32.0,288.0,120.0,0.6392157,0.63468546,0.04,0.0
proposed,0,r64_c336_z100,initial,336.0,64.0,100.0,0.6509804,0.637214,0.0,0.0
proposed,0,r320_c368_z110,initial,368.0,320.0,110.0,0.654902,0.6330209,0.0,0.0
proposed,0,r208_c480_z130,initial,480.0,208.0,130.0,0.6431373,0.6253274,0.48,0.0
proposed,0,r176_c448_z120,initial,448.0,176.0,120.0,0.64705884,0.6275907,0.0,0.0
proposed,0,r384_c272_z120,initial,272.0,384.0,120.0,0.6509804,0.6360237,0.48,0.0
proposed,0,r96_c416_z110,initial,416.0,96.0,110.0,0.654902,0.6307809,0.0,0.0
proposed,0,r448_c64_z100,initial,64.0,448.0,100.0,0.654902,0.63510525,1.0,0.0
proposed,0,r240_c320_z100,initial,320.0,240.0,100.0,0.6509804,0.6312521,0.2,0.0
proposed,0,r32_c336_z110,initial,336.0,32.0,110.0,0.6509804,0.6282641,0.88,0.0
proposed,0,r400_c272_z120,initial,272.0,400.0,120.0,0.64705884,0.63562065,0.0,0.0006291946
proposed,0,r112_c448_z130,initial,448.0,112.0,130.0,0.64705884,0.62625843,0.0,0.0
proposed,0,r352_c128_z110,initial,128.0,352.0,110.0,0.654902,0.63924235,0.0,0.0
proposed,0,r432_c384_z120,initial,384.0,432.0,120.0,0.6509804,0.6216793,0.4,0.0
proposed,0,r128_c480_z110,initial,480.0,128.0,110.0,0.6509804,0.6227231,0.12,0.0
proposed,0,r480_c336_z110,initial,336.0,480.0,110.0,0.6509804,0.6228546,0.0,0.0
proposed,0,r496_c144_z110,initial,144.0,496.0,110.0,0.654902,0.62470496,0.0,0.0
proposed,0,r416_c496_z110,initial,496.0,416.0,110.0,0.64705884,0.62375,0.0,0.0
proposed,0,r352_c48_z120,initial,48.0,352.0,120.0,0.64705884,0.63791233,0.0,0.0
proposed,0,r48_c448_z100,initial,448.0,48.0,100.0,0.654902,0.6242431,0.0,0.0
proposed,0,r320_c352_z130,initial,352.0,320.0,130.0,0.6431373,0.6303287,0.24,0.0
proposed,0,r128_c400_z130,initial,400.0,128.0,130.0,0.6431373,0.62937486,0.56,0.0
proposed,0,r256_c288_z110,initial,288.0,256.0,110.0,0.6509804,0.6307137,0.0,0.0
proposed,0,r16_c240_z130,initial,240.0,16.0,130.0,0.63529414,0.62935233,0.0,0.0
proposed,0,r368_c224_z100,initial,224.0,368.0,100.0,0.65882355,0.6372598,0.0,0.0006291946
proposed,0,r272_c464_z130,initial,464.0,272.0,130.0,0.64705884,0.6268373,0.04,0.0006291946
proposed,0,r192_c464_z130,initial,464.0,192.0,130.0,0.64705884,0.6256807,0.0,0.0
proposed,0,r496_c0_z130,initial,0.0,496.0,130.0,0.627451,0.62064946,0.0,0.0
proposed,0,r96_c224_z110,initial,224.0,96.0,110.0,0.64705884,0.63128704,0.12,0.0
proposed,0,r96_c240_z120,initial,240.0,96.0,120.0,0.64705884,0.62938094,0.0,0.0
proposed,0,r176_c304_z110,initial,304.0,176.0,110.0,0.6509804,0.6338386,0.6,0.0
proposed,0,r464_c256_z100,initial,256.0,464.0,100.0,0.654902,0.62854475,0.0,0.0
proposed,0,r448_c320_z130,initial,320.0,448.0,130.0,0.6431373,0.62394506,0.52,0.0006291946
proposed,0,r176_c384_z110,initial,384.0,176.0,110.0,0.64705884,0.6343779,0.4,0.0
proposed,0,r176_c336_z130,initial,336.0,176.0,130.0,0.64705884,0.6312671,0.12,0.0
proposed,0,r432_c48_z110,initial,48.0,432.0,110.0,0.6509804,0.63596994,0.0,0.0
proposed,0,r432_c416_z130,initial,416.0,432.0,130.0,0.6431373,0.61998564,0.28,0.0
proposed,0,r304_c48_z120,initial,48.0,304.0,120.0,0.6509804,0.63549703,0.0,0.0
proposed,0,r416_c272_z110,initial,272.0,416.0,110.0,0.6509804,0.63508713,0.08,0.0006291946
proposed,0,r176_c240_z100,initial,240.0,176.0,100.0,0.654902,0.62948304,0.32,0.0
proposed,0,r48_c112_z130,initial,112.0,48.0,130.0,0.6431373,0.6272068,0.96,0.0
proposed,0,r416_c48_z110,initial,48.0,416.0,110.0,0.6509804,0.6382716,0.04,0.0
proposed,0,r432_c16_z100,initial,16.0,432.0,100.0,0.654902,0.63292694,1.0,0.0
proposed,0,r304_c416_z110,initial,416.0,304.0,110.0,0.6509804,0.63014543,0.0,0.0006291946
proposed,0,r144_c224_z100,initial,224.0,144.0,100.0,0.65882355,0.6304876,0.0,0.0
proposed,0,r144_c480_z100,initial,480.0,144.0,100.0,0.65882355,0.6271732,1.0,0.0
proposed,0,r32_c448_z100,initial,448.0,32.0,100.0,0.654902,0.623035,0.0,0.0
proposed,0,r64_c384_z130,initial,384.0,64.0,130.0,0.64705884,0.6252906,0.0,0.0
proposed,0,r352_c496_z130,initial,496.0,352.0,130.0,0.64705884,0.62441367,0.0,0.0
proposed,0,r304_c192_z100,initial,192.0,304.0,100.0,0.654902,0.63714886,0.72,0.0
proposed,0,r304_c416_z120,initial,416.0,304.0,120.0,0.6509804,0.62860715,0.0,0.0006291946
proposed,0,r112_c16_z120,initial,16.0,112.0,120.0,0.6431373,0.62470734,0.0,0.0006291946
proposed,0,r176_c144_z100,initial,144.0,176.0,100.0,0.654902,0.6335267,0.0,0.0
proposed,0,r496_c160_z110,initial,160.0,496.0,110.0,0.64705884,0.6248448,0.0,0.0
proposed,0,r16_c336_z130,initial,336.0,16.0,130.0,0.64705884,0.62326044,0.0,0.0
proposed,0,r368_c288_z120,initial,288.0,368.0,120.0,0.6509804,0.6367072,0.0,0.0
proposed,0,r368_c48_z110,initial,48.0,368.0,110.0,0.6509804,0.6396495,0.0,0.0
proposed,0,r48_c464_z110,initial,464.0,48.0,110.0,0.64705884,0.62229806,0.0,0.0
proposed,0,r480_c80_z120,initial,80.0,480.0,120.0,0.6431373,0.62306696,0.36,0.0
proposed,0,r352_c80_z110,initial,80.0,352.0,110.0,0.6509804,0.6403112,0.0,0.0
proposed,0,r320_c144_z100,initial,144.0,320.0,100.0,0.654902,0.63880575,0.4,0.0
proposed,0,r240_c320_z120,initial,320.0,240.0,120.0,0.64705884,0.6301548,0.2,0.0
proposed,0,r480_c384_z100,initial,384.0,480.0,100.0,0.6509804,0.6190834,0.0,0.0
proposed,0,r176_c160_z110,initial,160.0,176.0,110.0,0.654902,0.6311915,0.52,0.0
proposed,0,r112_c176_z100,initial,176.0,112.0,100.0,0.6509804,0.6334877,0.6,0.0
proposed,0,r320_c160_z120,initial,160.0,320.0,120.0,0.64705884,0.6383803,0.0,0.0
proposed,0,r368_c288_z130,initial,288.0,368.0,130.0,0.64705884,0.63571715,0.0,0.0
proposed,0,r16_c496_z110,initial,496.0,16.0,110.0,0.627451,0.62135756,0.0,0.0
proposed,0,r80_c256_z120,initial,256.0,80.0,120.0,0.6509804,0.63048553,0.0,0.0
proposed,0,r368_c176_z130,initial,176.0,368.0,130.0,0.6431373,0.6368075,0.28,0.0
proposed,0,r464_c432_z100,initial,432.0,464.0,100.0,0.654902,0.61867213,0.0,0.0
proposed,0,r304_c16_z100,initial,16.0,304.0,100.0,0.65882355,0.6364225,0.0,0.0
proposed,0,r256_c0_z130,initial,0.0,256.0,130.0,0.6313726,0.63128245,0.0,0.0
proposed,0,r32_c256_z130,initial,256.0,32.0,130.0,0.64705884,0.6290823,0.0,0.0
proposed,0,r368_c16_z110,initial,16.0,368.0,110.0,0.6509804,0.63757133,0.0,0.0
proposed,0,r272_c256_z100,initial,256.0,272.0,100.0,0.65882355,0.6345468,0.6,0.0
proposed,0,r80_c192_z100,initial,192.0,80.0,100.0,0.654902,0.63046706,0.16,0.0006291946
proposed,0,r128_c80_z120,initial,80.0,128.0,120.0,0.6509804,0.6301841,0.72,0.0006291946
proposed,0,r256_c208_z120,initial,208.0,256.0,120.0,0.64705884,0.6321063,0.0,0.0
proposed,0,r96_c160_z120,initial,160.0,96.0,120.0,0.6509804,0.6275679,0.36,0.0006291946
proposed,0,r112_c416_z100,initial,416.0,112.0,100.0,0.654902,0.63361067,0.0,0.0
proposed,0,r0_c96_z120,initial,96.0,0.0,120.0,0.6313726,0.6269776,0.0,0.0
proposed,0,r384_c272_z100,initial,272.0,384.0,100.0,0.654902,0.6371796,0.48,0.0
proposed,0,r288_c272_z130,initial,272.0,288.0,130.0,0.64705884,0.63542527,0.52,0.0
proposed,0,r208_c144_z110,initial,144.0,208.0,110.0,0.6509804,0.6299537,0.04,0.0006291946
proposed,0,r128_c144_z110,initial,144.0,128.0,110.0,0.6509804,0.63274235,0.24,0.0
proposed,0,r496_c64_z110,initial,64.0,496.0,110.0,0.6392157,0.6225457,0.0,0.0
proposed,0,r80_c304_z120,initial,304.0,80.0,120.0,0.64705884,0.6317767,0.0,0.0
proposed,0,r464_c80_z110,initial,80.0,464.0,110.0,0.64705884,0.629168,0.04,0.0
proposed,0,r320_c256_z100,initial,256.0,320.0,100.0,0.654902,0.6377405,1.0,0.0
proposed,0,r464_c80_z120,initial,80.0,464.0,120.0,0.64705884,0.6272073,0.04,0.0
proposed,0,r496_c368_z110,initial,368.0,496.0,110.0,0.64705884,0.6190571,0.8,0.0
proposed,0,r416_c352_z110,initial,352.0,416.0,110.0,0.6509804,0.62760425,0.96,0.0006291946
proposed,0,r496_c432_z120,initial,432.0,496.0,120.0,0.6392157,0.6172827,0.0,0.0
proposed,0,r288_c400_z110,initial,400.0,288.0,110.0,0.654902,0.63321507,0.72,0.0
proposed,0,r224_c112_z120,initial,112.0,224.0,120.0,0.64705884,0.63086194,0.36,0.0006291946
proposed,0,r176_c96_z100,initial,96.0,176.0,100.0,0.654902,0.6342409,0.56,0.0006291946
proposed,0,r96_c128_z110,initial,128.0,96.0,110.0,0.654902,0.63018996,0.4,0.0006291946
proposed,0,r128_c176_z100,initial,176.0,128.0,100.0,0.6509804,0.6341127,0.4,0.0
proposed,0,r224_c416_z120,initial,416.0,224.0,120.0,0.64705884,0.630835,0.64,0.0
proposed,0,r224_c176_z100,initial,176.0,224.0,100.0,0.6509804,0.630572,1.0,0.0
proposed,0,r496_c464_z130,initial,464.0,496.0,130.0,0.6313726,0.6171481,0.0,0.0
proposed,0,r272_c128_z110,initial,128.0,272.0,110.0,0.6509804,0.6358836,0.52,0.0
proposed,0,r336_c80_z100,initial,80.0,336.0,100.0,0.654902,0.6403662,0.08,0.0
proposed,0,r112_c96_z130,initial,96.0,112.0,130.0,0.64705884,0.6271479,0.56,0.0006291946
proposed,0,r352_c160_z100,initial,160.0,352.0,100.0,0.65882355,0.6394358,0.12,0.0
proposed,0,r0_c464_z100,initial,464.0,0.0,100.0,0.627451,0.6220014,0.0,0.0
proposed,0,r368_c496_z100,initial,496.0,368.0,100.0,0.654902,0.6265488,0.0,0.0
proposed,0,r352_c160_z110,initial,160.0,352.0,110.0,0.654902,0.6395123,0.12,0.0
proposed,0,r96_c16_z120,initial,16.0,96.0,120.0,0.6431373,0.6214219,0.0,0.0
proposed,0,r32_c416_z120,initial,416.0,32.0,120.0,0.64705884,0.62364286,0.0,0.0
proposed,0,r160_c240_z100,initial,240.0,160.0,100.0,0.65882355,0.6303052,0.32,0.0
proposed,0,r0_c32_z130,initial,32.0,0.0,130.0,0.62352943,0.6234064,0.0,0.0
proposed,0,r208_c416_z110,initial,416.0,208.0,110.0,0.6509804,0.63365895,0.0,0.0
proposed,0,r176_c160_z130,initial,160.0,176.0,130.0,0.64705884,0.6270339,0.52,0.0
proposed,0,r448_c448_z120,initial,448.0,448.0,120.0,0.6509804,0.62224305,1.0,0.0
proposed,0,r48_c256_z130,initial,256.0,48.0,130.0,0.64705884,0.6286597,1.0,0.0
proposed,0,r416_c480_z110,initial,480.0,416.0,110.0,0.6509804,0.6243492,0.0,0.0
proposed,0,r224_c96_z110,initial,96.0,224.0,110.0,0.654902,0.63099366,0.0,0.0006291946
proposed,0,r240_c192_z120,initial,192.0,240.0,120.0,0.64705884,0.6322346,0.0,0.0
proposed,0,r272_c192_z130,initial,192.0,272.0,130.0,0.64705884,0.6331011,0.0,0.0
proposed,0,r304_c32_z120,initial,32.0,304.0,120.0,0.64705884,0.6355326,0.0,0.0
proposed,0,r416_c272_z130,initial,272.0,416.0,130.0,0.64705884,0.6332171,0.08,0.0006291946
proposed,0,r336_c32_z120,initial,32.0,336.0,120.0,0.64705884,0.6363174,0.96,0.0
proposed,0,r112_c96_z120,initial,96.0,112.0,120.0,0.64705884,0.6298213,0.56,0.0006291946
proposed,0,r96_c480_z120,initial,480.0,96.0,120.0,0.6431373,0.6220645,0.0,0.0
proposed,0,r480_c224_z100,initial,224.0,480.0,100.0,0.6431373,0.62816954,0.0,0.0
proposed,0,r384_c416_z110,initial,416.0,384.0,110.0,0.654902,0.6258294,0.2,0.0006291946
proposed,0,r336_c208_z110,initial,208.0,336.0,110.0,0.6509804,0.6378777,0.8,0.0
proposed,0,r80_c48_z110,initial,48.0,80.0,110.0,0.6509804,0.6276998,0.0,0.0
proposed,0,r112_c208_z130,initial,208.0,112.0,130.0,0.64705884,0.62590295,0.08,0.0
proposed,0,r432_c432_z100,initial,432.0,432.0,100.0,0.654902,0.62215364,0.24,0.0
proposed,0,r272_c208_z100,initial,208.0,272.0,100.0,0.65882355,0.6332985,0.2,0.0
proposed,0,r32_c144_z130,initial,144.0,32.0,130.0,0.64705884,0.6253584,0.0,0.0
proposed,0,r112_c368_z130,initial,368.0,112.0,130.0,0.64705884,0.63037455,0.16,0.0
proposed,0,r48_c208_z120,initial,208.0,48.0,120.0,0.6392157,0.632088,0.8,0.0006291946
proposed,0,r64_c0_z130,initial,0.0,64.0,130.0,0.627451,0.61677504,0.0,0.0
proposed,0,r80_c304_z130,initial,304.0,80.0,130.0,0.6431373,0.6285355,0.0,0.0
proposed,0,r176_c192_z100,initial,192.0,176.0,100.0,0.6509804,0.63152146,0.0,0.0
proposed,0,r192_c32_z100,initial,32.0,192.0,100.0,0.6509804,0.632517,0.0,0.0006291946
proposed,0,r496_c320_z120,initial,320.0,496.0,120.0,0.6392157,0.62163067,1.0,0.0
proposed,0,r16_c496_z130,initial,496.0,16.0,130.0,0.627451,0.62082833,0.0,0.0
proposed,0,r368_c0_z120,initial,0.0,368.0,120.0,0.64705884,0.63599974,0.0,0.0
proposed,0,r96_c304_z130,initial,304.0,96.0,130.0,0.6431373,0.6297477,0.0,0.0
proposed,0,r496_c496_z120,initial,496.0,496.0,120.0,0.6313726,0.61673385,0.0,0.0
proposed,0,r320_c96_z130,initial,96.0,320.0,130.0,0.64705884,0.63740647,0.36,0.0
proposed,0,r464_c96_z130,initial,96.0,464.0,130.0,0.64705884,0.6263251,0.24,0.0
proposed,0,r496_c256_z120,initial,256.0,496.0,120.0,0.6431373,0.6237978,0.12,0.0
proposed,0,r224_c416_z110,initial,416.0,224.0,110.0,0.6509804,0.63324475,0.64,0.0
proposed,0,r32_c432_z110,initial,432.0,32.0,110.0,0.6509804,0.6232435,0.0,0.0
proposed,0,r192_c432_z110,initial,432.0,192.0,110.0,0.6509804,0.63035744,0.0,0.0
proposed,0,r240_c496_z100,initial,496.0,240.0,100.0,0.64705884,0.6266561,0.0,0.0006291946
proposed,0,r400_c272_z110,initial,272.0,400.0,110.0,0.6509804,0.6361859,0.0,0.0006291946
proposed,0,r496_c368_z130,initial,368.0,496.0,130.0,0.6431373,0.6178713,0.8,0.0
proposed,0,r304_c352_z120,initial,352.0,304.0,120.0,0.6431373,0.63257486,0.2,0.0
proposed,0,r464_c192_z110,initial,192.0,464.0,110.0,0.654902,0.6279545,0.0,0.0
proposed,1,r448_c160_z130,active,160.0,448.0,130.0,0.6431373,0.6281339,0.96,0.0006291946
proposed,1,r32_c480_z120,active,480.0,32.0,120.0,0.63529414,0.62173194,1.0,0.0
proposed,1,r448_c160_z120,active,160.0,448.0,120.0,0.6509804,0.629126,0.96,0.0006291946
proposed,1,r144_c480_z130,active,480.0,144.0,130.0,0.64705884,0.62198544,1.0,0.0
proposed,1,r0_c0_z100,active,0.0,0.0,100.0,0.62352943,0.61986125,0.0,0.0
proposed,1,r256_c64_z130,active,64.0,256.0,130.0,0.6431373,0.6328564,1.0,0.0
proposed,1,r256_c496_z120,active,496.0,256.0,120.0,0.6431373,0.6260269,0.96,0.0006291946
proposed,1,r368_c464_z120,active,464.0,368.0,120.0,0.6509804,0.6268826,1.0,0.0006291946
proposed,1,r144_c480_z120,active,480.0,144.0,120.0,0.6509804,0.6223382,1.0,0.0
proposed,1,r368_c464_z130,active,464.0,368.0,130.0,0.6431373,0.6235055,1.0,0.0006291946
proposed,1,r208_c32_z120,active,32.0,208.0,120.0,0.6431373,0.62951005,0.96,0.0006291946
proposed,1,r448_c144_z100,active,144.0,448.0,100.0,0.65882355,0.6315493,0.8,0.0006291946
proposed,1,r32_c96_z100,active,96.0,32.0,100.0,0.6392157,0.6284906,1.0,0.0
proposed,1,r448_c352_z130,active,352.0,448.0,130.0,0.64705884,0.6222682,1.0,0.0006291946
proposed,1,r256_c496_z130,active,496.0,256.0,130.0,0.63529414,0.62449455,0.96,0.0006291946
proposed,1,r32_c480_z130,active,480.0,32.0,130.0,0.6313726,0.6214386,1.0,0.0
proposed,1,r448_c464_z130,active,464.0,448.0,130.0,0.64705884,0.6205,1.0,0.0
proposed,1,r192_c96_z130,active,96.0,192.0,130.0,0.64705884,0.62839305,0.92,0.0006291946
proposed,1,r256_c496_z110,active,496.0,256.0,110.0,0.64705884,0.6269317,0.96,0.0006291946
proposed,1,r480_c256_z130,active,256.0,480.0,130.0,0.6431373,0.6244783,1.0,0.0
proposed,1,r176_c496_z130,active,496.0,176.0,130.0,0.64705884,0.6241112,0.96,0.0
proposed,1,r384_c368_z130,active,368.0,384.0,130.0,0.6431373,0.6273923,0.72,0.0006291946
proposed,1,r224_c48_z130,active,48.0,224.0,130.0,0.6392157,0.6293261,1.0,0.0006291946
proposed,1,r496_c320_z130,active,320.0,496.0,130.0,0.63529414,0.6204607,1.0,0.0
proposed,1,r368_c352_z100,active,352.0,368.0,100.0,0.6509804,0.6322279,0.96,0.0006291946
proposed,1,r352_c480_z130,active,480.0,352.0,130.0,0.64705884,0.62414515,1.0,0.0006291946
proposed,1,r256_c80_z120,active,80.0,256.0,120.0,0.64705884,0.63438594,0.64,0.0006291946
proposed,1,r224_c176_z130,active,176.0,224.0,130.0,0.6431373,0.630103,1.0,0.0
proposed,1,r432_c16_z130,active,16.0,432.0,130.0,0.64705884,0.626866,1.0,0.0
proposed,1,r128_c0_z130,active,0.0,128.0,130.0,0.63529414,0.6192416,0.0,0.0006291946
proposed,1,r240_c112_z100,active,112.0,240.0,100.0,0.65882355,0.63243777,0.92,0.0006291946
proposed,1,r32_c480_z110,active,480.0,32.0,110.0,0.63529414,0.6218899,1.0,0.0
proposed,1,r32_c96_z110,active,96.0,32.0,110.0,0.6392157,0.62795466,1.0,0.0
proposed,1,r0_c0_z110,active,0.0,0.0,110.0,0.62352943,0.6192532,0.0,0.0
proposed,1,r496_c320_z100,active,320.0,496.0,100.0,0.64705884,0.6231064,1.0,0.0
proposed,1,r0_c432_z130,active,432.0,0.0,130.0,0.63529414,0.6217432,0.6,0.0
proposed,1,r240_c112_z130,active,112.0,240.0,130.0,0.64705884,0.6321128,0.92,0.0
proposed,1,r32_c480_z100,active,480.0,32.0,100.0,0.63529414,0.6220906,1.0,0.0
proposed,1,r432_c192_z130,active,192.0,432.0,130.0,0.64705884,0.62812936,0.8,0.0006291946
proposed,1,r448_c144_z110,active,144.0,448.0,110.0,0.6509804,0.6310502,0.8,0.0006291946
proposed,1,r208_c32_z110,active,32.0,208.0,110.0,0.6431373,0.63067424,0.96,0.0006291946
proposed,1,r336_c16_z130,active,16.0,336.0,130.0,0.64705884,0.6350231,0.96,0.0
proposed,1,r352_c416_z130,active,416.0,352.0,130.0,0.6431373,0.6244857,1.0,0.0006291946
proposed,1,r48_c128_z120,active,128.0,48.0,120.0,0.64705884,0.6271014,1.0,0.0
proposed,1,r480_c256_z110,active,256.0,480.0,110.0,0.64705884,0.6268047,1.0,0.0
proposed,1,r432_c144_z120,active,144.0,432.0,120.0,0.6509804,0.6330254,0.6,0.0012583892
proposed,1,r192_c496_z120,active,496.0,192.0,120.0,0.64705884,0.6255122,0.84,0.0
proposed,1,r496_c448_z130,active,448.0,496.0,130.0,0.6313726,0.61687243,1.0,0.0
proposed,1,r64_c48_z130,active,48.0,64.0,130.0,0.64705884,0.62609535,1.0,0.0
proposed,1,r400_c320_z130,active,320.0,400.0,130.0,0.64705884,0.63170904,1.0,0.0006291946
proposed,1,r336_c480_z130,active,480.0,336.0,130.0,0.64705884,0.62463975,1.0,0.0006291946
proposed,1,r48_c176_z130,active,176.0,48.0,130.0,0.6431373,0.62694097,1.0,0.0006291946
proposed,1,r256_c64_z110,active,64.0,256.0,110.0,0.64705884,0.6343884,1.0,0.0
proposed,1,r256_c480_z130,active,480.0,256.0,130.0,0.6431373,0.6256142,1.0,0.0006291946
proposed,1,r480_c32_z120,active,32.0,480.0,120.0,0.63529414,0.6227963,0.96,0.0
proposed,1,r448_c352_z120,active,352.0,448.0,120.0,0.6509804,0.6232923,1.0,0.0006291946
proposed,1,r48_c176_z110,active,176.0,48.0,110.0,0.6509804,0.6289008,1.0,0.0006291946
proposed,1,r496_c368_z120,active,368.0,496.0,120.0,0.6431373,0.6186302,0.8,0.0
proposed,1,r352_c352_z130,active,352.0,352.0,130.0,0.6431373,0.6310648,0.96,0.0006291946
proposed,1,r288_c480_z130,active,480.0,288.0,130.0,0.6431373,0.6259894,1.0,0.0006291946
proposed,1,r32_c48_z120,active,48.0,32.0,120.0,0.6392157,0.6264322,0.56,0.0
proposed,1,r352_c464_z130,active,464.0,352.0,130.0,0.64705884,0.62470454,1.0,0.0006291946
proposed,1,r288_c480_z120,active,480.0,288.0,120.0,0.64705884,0.628241,1.0,0.0006291946
proposed,1,r240_c112_z120,active,112.0,240.0,120.0,0.64705884,0.6326644,0.92,0.0006291946
proposed,1,r400_c224_z130,active,224.0,400.0,130.0,0.64705884,0.6319504,1.0,0.0006291946
proposed,1,r368_c352_z110,active,352.0,368.0,110.0,0.6509804,0.63235515,0.96,0.0006291946
proposed,1,r112_c0_z100,active,0.0,112.0,100.0,0.6431373,0.6240855,0.0,0.0006291946
proposed,1,r496_c496_z100,active,496.0,496.0,100.0,0.6313726,0.6141428,0.0,0.0
proposed,1,r176_c496_z110,active,496.0,176.0,110.0,0.654902,0.626052,0.96,0.0
proposed,1,r480_c32_z130,active,32.0,480.0,130.0,0.63529414,0.6218756,0.96,0.0
proposed,1,r272_c432_z130,active,432.0,272.0,130.0,0.64705884,0.62879723,1.0,0.0006291946
proposed,1,r16_c448_z120,active,448.0,16.0,120.0,0.6431373,0.6221987,0.68,0.0
proposed,1,r496_c448_z100,active,448.0,496.0,100.0,0.64705884,0.61632705,1.0,0.0
proposed,1,r416_c352_z130,active,352.0,416.0,130.0,0.64705884,0.6258663,0.96,0.0006291946
proposed,1,r352_c352_z120,active,352.0,352.0,120.0,0.64705884,0.6318992,0.96,0.0006291946
proposed,1,r352_c416_z100,active,416.0,352.0,100.0,0.65882355,0.6272091,1.0,0.0006291946
proposed,1,r448_c144_z130,active,144.0,448.0,130.0,0.6431373,0.6290915,0.8,0.0006291946
proposed,1,r352_c480_z120,active,480.0,352.0,120.0,0.6509804,0.6270247,1.0,0.0006291946
proposed,1,r496_c352_z130,active,352.0,496.0,130.0,0.6431373,0.6187419,1.0,0.0
proposed,1,r128_c0_z110,active,0.0,128.0,110.0,0.6431373,0.6231103,0.0,0.0006291946
proposed,1,r16_c448_z130,active,448.0,16.0,130.0,0.6392157,0.6218222,0.68,0.0
proposed,1,r480_c208_z120,active,208.0,480.0,120.0,0.64705884,0.62599176,0.8,0.0
proposed,2,r0_c0_z120,active,0.0,0.0,120.0,0.62352943,0.61914355,0.0,0.0
proposed,2,r64_c48_z120,active,48.0,64.0,120.0,0.64705884,0.6268533,1.0,0.0
proposed,2,r400_c224_z120,active,224.0,400.0,120.0,0.6509804,0.63327277,1.0,0.0006291946
proposed,2,r32_c96_z120,active,96.0,32.0,120.0,0.63529414,0.62780684,1.0,0.0
proposed,2,r272_c432_z100,active,432.0,272.0,100.0,0.65882355,0.6339191,1.0,0.0006291946
proposed,2,r48_c256_z100,active,256.0,48.0,100.0,0.65882355,0.6361524,1.0,0.0
proposed,2,r32_c48_z110,active,48.0,32.0,110.0,0.6431373,0.62657565,0.56,0.0
proposed,2,r48_c32_z100,active,32.0,48.0,100.0,0.654902,0.6251241,0.4,0.0
proposed,2,r16_c304_z120,active,304.0,16.0,120.0,0.6509804,0.6254259,0.88,0.0
proposed,2,r480_c32_z100,active,32.0,480.0,100.0,0.6509804,0.62426007,0.96,0.0
proposed,2,r48_c176_z120,active,176.0,48.0,120.0,0.6509804,0.62837976,1.0,0.0006291946
proposed,2,r176_c176_z120,active,176.0,176.0,120.0,0.64705884,0.62903583,0.8,0.0
proposed,2,r32_c96_z130,active,96.0,32.0,130.0,0.63529414,0.6271544,1.0,0.0
proposed,2,r448_c352_z100,active,352.0,448.0,100.0,0.654902,0.6246085,1.0,0.0006291946
proposed,2,r240_c112_z110,active,112.0,240.0,110.0,0.6509804,0.63291854,0.92,0.0006291946
proposed,2,r112_c32_z130,active,32.0,112.0,130.0,0.64705884,0.6257194,0.8,0.0006291946
proposed,2,r496_c448_z120,active,448.0,496.0,120.0,0.63529414,0.61764264,1.0,0.0
proposed,2,r272_c432_z120,active,432.0,272.0,120.0,0.6509804,0.6309722,1.0,0.0006291946
proposed,2,r224_c48_z120,active,48.0,224.0,120.0,0.6392157,0.62964976,1.0,0.0006291946
proposed,2,r64_c32_z130,active,32.0,64.0,130.0,0.64705884,0.62425584,0.64,0.0
proposed,2,r144_c480_z110,active,480.0,144.0,110.0,0.654902,0.62291795,1.0,0.0
proposed,2,r16_c0_z130,active,0.0,16.0,130.0,0.61960787,0.6183883,0.0,0.0
proposed,2,r400_c176_z100,active,176.0,400.0,100.0,0.654902,0.6361853,0.56,0.0012583892
proposed,2,r256_c80_z100,active,80.0,256.0,100.0,0.65882355,0.63453984,0.64,0.0006291946
proposed,2,r80_c144_z130,active,144.0,80.0,130.0,0.64705884,0.6247813,0.8,0.0006291946
proposed,2,r448_c160_z110,active,160.0,448.0,110.0,0.6509804,0.6297977,0.96,0.0006291946
proposed,2,r432_c192_z120,active,192.0,432.0,120.0,0.64705884,0.6289018,0.8,0.0006291946
proposed,2,r448_c144_z120,active,144.0,448.0,120.0,0.64705884,0.630297,0.8,0.0006291946
proposed,2,r448_c352_z110,active,352.0,448.0,110.0,0.654902,0.62398005,1.0,0.0006291946
proposed,2,r32_c48_z130,active,48.0,32.0,130.0,0.6313726,0.6256458,0.56,0.0
proposed,2,r480_c32_z110,active,32.0,480.0,110.0,0.63529414,0.6237168,0.96,0.0
proposed,2,r64_c192_z130,active,192.0,64.0,130.0,0.6431373,0.62816656,1.0,0.0006291946
proposed,2,r256_c480_z100,active,480.0,256.0,100.0,0.654902,0.6308389,1.0,0.0006291946
proposed,2,r32_c384_z130,active,384.0,32.0,130.0,0.6392157,0.6240892,1.0,0.0
proposed,2,r496_c448_z110,active,448.0,496.0,110.0,0.6431373,0.6164467,1.0,0.0
proposed,2,r480_c192_z130,active,192.0,480.0,130.0,0.64705884,0.62414676,0.92,0.0
proposed,2,r208_c32_z130,active,32.0,208.0,130.0,0.6392157,0.6273429,0.96,0.0006291946
proposed,2,r32_c112_z130,active,112.0,32.0,130.0,0.6392157,0.6269898,1.0,0.0
proposed,2,r32_c384_z100,active,384.0,32.0,100.0,0.64705884,0.6260797,1.0,0.0
proposed,2,r448_c160_z100,active,160.0,448.0,100.0,0.65882355,0.63015425,0.96,0.0006291946
proposed,2,r64_c32_z120,active,32.0,64.0,120.0,0.64705884,0.6250723,0.64,0.0
proposed,2,r448_c464_z110,active,464.0,448.0,110.0,0.654902,0.6216785,1.0,0.0
proposed,2,r464_c320_z130,active,320.0,464.0,130.0,0.64705884,0.6229352,0.72,0.0006291946
proposed,2,r272_c432_z110,active,432.0,272.0,110.0,0.6509804,0.63260835,1.0,0.0006291946
proposed,2,r288_c480_z110,active,480.0,288.0,110.0,0.64705884,0.63033354,1.0,0.0006291946
proposed,2,r496_c112_z100,active,112.0,496.0,100.0,0.6431373,0.6252775,0.4,0.0
proposed,2,r272_c96_z130,active,96.0,272.0,130.0,0.64705884,0.63467413,0.84,0.0
proposed,2,r224_c48_z110,active,48.0,224.0,110.0,0.6392157,0.6301308,1.0,0.0006291946
proposed,2,r256_c480_z120,active,480.0,256.0,120.0,0.6509804,0.6270218,1.0,0.0006291946
proposed,2,r448_c64_z130,active,64.0,448.0,130.0,0.64705884,0.6290637,1.0,0.0
proposed,2,r256_c496_z100,active,496.0,256.0,100.0,0.64705884,0.6273089,0.96,0.0006291946
proposed,2,r304_c224_z130,active,224.0,304.0,130.0,0.64705884,0.6362578,1.0,0.0
proposed,2,r96_c496_z130,active,496.0,96.0,130.0,0.6392157,0.62037873,0.0,0.0
proposed,2,r160_c480_z130,active,480.0,160.0,130.0,0.64705884,0.62267053,0.84,0.0
proposed,2,r432_c144_z110,active,144.0,432.0,110.0,0.6509804,0.6336953,0.6,0.0012583892
proposed,2,r32_c384_z110,active,384.0,32.0,110.0,0.6431373,0.62561786,1.0,0.0
proposed,2,r16_c64_z100,active,64.0,16.0,100.0,0.6313726,0.62649286,0.6,0.0
proposed,2,r64_c32_z110,active,32.0,64.0,110.0,0.654902,0.6254136,0.64,0.0
proposed,2,r48_c208_z130,active,208.0,48.0,130.0,0.6392157,0.6298057,0.8,0.0006291946
proposed,2,r32_c0_z120,active,0.0,32.0,120.0,0.62352943,0.61885476,0.0,0.0
proposed,2,r176_c496_z120,active,496.0,176.0,120.0,0.6509804,0.6247633,0.96,0.0
proposed,2,r352_c416_z120,active,416.0,352.0,120.0,0.64705884,0.62544733,1.0,0.0006291946
proposed,2,r224_c48_z100,active,48.0,224.0,100.0,0.6392157,0.6306057,1.0,0.0006291946
proposed,2,r256_c480_z110,active,480.0,256.0,110.0,0.6509804,0.6278798,1.0,0.0006291946
proposed,2,r16_c304_z130,active,304.0,16.0,130.0,0.64705884,0.6240896,0.88,0.0
proposed,2,r0_c224_z110,active,224.0,0.0,110.0,0.63529414,0.6293569,0.36,0.0
proposed,2,r224_c496_z120,active,496.0,224.0,120.0,0.6431373,0.62594914,0.8,0.0
proposed,2,r432_c464_z130,active,464.0,432.0,130.0,0.64705884,0.62134194,1.0,0.0
proposed,2,r224_c496_z130,active,496.0,224.0,130.0,0.6431373,0.62529254,0.8,0.0
proposed,2,r400_c320_z100,active,320.0,400.0,100.0,0.654902,0.63325965,1.0,0.0006291946
proposed,2,r48_c128_z110,active,128.0,48.0,110.0,0.6509804,0.62826693,1.0,0.0
proposed,2,r464_c144_z130,active,144.0,464.0,130.0,0.64705884,0.6273991,1.0,0.0
proposed,2,r448_c464_z120,active,464.0,448.0,120.0,0.64705884,0.62182844,1.0,0.0
proposed,2,r256_c80_z110,active,80.0,256.0,110.0,0.654902,0.6347171,0.64,0.0006291946
proposed,2,r400_c160_z120,active,160.0,400.0,120.0,0.64705884,0.6354411,1.0,0.0006291946
proposed,2,r256_c128_z130,active,128.0,256.0,130.0,0.64705884,0.63328105,0.88,0.0
proposed,2,r480_c256_z120,active,256.0,480.0,120.0,0.64705884,0.62544596,1.0,0.0
proposed,2,r352_c256_z110,active,256.0,352.0,110.0,0.6509804,0.6376595,0.8,0.0006291946
proposed,2,r192_c112_z120,active,112.0,192.0,120.0,0.6509804,0.6301316,0.96,0.0006291946
proposed,2,r256_c32_z130,active,32.0,256.0,130.0,0.6392157,0.6316207,0.56,0.0
proposed,2,r480_c192_z100,active,192.0,480.0,100.0,0.65882355,0.6279269,0.92,0.0
proposed,2,r192_c496_z130,active,496.0,192.0,130.0,0.64705884,0.6248734,0.84,0.0
proposed,3,r32_c112_z120,active,112.0,32.0,120.0,0.6392157,0.62773174,1.0,0.0
proposed,3,r16_c64_z110,active,64.0,16.0,110.0,0.6313726,0.6264235,0.6,0.0
proposed,3,r496_c112_z130,active,112.0,496.0,130.0,0.63529414,0.62112933,0.4,0.0
proposed,3,r112_c0_z130,active,0.0,112.0,130.0,0.6313726,0.6180855,0.0,0.0006291946
proposed,3,r240_c240_z130,active,240.0,240.0,130.0,0.6431373,0.6299212,0.48,0.0
proposed,3,r240_c224_z110,active,224.0,240.0,110.0,0.6509804,0.6299858,0.52,0.0
proposed,3,r16_c64_z120,active,64.0,16.0,120.0,0.6313726,0.6265186,0.6,0.0
proposed,3,r32_c320_z130,active,320.0,32.0,130.0,0.64705884,0.62388265,1.0,0.0
proposed,3,r48_c32_z130,active,32.0,48.0,130.0,0.6392157,0.6241012,0.4,0.0
proposed,3,r0_c224_z100,active,224.0,0.0,100.0,0.63529414,0.6271977,0.36,0.0
proposed,3,r256_c64_z120,active,64.0,256.0,120.0,0.6431373,0.63389736,1.0,0.0
proposed,3,r272_c144_z120,active,144.0,272.0,120.0,0.64705884,0.6350206,0.76,0.0
proposed,3,r16_c64_z130,active,64.0,16.0,130.0,0.6313726,0.6260618,0.6,0.0
proposed,3,r32_c112_z110,active,112.0,32.0,110.0,0.6392157,0.6278591,1.0,0.0
proposed,3,r352_c256_z130,active,256.0,352.0,130.0,0.64705884,0.6364975,0.8,0.0006291946
proposed,3,r224_c192_z110,active,192.0,224.0,110.0,0.6509804,0.63082725,0.84,0.0
proposed,3,r272_c336_z130,active,336.0,272.0,130.0,0.6431373,0.6315905,1.0,0.0
proposed,3,r240_c160_z120,active,160.0,240.0,120.0,0.6509804,0.63247716,0.8,0.0
proposed,3,r48_c32_z120,active,32.0,48.0,120.0,0.64705884,0.62504786,0.4,0.0
proposed,3,r464_c144_z120,active,144.0,464.0,120.0,0.64705884,0.6286857,1.0,0.0
proposed,3,r208_c112_z100,active,112.0,208.0,100.0,0.6509804,0.631167,0.44,0.0012583892
proposed,3,r48_c128_z130,active,128.0,48.0,130.0,0.64705884,0.62631613,1.0,0.0
proposed,3,r256_c32_z120,active,32.0,256.0,120.0,0.6392157,0.6325987,0.56,0.0
proposed,3,r16_c304_z100,active,304.0,16.0,100.0,0.65882355,0.6293728,0.88,0.0
proposed,3,r304_c144_z130,active,144.0,304.0,130.0,0.64705884,0.63633597,0.76,0.0
proposed,3,r400_c224_z100,active,224.0,400.0,100.0,0.65882355,0.6352843,1.0,0.0006291946
proposed,3,r0_c224_z120,active,224.0,0.0,120.0,0.6313726,0.6290089,0.36,0.0
proposed,3,r32_c48_z100,active,48.0,32.0,100.0,0.6509804,0.6266385,0.56,0.0
proposed,3,r32_c0_z110,active,0.0,32.0,110.0,0.62352943,0.620059,0.0,0.0
proposed,3,r496_c112_z120,active,112.0,496.0,120.0,0.6392157,0.62247145,0.4,0.0
proposed,3,r32_c384_z120,active,384.0,32.0,120.0,0.6392157,0.6247153,1.0,0.0
proposed,3,r224_c176_z120,active,176.0,224.0,120.0,0.64705884,0.63088644,1.0,0.0
proposed,3,r32_c336_z120,active,336.0,32.0,120.0,0.6509804,0.62499934,0.88,0.0
proposed,3,r464_c144_z110,active,144.0,464.0,110.0,0.64705884,0.6298479,1.0,0.0
proposed,3,r224_c208_z130,active,208.0,224.0,130.0,0.64705884,0.62945527,0.76,0.0
proposed,3,r240_c160_z130,active,160.0,240.0,130.0,0.6431373,0.63144445,0.8,0.0
proposed,3,r256_c0_z110,active,0.0,256.0,110.0,0.6313726,0.63263315,0.0,0.0
proposed,3,r480_c192_z120,active,192.0,480.0,120.0,0.6509804,0.6253578,0.92,0.0
proposed,3,r352_c256_z120,active,256.0,352.0,120.0,0.64705884,0.6371548,0.8,0.0006291946
proposed,3,r256_c128_z120,active,128.0,256.0,120.0,0.6509804,0.6338821,0.88,0.0
proposed,3,r288_c240_z130,active,240.0,288.0,130.0,0.64705884,0.6359537,1.0,0.0
proposed,3,r304_c96_z110,active,96.0,304.0,110.0,0.6509804,0.6385228,1.0,0.0
proposed,3,r240_c48_z130,active,48.0,240.0,130.0,0.63529414,0.6309464,0.96,0.0
proposed,3,r256_c32_z110,active,32.0,256.0,110.0,0.6392157,0.6330527,0.56,0.0
proposed,3,r384_c256_z130,active,256.0,384.0,130.0,0.64705884,0.6349507,0.88,0.0006291946
proposed,3,r480_c208_z130,active,208.0,480.0,130.0,0.6392157,0.62477696,0.8,0.0
proposed,3,r304_c480_z120,active,480.0,304.0,120.0,0.64705884,0.6281606,1.0,0.0006291946
proposed,3,r192_c112_z110,active,112.0,192.0,110.0,0.6509804,0.63197565,0.96,0.0006291946
proposed,3,r32_c0_z100,active,0.0,32.0,100.0,0.62352943,0.6213379,0.0,0.0
proposed,3,r192_c112_z130,active,112.0,192.0,130.0,0.6431373,0.6277927,0.96,0.0006291946
proposed,3,r496_c400_z130,active,400.0,496.0,130.0,0.64705884,0.6159768,0.56,0.0
proposed,3,r32_c112_z100,active,112.0,32.0,100.0,0.6509804,0.6296543,1.0,0.0
proposed,3,r48_c256_z120,active,256.0,48.0,120.0,0.6509804,0.6321999,1.0,0.0
proposed,3,r0_c32_z120,active,32.0,0.0,120.0,0.62352943,0.6240126,0.0,0.0
proposed,3,r496_c496_z130,active,496.0,496.0,130.0,0.627451,0.6165047,0.0,0.0
proposed,3,r0_c0_z130,active,0.0,0.0,130.0,0.62352943,0.6184926,0.0,0.0
proposed,3,r48_c32_z110,active,32.0,48.0,110.0,0.6509804,0.62529737,0.4,0.0
proposed,3,r272_c336_z110,active,336.0,272.0,110.0,0.64705884,0.63393193,1.0,0.0
proposed,3,r480_c208_z110,active,208.0,480.0,110.0,0.6509804,0.6272429,0.8,0.0
proposed,3,r208_c112_z120,active,112.0,208.0,120.0,0.64705884,0.6289351,0.44,0.0012583892
proposed,3,r32_c16_z130,active,16.0,32.0,130.0,0.627451,0.6213649,0.0,0.0
proposed,3,r288_c496_z130,active,496.0,288.0,130.0,0.6431373,0.6242156,0.6,0.0006291946
proposed,3,r432_c144_z130,active,144.0,432.0,130.0,0.64705884,0.63207704,0.6,0.0006291946
proposed,3,r336_c208_z120,active,208.0,336.0,120.0,0.64705884,0.63740337,0.8,0.0
proposed,3,r256_c64_z100,active,64.0,256.0,100.0,0.654902,0.6340286,1.0,0.0
proposed,3,r0_c32_z110,active,32.0,0.0,110.0,0.627451,0.6240645,0.0,0.0
proposed,3,r0_c16_z130,active,16.0,0.0,130.0,0.62352943,0.6212415,0.0,0.0
proposed,3,r16_c16_z120,active,16.0,16.0,120.0,0.627451,0.6220275,0.0,0.0
proposed,3,r480_c288_z130,active,288.0,480.0,130.0,0.64705884,0.62346864,0.76,0.0
proposed,3,r224_c16_z130,active,16.0,224.0,130.0,0.6392157,0.62854964,0.24,0.0006291946
proposed,3,r432_c160_z130,active,160.0,432.0,130.0,0.64705884,0.6309559,0.48,0.0006291946
proposed,3,r496_c400_z120,active,400.0,496.0,120.0,0.6509804,0.61674243,0.56,0.0
proposed,3,r112_c0_z120,active,0.0,112.0,120.0,0.63529414,0.62035733,0.0,0.0006291946
proposed,3,r432_c192_z110,active,192.0,432.0,110.0,0.654902,0.63008434,0.8,0.0006291946
proposed,3,r320_c256_z130,active,256.0,320.0,130.0,0.64705884,0.63713396,1.0,0.0
proposed,3,r480_c160_z130,active,160.0,480.0,130.0,0.64705884,0.625069,0.4,0.0
proposed,3,r32_c0_z130,active,0.0,32.0,130.0,0.62352943,0.6180954,0.0,0.0
proposed,3,r160_c496_z130,active,496.0,160.0,130.0,0.64705884,0.62311363,0.4,0.0
proposed,3,r224_c192_z130,active,192.0,224.0,130.0,0.64705884,0.6300951,0.84,0.0
proposed,3,r304_c96_z120,active,96.0,304.0,120.0,0.64705884,0.6376813,1.0,0.0
proposed,3,r16_c0_z120,active,0.0,16.0,120.0,0.61960787,0.61903876,0.0,0.0
proposed,3,r432_c144_z100,active,144.0,432.0,100.0,0.654902,0.6342585,0.6,0.0012583892
proposed,4,r208_c32_z100,active,32.0,208.0,100.0,0.6431373,0.6314117,0.96,0.0006291946
proposed,4,r240_c48_z120,active,48.0,240.0,120.0,0.63529414,0.63146013,0.96,0.0
proposed,4,r224_c16_z120,active,16.0,224.0,120.0,0.6392157,0.62925434,0.24,0.0006291946
proposed,4,r288_c480_z100,active,480.0,288.0,100.0,0.64705884,0.632605,1.0,0.0006291946
proposed,4,r240_c48_z100,active,48.0,240.0,100.0,0.63529414,0.6320845,0.96,0.0
proposed,4,r240_c48_z110,active,48.0,240.0,110.0,0.63529414,0.63185376,0.96,0.0
proposed,4,r304_c480_z110,active,480.0,304.0,110.0,0.64705884,0.62991035,1.0,0.0006291946
proposed,4,r0_c32_z100,active,32.0,0.0,100.0,0.627451,0.6239076,0.0,0.0
proposed,4,r352_c464_z100,active,464.0,352.0,100.0,0.654902,0.62829775,1.0,0.0006291946
proposed,4,r416_c320_z120,active,320.0,416.0,120.0,0.6509804,0.6304139,1.0,0.0006291946
proposed,4,r32_c304_z130,active,304.0,32.0,130.0,0.64705884,0.62399065,1.0,0.0
proposed,4,r144_c0_z130,active,0.0,144.0,130.0,0.63529414,0.6196123,0.0,0.0006291946
proposed,4,r384_c224_z130,active,224.0,384.0,130.0,0.64705884,0.6343181,0.76,0.0006291946
proposed,4,r48_c272_z130,active,272.0,48.0,130.0,0.64705884,0.6271961,1.0,0.0
proposed,4,r320_c432_z130,active,432.0,320.0,130.0,0.64705884,0.62708145,0.68,0.0006291946
proposed,4,r400_c320_z110,active,320.0,400.0,110.0,0.654902,0.6331898,1.0,0.0006291946
proposed,4,r224_c16_z110,active,16.0,224.0,110.0,0.6392157,0.629518,0.24,0.0006291946
proposed,4,r480_c192_z110,active,192.0,480.0,110.0,0.6509804,0.6266096,0.92,0.0
proposed,4,r16_c16_z130,active,16.0,16.0,130.0,0.62352943,0.6213838,0.0,0.0
proposed,4,r0_c16_z120,active,16.0,0.0,120.0,0.62352943,0.6218593,0.0,0.0
proposed,4,r432_c16_z120,active,16.0,432.0,120.0,0.6509804,0.62914956,1.0,0.0
proposed,4,r16_c16_z110,active,16.0,16.0,110.0,0.627451,0.6221071,0.0,0.0
proposed,4,r16_c32_z130,active,32.0,16.0,130.0,0.627451,0.62369585,0.0,0.0
proposed,4,r144_c0_z120,active,0.0,144.0,120.0,0.6392157,0.6225618,0.0,0.0006291946
proposed,4,r192_c400_z130,active,400.0,192.0,130.0,0.64705884,0.629548,0.84,0.0
proposed,4,r400_c224_z110,active,224.0,400.0,110.0,0.6509804,0.634649,1.0,0.0006291946
proposed,4,r144_c64_z130,active,64.0,144.0,130.0,0.64705884,0.6288238,0.8,0.0006291946
proposed,4,r224_c16_z100,active,16.0,224.0,100.0,0.6392157,0.6296216,0.24,0.0006291946
proposed,4,r16_c304_z110,active,304.0,16.0,110.0,0.654902,0.62663066,0.88,0.0
proposed,4,r0_c16_z110,active,16.0,0.0,110.0,0.62352943,0.62198114,0.0,0.0
proposed,4,r16_c16_z100,active,16.0,16.0,100.0,0.627451,0.6219704,0.0,0.0
proposed,4,r352_c256_z100,active,256.0,352.0,100.0,0.65882355,0.6374968,0.8,0.0006291946
proposed,4,r0_c496_z120,active,496.0,0.0,120.0,0.62352943,0.62083113,0.0,0.0
proposed,4,r0_c48_z130,active,48.0,0.0,130.0,0.627451,0.6249245,0.0,0.0
proposed,4,r288_c496_z120,active,496.0,288.0,120.0,0.64705884,0.62665707,0.6,0.0006291946
proposed,4,r256_c304_z130,active,304.0,256.0,130.0,0.6431373,0.6294608,0.76,0.0
proposed,4,r0_c16_z100,active,16.0,0.0,100.0,0.62352943,0.6217998,0.0,0.0
proposed,4,r272_c64_z130,active,64.0,272.0,130.0,0.6431373,0.63391805,0.76,0.0
proposed,4,r224_c128_z120,active,128.0,224.0,120.0,0.64705884,0.6304235,0.64,0.0006291946
proposed,4,r176_c0_z130,active,0.0,176.0,130.0,0.6431373,0.62382555,0.0,0.0006291946
proposed,4,r64_c0_z110,active,0.0,64.0,110.0,0.627451,0.620959,0.0,0.0
proposed,4,r32_c32_z130,active,32.0,32.0,130.0,0.627451,0.6239031,0.0,0.0
proposed,4,r224_c128_z110,active,128.0,224.0,110.0,0.6509804,0.6305808,0.64,0.0006291946
proposed,4,r304_c368_z100,active,368.0,304.0,100.0,0.654902,0.63509876,0.88,0.0
proposed,4,r16_c32_z120,active,32.0,16.0,120.0,0.627451,0.6243427,0.0,0.0
proposed,4,r256_c80_z130,active,80.0,256.0,130.0,0.6431373,0.63339853,0.64,0.0
proposed,4,r336_c176_z130,active,176.0,336.0,130.0,0.6431373,0.63745314,1.0,0.0
proposed,4,r16_c0_z110,active,0.0,16.0,110.0,0.62352943,0.61947286,0.0,0.0
proposed,4,r432_c256_z120,active,256.0,432.0,120.0,0.6509804,0.63022375,1.0,0.0
proposed,4,r176_c48_z130,active,48.0,176.0,130.0,0.64705884,0.62949705,0.96,0.0006291946
proposed,4,r48_c0_z130,active,0.0,48.0,130.0,0.62352943,0.61763257,0.0,0.0
proposed,4,r48_c16_z130,active,16.0,48.0,130.0,0.627451,0.6212572,0.0,0.0
proposed,4,r16_c32_z110,active,32.0,16.0,110.0,0.627451,0.624391,0.0,0.0
proposed,4,r32_c16_z120,active,16.0,32.0,120.0,0.627451,0.62215275,0.0,0.0
proposed,4,r112_c304_z110,active,304.0,112.0,110.0,0.654902,0.6342955,1.0,0.0
proposed,4,r16_c0_z100,active,0.0,16.0,100.0,0.62352943,0.6205406,0.0,0.0
proposed,4,r16_c48_z130,active,48.0,16.0,130.0,0.6313726,0.62528574,0.0,0.0
proposed,4,r0_c48_z120,active,48.0,0.0,120.0,0.627451,0.62551916,0.0,0.0
proposed,4,r64_c0_z100,active,0.0,64.0,100.0,0.627451,0.6221284,0.0,0.0
proposed,4,r256_c96_z130,active,96.0,256.0,130.0,0.64705884,0.6337003,0.68,0.0
proposed,4,r80_c16_z130,active,16.0,80.0,130.0,0.6431373,0.6201994,0.0,0.0
proposed,4,r272_c96_z120,active,96.0,272.0,120.0,0.64705884,0.6358095,0.84,0.0
proposed,4,r0_c192_z130,active,192.0,0.0,130.0,0.6392157,0.62715155,0.0,0.0
proposed,4,r464_c112_z120,active,112.0,464.0,120.0,0.64705884,0.62844336,0.84,0.0
proposed,4,r0_c144_z120,active,144.0,0.0,120.0,0.6431373,0.6260885,0.0,0.0
proposed,4,r496_c416_z110,active,416.0,496.0,110.0,0.6509804,0.61692214,0.48,0.0
proposed,4,r496_c288_z110,active,288.0,496.0,110.0,0.6509804,0.6243088,0.4,0.0
proposed,4,r256_c256_z120,active,256.0,256.0,120.0,0.64705884,0.6322957,0.32,0.0
proposed,4,r336_c480_z120,active,480.0,336.0,120.0,0.6509804,0.6267017,1.0,0.0006291946
proposed,4,r176_c48_z120,active,48.0,176.0,120.0,0.64705884,0.63173884,0.96,0.0006291946
proposed,4,r480_c288_z100,active,288.0,480.0,100.0,0.65882355,0.62618655,0.76,0.0
proposed,4,r272_c144_z100,active,144.0,272.0,100.0,0.654902,0.6345773,0.76,0.0
proposed,4,r400_c176_z120,active,176.0,400.0,120.0,0.6509804,0.6351518,0.56,0.0012583892
proposed,4,r496_c288_z120,active,288.0,496.0,120.0,0.6431373,0.62321454,0.4,0.0
proposed,4,r272_c144_z130,active,144.0,272.0,130.0,0.6431373,0.6341807,0.76,0.0
proposed,4,r112_c272_z100,active,272.0,112.0,100.0,0.65882355,0.63192964,0.76,0.0
proposed,4,r448_c208_z130,active,208.0,448.0,130.0,0.6431373,0.6273512,0.68,0.0
proposed,4,r128_c0_z120,active,0.0,128.0,120.0,0.6392157,0.62116027,0.0,0.0006291946
proposed,4,r32_c32_z120,active,32.0,32.0,120.0,0.627451,0.62468016,0.0,0.0
proposed,4,r16_c48_z120,active,48.0,16.0,120.0,0.6313726,0.62590665,0.0,0.0
proposed,4,r496_c112_z110,active,112.0,496.0,110.0,0.6392157,0.6235984,0.4,0.0
proposed,4,r0_c96_z130,active,96.0,0.0,130.0,0.6313726,0.6263509,0.0,0.0
proposed,5,r176_c0_z110,active,0.0,176.0,110.0,0.6509804,0.6275701,0.0,0.0006291946
proposed,5,r32_c208_z130,active,208.0,32.0,130.0,0.6392157,0.62995464,0.44,0.0006291946
proposed,5,r272_c336_z120,active,336.0,272.0,120.0,0.64705884,0.6330528,1.0,0.0
proposed,5,r240_c160_z110,active,160.0,240.0,110.0,0.6509804,0.6330551,0.8,0.0
proposed,5,r208_c112_z110,active,112.0,208.0,110.0,0.64705884,0.6303793,0.44,0.0012583892
proposed,5,r0_c48_z110,active,48.0,0.0,110.0,0.627451,0.625476,0.0,0.0
proposed,5,r464_c208_z130,active,208.0,464.0,130.0,0.6431373,0.62608325,0.64,0.0
proposed,5,r16_c32_z100,active,32.0,16.0,100.0,0.627451,0.6243411,0.0,0.0
proposed,5,r224_c192_z120,active,192.0,224.0,120.0,0.64705884,0.6305631,0.84,0.0
proposed,5,r64_c256_z130,active,256.0,64.0,130.0,0.64705884,0.6275501,1.0,0.0
proposed,5,r48_c48_z130,active,48.0,48.0,130.0,0.64705884,0.6258037,0.0,0.0
proposed,5,r64_c16_z130,active,16.0,64.0,130.0,0.63529414,0.62089056,0.0,0.0
proposed,5,r224_c128_z100,active,128.0,224.0,100.0,0.6509804,0.63053656,0.64,0.0006291946
proposed,5,r32_c32_z110,active,32.0,32.0,110.0,0.627451,0.6247145,0.0,0.0
proposed,5,r48_c0_z120,active,0.0,48.0,120.0,0.627451,0.6185371,0.0,0.0
proposed,5,r48_c16_z120,active,16.0,48.0,120.0,0.627451,0.62208015,0.0,0.0
proposed,5,r480_c208_z100,active,208.0,480.0,100.0,0.654902,0.6282956,0.8,0.0
proposed,5,r16_c48_z110,active,48.0,16.0,110.0,0.6313726,0.62587464,0.0,0.0
proposed,5,r32_c16_z110,active,16.0,32.0,110.0,0.627451,0.62219495,0.0,0.0
proposed,5,r176_c0_z120,active,0.0,176.0,120.0,0.64705884,0.62608,0.0,0.0006291946
proposed,5,r0_c144_z110,active,144.0,0.0,110.0,0.64705884,0.6262695,0.0,0.0
proposed,5,r0_c224_z130,active,224.0,0.0,130.0,0.6313726,0.6278496,0.36,0.0
proposed,5,r32_c208_z110,active,208.0,32.0,110.0,0.6392157,0.6324245,0.44,0.0006291946
proposed,5,r0_c64_z130,active,64.0,0.0,130.0,0.627451,0.6257537,0.0,0.0
proposed,5,r48_c48_z120,active,48.0,48.0,120.0,0.64705884,0.6266617,0.0,0.0
proposed,5,r0_c272_z130,active,272.0,0.0,130.0,0.6431373,0.6246064,0.0,0.0
proposed,5,r0_c256_z120,active,256.0,0.0,120.0,0.64705884,0.6271165,0.2,0.0
proposed,5,r0_c496_z130,active,496.0,0.0,130.0,0.61960787,0.620434,0.0,0.0
proposed,5,r0_c48_z100,active,48.0,0.0,100.0,0.627451,0.6253526,0.0,0.0
proposed,5,r480_c272_z130,active,272.0,480.0,130.0,0.64705884,0.62410676,0.72,0.0
proposed,5,r32_c80_z130,active,80.0,32.0,130.0,0.63529414,0.6269173,0.28,0.0
proposed,5,r32_c16_z100,active,16.0,32.0,100.0,0.627451,0.6219955,0.0,0.0
proposed,5,r64_c16_z120,active,16.0,64.0,120.0,0.6431373,0.62164843,0.0,0.0
proposed,5,r128_c128_z130,active,128.0,128.0,130.0,0.64705884,0.6273241,0.72,0.0006291946
proposed,5,r32_c32_z100,active,32.0,32.0,100.0,0.6431373,0.62464315,0.0,0.0
proposed,5,r48_c0_z110,active,0.0,48.0,110.0,0.627451,0.62054145,0.0,0.0
proposed,5,r0_c64_z120,active,64.0,0.0,120.0,0.627451,0.62636864,0.0,0.0
proposed,5,r480_c160_z120,active,160.0,480.0,120.0,0.64705884,0.62638694,0.4,0.0
proposed,5,r112_c0_z110,active,0.0,112.0,110.0,0.63529414,0.62252533,0.0,0.0006291946
proposed,5,r80_c0_z130,active,0.0,80.0,130.0,0.627451,0.6165434,0.0,0.0
proposed,5,r496_c224_z130,active,224.0,496.0,130.0,0.63529414,0.6229861,0.16,0.0
proposed,5,r16_c48_z100,active,48.0,16.0,100.0,0.6313726,0.6258945,0.0,0.0
proposed,5,r48_c16_z110,active,16.0,48.0,110.0,0.63529414,0.6221677,0.0,0.0
proposed,5,r32_c80_z120,active,80.0,32.0,120.0,0.6392157,0.62769663,0.28,0.0
proposed,5,r304_c448_z130,active,448.0,304.0,130.0,0.6431373,0.627829,0.6,0.0006291946
proposed,5,r0_c96_z110,active,96.0,0.0,110.0,0.6313726,0.6270022,0.0,0.0
proposed,5,r48_c0_z100,active,0.0,48.0,100.0,0.627451,0.6218641,0.0,0.0
proposed,5,r32_c496_z130,active,496.0,32.0,130.0,0.6313726,0.6211035,0.24,0.0
proposed,5,r272_c256_z130,active,256.0,272.0,130.0,0.64705884,0.63421696,0.6,0.0
proposed,5,r32_c64_z130,active,64.0,32.0,130.0,0.63529414,0.6265116,0.04,0.0
proposed,5,r448_c208_z120,active,208.0,448.0,120.0,0.6431373,0.6286228,0.68,0.0
proposed,5,r0_c496_z100,active,496.0,0.0,100.0,0.62352943,0.62111837,0.0,0.0
proposed,5,r432_c256_z130,active,256.0,432.0,130.0,0.64705884,0.62834287,1.0,0.0
proposed,5,r16_c448_z110,active,448.0,16.0,110.0,0.64705884,0.6226395,0.68,0.0
proposed,5,r192_c96_z120,active,96.0,192.0,120.0,0.64705884,0.6305717,0.92,0.0006291946
proposed,5,r0_c144_z100,active,144.0,0.0,100.0,0.6509804,0.62828857,0.0,0.0
proposed,5,r32_c208_z120,active,208.0,32.0,120.0,0.6392157,0.6321279,0.44,0.0006291946
proposed,5,r480_c144_z130,active,144.0,480.0,130.0,0.64705884,0.625113,0.4,0.0
proposed,5,r448_c208_z100,active,208.0,448.0,100.0,0.6509804,0.6304467,0.68,0.0
proposed,5,r0_c64_z110,active,64.0,0.0,110.0,0.627451,0.62630165,0.0,0.0
proposed,5,r496_c192_z130,active,192.0,496.0,130.0,0.6431373,0.62225723,0.16,0.0
proposed,5,r480_c448_z130,active,448.0,480.0,130.0,0.6431373,0.61810535,0.64,0.0
proposed,5,r464_c208_z120,active,208.0,464.0,120.0,0.6431373,0.62746865,0.64,0.0
proposed,5,r32_c304_z120,active,304.0,32.0,120.0,0.6509804,0.62573594,1.0,0.0
proposed,5,r496_c496_z110,active,496.0,496.0,110.0,0.6313726,0.6153875,0.0,0.0
proposed,5,r240_c208_z130,active,208.0,240.0,130.0,0.64705884,0.63072014,0.6,0.0
proposed,5,r496_c416_z130,active,416.0,496.0,130.0,0.6392157,0.6162946,0.48,0.0
proposed,5,r240_c0_z120,active,0.0,240.0,120.0,0.63529414,0.63065124,0.0,0.0
proposed,5,r176_c48_z110,active,48.0,176.0,110.0,0.6509804,0.63348204,0.96,0.0006291946
proposed,5,r128_c0_z100,active,0.0,128.0,100.0,0.64705884,0.6246683,0.0,0.0006291946
proposed,5,r64_c48_z110,active,48.0,64.0,110.0,0.654902,0.62729,1.0,0.0
proposed,5,r48_c16_z100,active,16.0,48.0,100.0,0.64705884,0.6219215,0.0,0.0
proposed,5,r0_c128_z130,active,128.0,0.0,130.0,0.63529414,0.6260935,0.0,0.0
proposed,5,r176_c0_z100,active,0.0,176.0,100.0,0.6509804,0.62950224,0.0,0.0006291946
proposed,5,r0_c256_z130,active,256.0,0.0,130.0,0.6431373,0.6262721,0.2,0.0
proposed,5,r224_c336_z130,active,336.0,224.0,130.0,0.64705884,0.629888,0.8,0.0
proposed,5,r32_c64_z120,active,64.0,32.0,120.0,0.6431373,0.6272315,0.04,0.0
proposed,5,r0_c80_z130,active,80.0,0.0,130.0,0.627451,0.626154,0.0,0.0
proposed,5,r496_c224_z120,active,224.0,496.0,120.0,0.63529414,0.6242434,0.16,0.0
proposed,5,r64_c16_z110,active,16.0,64.0,110.0,0.64705884,0.62185353,0.0,0.0
proposed,5,r80_c0_z120,active,0.0,80.0,120.0,0.627451,0.6189667,0.0,0.0
proposed,5,r16_c464_z130,active,464.0,16.0,130.0,0.627451,0.6216772,0.24,0.0
proposed_v2_a,0,r240_c32_z100,initial,32.0,240.0,100.0,0.63529414,0.6313318,0.0,0.0
proposed_v2_a,0,r304_c256_z110,initial,256.0,304.0,110.0,0.6509804,0.6377591,0.8,0.0
proposed_v2_a,0,r208_c160_z110,initial,160.0,208.0,110.0,0.6509804,0.62954664,0.0,0.0
proposed_v2_a,0,r128_c368_z110,initial,368.0,128.0,110.0,0.6509804,0.63548833,0.2,0.0
proposed_v2_a,0,r368_c208_z130,initial,208.0,368.0,130.0,0.6431373,0.6351592,0.12,0.0
proposed_v2_a,0,r320_c496_z120,initial,496.0,320.0,120.0,0.6509804,0.6248631,0.0,0.0006291946
proposed_v2_a,0,r368_c96_z110,initial,96.0,368.0,110.0,0.654902,0.6404708,0.0,0.0
proposed_v2_a,0,r240_c384_z120,initial,384.0,240.0,120.0,0.6509804,0.6311829,0.24,0.0
proposed_v2_a,0,r64_c224_z130,initial,224.0,64.0,130.0,0.6431373,0.6295667,0.32,0.0
proposed_v2_a,0,r192_c32_z130,initial,32.0,192.0,130.0,0.6431373,0.628325,0.0,0.0006291946
proposed_v2_a,0,r496_c208_z130,initial,208.0,496.0,130.0,0.6392157,0.6227197,0.0,0.0
proposed_v2_a,0,r208_c240_z120,initial,240.0,208.0,120.0,0.64705884,0.62746197,0.2,0.0
proposed_v2_a,0,r240_c432_z130,initial,432.0,240.0,130.0,0.64705884,0.62672764,0.0,0.0
proposed_v2_a,0,r64_c0_z120,initial,0.0,64.0,120.0,0.627451,0.61874074,0.0,0.0
proposed_v2_a,0,r144_c176_z130,initial,176.0,144.0,130.0,0.6431373,0.62786317,0.92,0.0
proposed_v2_a,0,r448_c0_z120,initial,0.0,448.0,120.0,0.64705884,0.62637913,0.0,0.0
proposed_v2_a,0,r416_c496_z130,initial,496.0,416.0,130.0,0.6392157,0.6224537,0.0,0.0
proposed_v2_a,0,r112_c272_z130,initial,272.0,112.0,130.0,0.64705884,0.626613,0.76,0.0
proposed_v2_a,0,r304_c240_z120,initial,240.0,304.0,120.0,0.6509804,0.6380841,0.64,0.0
proposed_v2_a,0,r256_c48_z100,initial,48.0,256.0,100.0,0.6431373,0.6334146,0.0,0.0
proposed_v2_a,0,r384_c480_z100,initial,480.0,384.0,100.0,0.654902,0.6261505,0.76,0.0
proposed_v2_a,0,r352_c464_z110,initial,464.0,352.0,110.0,0.654902,0.6281112,1.0,0.0006291946
proposed_v2_a,0,r320_c64_z120,initial,64.0,320.0,120.0,0.64705884,0.6377163,0.04,0.0
proposed_v2_a,0,r208_c240_z100,initial,240.0,208.0,100.0,0.654902,0.6288754,0.2,0.0
proposed_v2_a,0,r160_c208_z110,initial,208.0,160.0,110.0,0.6509804,0.6311261,0.24,0.0
proposed_v2_a,0,r496_c464_z110,initial,464.0,496.0,110.0,0.6313726,0.6161498,0.0,0.0
proposed_v2_a,0,r480_c64_z130,initial,64.0,480.0,130.0,0.6392157,0.62165666,0.0,0.0
proposed_v2_a,0,r48_c272_z110,initial,272.0,48.0,110.0,0.6509804,0.6339888,1.0,0.0
proposed_v2_a,0,r400_c208_z110,initial,208.0,400.0,110.0,0.6509804,0.633617,0.24,0.0006291946
proposed_v2_a,0,r352_c432_z110,initial,432.0,352.0,110.0,0.64705884,0.6278518,0.24,0.0006291946
proposed_v2_a,0,r176_c208_z100,initial,208.0,176.0,100.0,0.6509804,0.63124746,0.0,0.0
proposed_v2_a,0,r400_c384_z120,initial,384.0,400.0,120.0,0.64705884,0.6242475,0.32,0.0006291946
proposed_v2_a,0,r64_c192_z100,initial,192.0,64.0,100.0,0.654902,0.63060313,1.0,0.0006291946
proposed_v2_a,0,r464_c304_z120,initial,304.0,464.0,120.0,0.6509804,0.6249385,0.04,0.0006291946
proposed_v2_a,0,r304_c480_z100,initial,480.0,304.0,100.0,0.6509804,0.63201165,1.0,0.0006291946
proposed_v2_a,0,r384_c80_z120,initial,80.0,384.0,120.0,0.6509804,0.6402904,0.32,0.0
proposed_v2_a,0,r208_c304_z120,initial,304.0,208.0,120.0,0.6509804,0.63155174,0.2,0.0
proposed_v2_a,0,r304_c480_z130,initial,480.0,304.0,130.0,0.6431373,0.6252048,1.0,0.0006291946
proposed_v2_a,0,r384_c336_z120,initial,336.0,384.0,120.0,0.6509804,0.6329618,0.04,0.0006291946
proposed_v2_a,0,r304_c240_z110,initial,240.0,304.0,110.0,0.654902,0.6381485,0.64,0.0
proposed_v2_a,0,r432_c64_z120,initial,64.0,432.0,120.0,0.64705884,0.635173,0.0,0.0
proposed_v2_a,0,r160_c432_z100,initial,432.0,160.0,100.0,0.65882355,0.63393974,0.0,0.0
proposed_v2_a,0,r320_c496_z110,initial,496.0,320.0,110.0,0.654902,0.6256395,0.0,0.0006291946
proposed_v2_a,0,r256_c128_z110,initial,128.0,256.0,110.0,0.6509804,0.6341172,0.88,0.0
proposed_v2_a,0,r400_c176_z110,initial,176.0,400.0,110.0,0.6509804,0.6359129,0.56,0.0012583892
proposed_v2_a,0,r128_c272_z130,initial,272.0,128.0,130.0,0.64705884,0.6261245,0.2,0.0
proposed_v2_a,0,r368_c0_z110,initial,0.0,368.0,110.0,0.64705884,0.63724476,0.0,0.0
proposed_v2_a,0,r368_c96_z120,initial,96.0,368.0,120.0,0.64705884,0.6397181,0.0,0.0
proposed_v2_a,0,r64_c80_z130,initial,80.0,64.0,130.0,0.6431373,0.6276759,0.52,0.0
proposed_v2_a,0,r288_c32_z120,initial,32.0,288.0,120.0,0.6392157,0.63468546,0.04,0.0
proposed_v2_a,0,r64_c336_z100,initial,336.0,64.0,100.0,0.6509804,0.637214,0.0,0.0
proposed_v2_a,0,r320_c368_z110,initial,368.0,320.0,110.0,0.654902,0.6330209,0.0,0.0
proposed_v2_a,0,r208_c480_z130,initial,480.0,208.0,130.0,0.6431373,0.6253274,0.48,0.0
proposed_v2_a,0,r176_c448_z120,initial,448.0,176.0,120.0,0.64705884,0.6275907,0.0,0.0
proposed_v2_a,0,r384_c272_z120,initial,272.0,384.0,120.0,0.6509804,0.6360237,0.48,0.0
proposed_v2_a,0,r96_c416_z110,initial,416.0,96.0,110.0,0.654902,0.6307809,0.0,0.0
proposed_v2_a,0,r448_c64_z100,initial,64.0,448.0,100.0,0.654902,0.63510525,1.0,0.0
proposed_v2_a,0,r240_c320_z100,initial,320.0,240.0,100.0,0.6509804,0.6312521,0.2,0.0
proposed_v2_a,0,r32_c336_z110,initial,336.0,32.0,110.0,0.6509804,0.6282641,0.88,0.0
proposed_v2_a,0,r400_c272_z120,initial,272.0,400.0,120.0,0.64705884,0.63562065,0.0,0.0006291946
proposed_v2_a,0,r112_c448_z130,initial,448.0,112.0,130.0,0.64705884,0.62625843,0.0,0.0
proposed_v2_a,0,r352_c128_z110,initial,128.0,352.0,110.0,0.654902,0.63924235,0.0,0.0
proposed_v2_a,0,r432_c384_z120,initial,384.0,432.0,120.0,0.6509804,0.6216793,0.4,0.0
proposed_v2_a,0,r128_c480_z110,initial,480.0,128.0,110.0,0.6509804,0.6227231,0.12,0.0
proposed_v2_a,0,r480_c336_z110,initial,336.0,480.0,110.0,0.6509804,0.6228546,0.0,0.0
proposed_v2_a,0,r496_c144_z110,initial,144.0,496.0,110.0,0.654902,0.62470496,0.0,0.0
proposed_v2_a,0,r416_c496_z110,initial,496.0,416.0,110.0,0.64705884,0.62375,0.0,0.0
proposed_v2_a,0,r352_c48_z120,initial,48.0,352.0,120.0,0.64705884,0.63791233,0.0,0.0
proposed_v2_a,0,r48_c448_z100,initial,448.0,48.0,100.0,0.654902,0.6242431,0.0,0.0
proposed_v2_a,0,r320_c352_z130,initial,352.0,320.0,130.0,0.6431373,0.6303287,0.24,0.0
proposed_v2_a,0,r128_c400_z130,initial,400.0,128.0,130.0,0.6431373,0.62937486,0.56,0.0
proposed_v2_a,0,r256_c288_z110,initial,288.0,256.0,110.0,0.6509804,0.6307137,0.0,0.0
proposed_v2_a,0,r16_c240_z130,initial,240.0,16.0,130.0,0.63529414,0.62935233,0.0,0.0
proposed_v2_a,0,r368_c224_z100,initial,224.0,368.0,100.0,0.65882355,0.6372598,0.0,0.0006291946
proposed_v2_a,0,r272_c464_z130,initial,464.0,272.0,130.0,0.64705884,0.6268373,0.04,0.0006291946
proposed_v2_a,0,r192_c464_z130,initial,464.0,192.0,130.0,0.64705884,0.6256807,0.0,0.0
proposed_v2_a,0,r496_c0_z130,initial,0.0,496.0,130.0,0.627451,0.62064946,0.0,0.0
proposed_v2_a,0,r96_c224_z110,initial,224.0,96.0,110.0,0.64705884,0.63128704,0.12,0.0
proposed_v2_a,0,r96_c240_z120,initial,240.0,96.0,120.0,0.64705884,0.62938094,0.0,0.0
proposed_v2_a,0,r176_c304_z110,initial,304.0,176.0,110.0,0.6509804,0.6338386,0.6,0.0
proposed_v2_a,0,r464_c256_z100,initial,256.0,464.0,100.0,0.654902,0.62854475,0.0,0.0
proposed_v2_a,0,r448_c320_z130,initial,320.0,448.0,130.0,0.6431373,0.62394506,0.52,0.0006291946
proposed_v2_a,0,r176_c384_z110,initial,384.0,176.0,110.0,0.64705884,0.6343779,0.4,0.0
proposed_v2_a,0,r176_c336_z130,initial,336.0,176.0,130.0,0.64705884,0.6312671,0.12,0.0
proposed_v2_a,0,r432_c48_z110,initial,48.0,432.0,110.0,0.6509804,0.63596994,0.0,0.0
proposed_v2_a,0,r432_c416_z130,initial,416.0,432.0,130.0,0.6431373,0.61998564,0.28,0.0
proposed_v2_a,0,r304_c48_z120,initial,48.0,304.0,120.0,0.6509804,0.63549703,0.0,0.0
proposed_v2_a,0,r416_c272_z110,initial,272.0,416.0,110.0,0.6509804,0.63508713,0.08,0.0006291946
proposed_v2_a,0,r176_c240_z100,initial,240.0,176.0,100.0,0.654902,0.62948304,0.32,0.0
proposed_v2_a,0,r48_c112_z130,initial,112.0,48.0,130.0,0.6431373,0.6272068,0.96,0.0
proposed_v2_a,0,r416_c48_z110,initial,48.0,416.0,110.0,0.6509804,0.6382716,0.04,0.0
proposed_v2_a,0,r432_c16_z100,initial,16.0,432.0,100.0,0.654902,0.63292694,1.0,0.0
proposed_v2_a,0,r304_c416_z110,initial,416.0,304.0,110.0,0.6509804,0.63014543,0.0,0.0006291946
proposed_v2_a,0,r144_c224_z100,initial,224.0,144.0,100.0,0.65882355,0.6304876,0.0,0.0
proposed_v2_a,0,r144_c480_z100,initial,480.0,144.0,100.0,0.65882355,0.6271732,1.0,0.0
proposed_v2_a,0,r32_c448_z100,initial,448.0,32.0,100.0,0.654902,0.623035,0.0,0.0
proposed_v2_a,0,r64_c384_z130,initial,384.0,64.0,130.0,0.64705884,0.6252906,0.0,0.0
proposed_v2_a,0,r352_c496_z130,initial,496.0,352.0,130.0,0.64705884,0.62441367,0.0,0.0
proposed_v2_a,0,r304_c192_z100,initial,192.0,304.0,100.0,0.654902,0.63714886,0.72,0.0
proposed_v2_a,0,r304_c416_z120,initial,416.0,304.0,120.0,0.6509804,0.62860715,0.0,0.0006291946
proposed_v2_a,0,r112_c16_z120,initial,16.0,112.0,120.0,0.6431373,0.62470734,0.0,0.0006291946
proposed_v2_a,0,r176_c144_z100,initial,144.0,176.0,100.0,0.654902,0.6335267,0.0,0.0
proposed_v2_a,0,r496_c160_z110,initial,160.0,496.0,110.0,0.64705884,0.6248448,0.0,0.0
proposed_v2_a,0,r16_c336_z130,initial,336.0,16.0,130.0,0.64705884,0.62326044,0.0,0.0
proposed_v2_a,0,r368_c288_z120,initial,288.0,368.0,120.0,0.6509804,0.6367072,0.0,0.0
proposed_v2_a,0,r368_c48_z110,initial,48.0,368.0,110.0,0.6509804,0.6396495,0.0,0.0
proposed_v2_a,0,r48_c464_z110,initial,464.0,48.0,110.0,0.64705884,0.62229806,0.0,0.0
proposed_v2_a,0,r480_c80_z120,initial,80.0,480.0,120.0,0.6431373,0.62306696,0.36,0.0
proposed_v2_a,0,r352_c80_z110,initial,80.0,352.0,110.0,0.6509804,0.6403112,0.0,0.0
proposed_v2_a,0,r320_c144_z100,initial,144.0,320.0,100.0,0.654902,0.63880575,0.4,0.0
proposed_v2_a,0,r240_c320_z120,initial,320.0,240.0,120.0,0.64705884,0.6301548,0.2,0.0
proposed_v2_a,0,r480_c384_z100,initial,384.0,480.0,100.0,0.6509804,0.6190834,0.0,0.0
proposed_v2_a,0,r176_c160_z110,initial,160.0,176.0,110.0,0.654902,0.6311915,0.52,0.0
proposed_v2_a,0,r112_c176_z100,initial,176.0,112.0,100.0,0.6509804,0.6334877,0.6,0.0
proposed_v2_a,0,r320_c160_z120,initial,160.0,320.0,120.0,0.64705884,0.6383803,0.0,0.0
proposed_v2_a,0,r368_c288_z130,initial,288.0,368.0,130.0,0.64705884,0.63571715,0.0,0.0
proposed_v2_a,0,r16_c496_z110,initial,496.0,16.0,110.0,0.627451,0.62135756,0.0,0.0
proposed_v2_a,0,r80_c256_z120,initial,256.0,80.0,120.0,0.6509804,0.63048553,0.0,0.0
proposed_v2_a,0,r368_c176_z130,initial,176.0,368.0,130.0,0.6431373,0.6368075,0.28,0.0
proposed_v2_a,0,r464_c432_z100,initial,432.0,464.0,100.0,0.654902,0.61867213,0.0,0.0
proposed_v2_a,0,r304_c16_z100,initial,16.0,304.0,100.0,0.65882355,0.6364225,0.0,0.0
proposed_v2_a,0,r256_c0_z130,initial,0.0,256.0,130.0,0.6313726,0.63128245,0.0,0.0
proposed_v2_a,0,r32_c256_z130,initial,256.0,32.0,130.0,0.64705884,0.6290823,0.0,0.0
proposed_v2_a,0,r368_c16_z110,initial,16.0,368.0,110.0,0.6509804,0.63757133,0.0,0.0
proposed_v2_a,0,r272_c256_z100,initial,256.0,272.0,100.0,0.65882355,0.6345468,0.6,0.0
proposed_v2_a,0,r80_c192_z100,initial,192.0,80.0,100.0,0.654902,0.63046706,0.16,0.0006291946
proposed_v2_a,0,r128_c80_z120,initial,80.0,128.0,120.0,0.6509804,0.6301841,0.72,0.0006291946
proposed_v2_a,0,r256_c208_z120,initial,208.0,256.0,120.0,0.64705884,0.6321063,0.0,0.0
proposed_v2_a,0,r96_c160_z120,initial,160.0,96.0,120.0,0.6509804,0.6275679,0.36,0.0006291946
proposed_v2_a,0,r112_c416_z100,initial,416.0,112.0,100.0,0.654902,0.63361067,0.0,0.0
proposed_v2_a,0,r0_c96_z120,initial,96.0,0.0,120.0,0.6313726,0.6269776,0.0,0.0
proposed_v2_a,0,r384_c272_z100,initial,272.0,384.0,100.0,0.654902,0.6371796,0.48,0.0
proposed_v2_a,0,r288_c272_z130,initial,272.0,288.0,130.0,0.64705884,0.63542527,0.52,0.0
proposed_v2_a,0,r208_c144_z110,initial,144.0,208.0,110.0,0.6509804,0.6299537,0.04,0.0006291946
proposed_v2_a,0,r128_c144_z110,initial,144.0,128.0,110.0,0.6509804,0.63274235,0.24,0.0
proposed_v2_a,0,r496_c64_z110,initial,64.0,496.0,110.0,0.6392157,0.6225457,0.0,0.0
proposed_v2_a,0,r80_c304_z120,initial,304.0,80.0,120.0,0.64705884,0.6317767,0.0,0.0
proposed_v2_a,0,r464_c80_z110,initial,80.0,464.0,110.0,0.64705884,0.629168,0.04,0.0
proposed_v2_a,0,r320_c256_z100,initial,256.0,320.0,100.0,0.654902,0.6377405,1.0,0.0
proposed_v2_a,0,r464_c80_z120,initial,80.0,464.0,120.0,0.64705884,0.6272073,0.04,0.0
proposed_v2_a,0,r496_c368_z110,initial,368.0,496.0,110.0,0.64705884,0.6190571,0.8,0.0
proposed_v2_a,0,r416_c352_z110,initial,352.0,416.0,110.0,0.6509804,0.62760425,0.96,0.0006291946
proposed_v2_a,0,r496_c432_z120,initial,432.0,496.0,120.0,0.6392157,0.6172827,0.0,0.0
proposed_v2_a,0,r288_c400_z110,initial,400.0,288.0,110.0,0.654902,0.63321507,0.72,0.0
proposed_v2_a,0,r224_c112_z120,initial,112.0,224.0,120.0,0.64705884,0.63086194,0.36,0.0006291946
proposed_v2_a,0,r176_c96_z100,initial,96.0,176.0,100.0,0.654902,0.6342409,0.56,0.0006291946
proposed_v2_a,0,r96_c128_z110,initial,128.0,96.0,110.0,0.654902,0.63018996,0.4,0.0006291946
proposed_v2_a,0,r128_c176_z100,initial,176.0,128.0,100.0,0.6509804,0.6341127,0.4,0.0
proposed_v2_a,0,r224_c416_z120,initial,416.0,224.0,120.0,0.64705884,0.630835,0.64,0.0
proposed_v2_a,0,r224_c176_z100,initial,176.0,224.0,100.0,0.6509804,0.630572,1.0,0.0
proposed_v2_a,0,r496_c464_z130,initial,464.0,496.0,130.0,0.6313726,0.6171481,0.0,0.0
proposed_v2_a,0,r272_c128_z110,initial,128.0,272.0,110.0,0.6509804,0.6358836,0.52,0.0
proposed_v2_a,0,r336_c80_z100,initial,80.0,336.0,100.0,0.654902,0.6403662,0.08,0.0
proposed_v2_a,0,r112_c96_z130,initial,96.0,112.0,130.0,0.64705884,0.6271479,0.56,0.0006291946
proposed_v2_a,0,r352_c160_z100,initial,160.0,352.0,100.0,0.65882355,0.6394358,0.12,0.0
proposed_v2_a,0,r0_c464_z100,initial,464.0,0.0,100.0,0.627451,0.6220014,0.0,0.0
proposed_v2_a,0,r368_c496_z100,initial,496.0,368.0,100.0,0.654902,0.6265488,0.0,0.0
proposed_v2_a,0,r352_c160_z110,initial,160.0,352.0,110.0,0.654902,0.6395123,0.12,0.0
proposed_v2_a,0,r96_c16_z120,initial,16.0,96.0,120.0,0.6431373,0.6214219,0.0,0.0
proposed_v2_a,0,r32_c416_z120,initial,416.0,32.0,120.0,0.64705884,0.62364286,0.0,0.0
proposed_v2_a,0,r160_c240_z100,initial,240.0,160.0,100.0,0.65882355,0.6303052,0.32,0.0
proposed_v2_a,0,r0_c32_z130,initial,32.0,0.0,130.0,0.62352943,0.6234064,0.0,0.0
proposed_v2_a,0,r208_c416_z110,initial,416.0,208.0,110.0,0.6509804,0.63365895,0.0,0.0
proposed_v2_a,0,r176_c160_z130,initial,160.0,176.0,130.0,0.64705884,0.6270339,0.52,0.0
proposed_v2_a,0,r448_c448_z120,initial,448.0,448.0,120.0,0.6509804,0.62224305,1.0,0.0
proposed_v2_a,0,r48_c256_z130,initial,256.0,48.0,130.0,0.64705884,0.6286597,1.0,0.0
proposed_v2_a,0,r416_c480_z110,initial,480.0,416.0,110.0,0.6509804,0.6243492,0.0,0.0
proposed_v2_a,0,r224_c96_z110,initial,96.0,224.0,110.0,0.654902,0.63099366,0.0,0.0006291946
proposed_v2_a,0,r240_c192_z120,initial,192.0,240.0,120.0,0.64705884,0.6322346,0.0,0.0
proposed_v2_a,0,r272_c192_z130,initial,192.0,272.0,130.0,0.64705884,0.6331011,0.0,0.0
proposed_v2_a,0,r304_c32_z120,initial,32.0,304.0,120.0,0.64705884,0.6355326,0.0,0.0
proposed_v2_a,0,r416_c272_z130,initial,272.0,416.0,130.0,0.64705884,0.6332171,0.08,0.0006291946
proposed_v2_a,0,r336_c32_z120,initial,32.0,336.0,120.0,0.64705884,0.6363174,0.96,0.0
proposed_v2_a,0,r112_c96_z120,initial,96.0,112.0,120.0,0.64705884,0.6298213,0.56,0.0006291946
proposed_v2_a,0,r96_c480_z120,initial,480.0,96.0,120.0,0.6431373,0.6220645,0.0,0.0
proposed_v2_a,0,r480_c224_z100,initial,224.0,480.0,100.0,0.6431373,0.62816954,0.0,0.0
proposed_v2_a,0,r384_c416_z110,initial,416.0,384.0,110.0,0.654902,0.6258294,0.2,0.0006291946
proposed_v2_a,0,r336_c208_z110,initial,208.0,336.0,110.0,0.6509804,0.6378777,0.8,0.0
proposed_v2_a,0,r80_c48_z110,initial,48.0,80.0,110.0,0.6509804,0.6276998,0.0,0.0
proposed_v2_a,0,r112_c208_z130,initial,208.0,112.0,130.0,0.64705884,0.62590295,0.08,0.0
proposed_v2_a,0,r432_c432_z100,initial,432.0,432.0,100.0,0.654902,0.62215364,0.24,0.0
proposed_v2_a,0,r272_c208_z100,initial,208.0,272.0,100.0,0.65882355,0.6332985,0.2,0.0
proposed_v2_a,0,r32_c144_z130,initial,144.0,32.0,130.0,0.64705884,0.6253584,0.0,0.0
proposed_v2_a,0,r112_c368_z130,initial,368.0,112.0,130.0,0.64705884,0.63037455,0.16,0.0
proposed_v2_a,0,r48_c208_z120,initial,208.0,48.0,120.0,0.6392157,0.632088,0.8,0.0006291946
proposed_v2_a,0,r64_c0_z130,initial,0.0,64.0,130.0,0.627451,0.61677504,0.0,0.0
proposed_v2_a,0,r80_c304_z130,initial,304.0,80.0,130.0,0.6431373,0.6285355,0.0,0.0
proposed_v2_a,0,r176_c192_z100,initial,192.0,176.0,100.0,0.6509804,0.63152146,0.0,0.0
proposed_v2_a,0,r192_c32_z100,initial,32.0,192.0,100.0,0.6509804,0.632517,0.0,0.0006291946
proposed_v2_a,0,r496_c320_z120,initial,320.0,496.0,120.0,0.6392157,0.62163067,1.0,0.0
proposed_v2_a,0,r16_c496_z130,initial,496.0,16.0,130.0,0.627451,0.62082833,0.0,0.0
proposed_v2_a,0,r368_c0_z120,initial,0.0,368.0,120.0,0.64705884,0.63599974,0.0,0.0
proposed_v2_a,0,r96_c304_z130,initial,304.0,96.0,130.0,0.6431373,0.6297477,0.0,0.0
proposed_v2_a,0,r496_c496_z120,initial,496.0,496.0,120.0,0.6313726,0.61673385,0.0,0.0
proposed_v2_a,0,r320_c96_z130,initial,96.0,320.0,130.0,0.64705884,0.63740647,0.36,0.0
proposed_v2_a,0,r464_c96_z130,initial,96.0,464.0,130.0,0.64705884,0.6263251,0.24,0.0
proposed_v2_a,0,r496_c256_z120,initial,256.0,496.0,120.0,0.6431373,0.6237978,0.12,0.0
proposed_v2_a,0,r224_c416_z110,initial,416.0,224.0,110.0,0.6509804,0.63324475,0.64,0.0
proposed_v2_a,0,r32_c432_z110,initial,432.0,32.0,110.0,0.6509804,0.6232435,0.0,0.0
proposed_v2_a,0,r192_c432_z110,initial,432.0,192.0,110.0,0.6509804,0.63035744,0.0,0.0
proposed_v2_a,0,r240_c496_z100,initial,496.0,240.0,100.0,0.64705884,0.6266561,0.0,0.0006291946
proposed_v2_a,0,r400_c272_z110,initial,272.0,400.0,110.0,0.6509804,0.6361859,0.0,0.0006291946
proposed_v2_a,0,r496_c368_z130,initial,368.0,496.0,130.0,0.6431373,0.6178713,0.8,0.0
proposed_v2_a,0,r304_c352_z120,initial,352.0,304.0,120.0,0.6431373,0.63257486,0.2,0.0
proposed_v2_a,0,r464_c192_z110,initial,192.0,464.0,110.0,0.654902,0.6279545,0.0,0.0
proposed_v2_a,1,r0_c0_z100,active,0.0,0.0,100.0,0.62352943,0.61986125,0.0,0.0
proposed_v2_a,1,r32_c96_z100,active,96.0,32.0,100.0,0.6392157,0.6284906,1.0,0.0
proposed_v2_a,1,r448_c160_z120,active,160.0,448.0,120.0,0.6509804,0.629126,0.96,0.0006291946
proposed_v2_a,1,r176_c0_z110,active,0.0,176.0,110.0,0.6509804,0.6275701,0.0,0.0006291946
proposed_v2_a,1,r96_c0_z100,active,0.0,96.0,100.0,0.63529414,0.62332153,0.0,0.0
proposed_v2_a,1,r0_c0_z110,active,0.0,0.0,110.0,0.62352943,0.6192532,0.0,0.0
proposed_v2_a,1,r448_c160_z130,active,160.0,448.0,130.0,0.6431373,0.6281339,0.96,0.0006291946
proposed_v2_a,1,r448_c144_z100,active,144.0,448.0,100.0,0.65882355,0.6315493,0.8,0.0006291946
proposed_v2_a,1,r240_c112_z130,active,112.0,240.0,130.0,0.64705884,0.6321128,0.92,0.0
proposed_v2_a,1,r32_c480_z120,active,480.0,32.0,120.0,0.63529414,0.62173194,1.0,0.0
proposed_v2_a,1,r352_c368_z100,active,368.0,352.0,100.0,0.654902,0.6299194,0.76,0.0006291946
proposed_v2_a,1,r208_c32_z120,active,32.0,208.0,120.0,0.6431373,0.62951005,0.96,0.0006291946
proposed_v2_a,1,r128_c0_z130,active,0.0,128.0,130.0,0.63529414,0.6192416,0.0,0.0006291946
proposed_v2_a,1,r32_c96_z110,active,96.0,32.0,110.0,0.6392157,0.62795466,1.0,0.0
proposed_v2_a,1,r224_c496_z120,active,496.0,224.0,120.0,0.6431373,0.62594914,0.8,0.0
proposed_v2_a,1,r384_c0_z130,active,0.0,384.0,130.0,0.64705884,0.63409245,0.0,0.0
proposed_v2_a,1,r272_c0_z110,active,0.0,272.0,110.0,0.6313726,0.63388515,0.0,0.0
proposed_v2_a,1,r224_c496_z110,active,496.0,224.0,110.0,0.6431373,0.62681216,0.8,0.0
proposed_v2_a,1,r368_c464_z120,active,464.0,368.0,120.0,0.6509804,0.6268826,1.0,0.0006291946
proposed_v2_a,1,r0_c432_z130,active,432.0,0.0,130.0,0.63529414,0.6217432,0.6,0.0
proposed_v2_a,1,r352_c416_z130,active,416.0,352.0,130.0,0.6431373,0.6244857,1.0,0.0006291946
proposed_v2_a,1,r496_c320_z100,active,320.0,496.0,100.0,0.64705884,0.6231064,1.0,0.0
proposed_v2_a,1,r496_c496_z100,active,496.0,496.0,100.0,0.6313726,0.6141428,0.0,0.0
proposed_v2_a,1,r144_c480_z130,active,480.0,144.0,130.0,0.64705884,0.62198544,1.0,0.0
proposed_v2_a,1,r480_c256_z110,active,256.0,480.0,110.0,0.64705884,0.6268047,1.0,0.0
proposed_v2_a,1,r144_c480_z120,active,480.0,144.0,120.0,0.6509804,0.6223382,1.0,0.0
proposed_v2_a,1,r208_c240_z130,active,240.0,208.0,130.0,0.64705884,0.6258493,0.2,0.0
proposed_v2_a,1,r48_c32_z100,active,32.0,48.0,100.0,0.654902,0.6251241,0.4,0.0
proposed_v2_a,1,r240_c112_z100,active,112.0,240.0,100.0,0.65882355,0.63243777,0.92,0.0006291946
proposed_v2_a,1,r48_c128_z120,active,128.0,48.0,120.0,0.64705884,0.6271014,1.0,0.0
proposed_v2_a,1,r112_c0_z110,active,0.0,112.0,110.0,0.63529414,0.62252533,0.0,0.0006291946
proposed_v2_a,1,r480_c256_z130,active,256.0,480.0,130.0,0.6431373,0.6244783,1.0,0.0
proposed_v2_a,1,r272_c64_z130,active,64.0,272.0,130.0,0.6431373,0.63391805,0.76,0.0
proposed_v2_a,1,r0_c336_z120,active,336.0,0.0,120.0,0.64705884,0.624383,0.0,0.0
proposed_v2_a,1,r0_c16_z120,active,16.0,0.0,120.0,0.62352943,0.6218593,0.0,0.0
proposed_v2_a,1,r448_c464_z130,active,464.0,448.0,130.0,0.64705884,0.6205,1.0,0.0
proposed_v2_a,1,r48_c176_z110,active,176.0,48.0,110.0,0.6509804,0.6289008,1.0,0.0006291946
proposed_v2_a,1,r496_c320_z130,active,320.0,496.0,130.0,0.63529414,0.6204607,1.0,0.0
proposed_v2_a,1,r0_c256_z100,active,256.0,0.0,100.0,0.654902,0.62933505,0.2,0.0
proposed_v2_a,1,r384_c368_z130,active,368.0,384.0,130.0,0.6431373,0.6273923,0.72,0.0006291946
proposed_v2_a,1,r176_c176_z120,active,176.0,176.0,120.0,0.64705884,0.62903583,0.8,0.0
proposed_v2_a,1,r224_c176_z130,active,176.0,224.0,130.0,0.6431373,0.630103,1.0,0.0
proposed_v2_a,1,r112_c384_z120,active,384.0,112.0,120.0,0.6509804,0.6316555,0.28,0.0
proposed_v2_a,1,r432_c16_z130,active,16.0,432.0,130.0,0.64705884,0.626866,1.0,0.0
proposed_v2_a,1,r64_c48_z120,active,48.0,64.0,120.0,0.64705884,0.6268533,1.0,0.0
proposed_v2_a,1,r256_c400_z100,active,400.0,256.0,100.0,0.654902,0.63334775,0.6,0.0
proposed_v2_a,1,r416_c352_z100,active,352.0,416.0,100.0,0.654902,0.6275842,0.96,0.0006291946
proposed_v2_a,1,r176_c96_z130,active,96.0,176.0,130.0,0.64705884,0.62873495,0.56,0.0006291946
proposed_v2_a,1,r240_c224_z110,active,224.0,240.0,110.0,0.6509804,0.6299858,0.52,0.0
proposed_v2_a,1,r176_c496_z130,active,496.0,176.0,130.0,0.64705884,0.6241112,0.96,0.0
proposed_v2_a,1,r80_c496_z130,active,496.0,80.0,130.0,0.63529414,0.6203725,0.0,0.0
proposed_v2_a,1,r0_c160_z100,active,160.0,0.0,100.0,0.6509804,0.62779224,0.0,0.0
proposed_v2_a,1,r272_c64_z110,active,64.0,272.0,110.0,0.6509804,0.6358686,0.76,0.0
proposed_v2_a,1,r464_c416_z110,active,416.0,464.0,110.0,0.654902,0.62041926,0.88,0.0
proposed_v2_a,1,r416_c496_z120,active,496.0,416.0,120.0,0.6431373,0.62363756,0.0,0.0
proposed_v2_a,1,r96_c272_z100,active,272.0,96.0,100.0,0.65882355,0.633257,0.92,0.0
proposed_v2_a,1,r496_c112_z100,active,112.0,496.0,100.0,0.6431373,0.6252775,0.4,0.0
proposed_v2_a,1,r448_c144_z110,active,144.0,448.0,110.0,0.6509804,0.6310502,0.8,0.0006291946
proposed_v2_a,1,r176_c496_z110,active,496.0,176.0,110.0,0.654902,0.626052,0.96,0.0
proposed_v2_a,1,r240_c336_z130,active,336.0,240.0,130.0,0.64705884,0.6300423,0.76,0.0
proposed_v2_a,1,r256_c80_z120,active,80.0,256.0,120.0,0.64705884,0.63438594,0.64,0.0006291946
proposed_v2_a,1,r336_c32_z130,active,32.0,336.0,130.0,0.64705884,0.63510245,0.96,0.0
proposed_v2_a,1,r496_c0_z100,active,0.0,496.0,100.0,0.6313726,0.62279236,0.0,0.0
proposed_v2_a,1,r224_c48_z110,active,48.0,224.0,110.0,0.6392157,0.6301308,1.0,0.0006291946
proposed_v2_a,1,r480_c0_z110,active,0.0,480.0,110.0,0.6313726,0.62323457,0.0,0.0
proposed_v2_a,1,r32_c384_z100,active,384.0,32.0,100.0,0.64705884,0.6260797,1.0,0.0
proposed_v2_a,1,r480_c208_z120,active,208.0,480.0,120.0,0.64705884,0.62599176,0.8,0.0
proposed_v2_a,1,r368_c464_z130,active,464.0,368.0,130.0,0.6431373,0.6235055,1.0,0.0006291946
proposed_v2_a,1,r496_c368_z120,active,368.0,496.0,120.0,0.6431373,0.6186302,0.8,0.0
proposed_v2_a,1,r160_c80_z110,active,80.0,160.0,110.0,0.654902,0.63376,0.8,0.0006291946
proposed_v2_a,1,r448_c352_z130,active,352.0,448.0,130.0,0.64705884,0.6222682,1.0,0.0006291946
proposed_v2_a,1,r192_c400_z130,active,400.0,192.0,130.0,0.64705884,0.629548,0.84,0.0
proposed_v2_a,1,r160_c0_z120,active,0.0,160.0,120.0,0.64705884,0.625638,0.0,0.0006291946
proposed_v2_a,1,r256_c496_z130,active,496.0,256.0,130.0,0.63529414,0.62449455,0.96,0.0006291946
proposed_v2_a,1,r448_c496_z100,active,496.0,448.0,100.0,0.654902,0.6195554,0.0,0.0
proposed_v2_a,1,r176_c496_z120,active,496.0,176.0,120.0,0.6509804,0.6247633,0.96,0.0
proposed_v2_a,1,r368_c352_z110,active,352.0,368.0,110.0,0.6509804,0.63235515,0.96,0.0006291946
proposed_v2_a,1,r480_c416_z130,active,416.0,480.0,130.0,0.6431373,0.6170999,0.64,0.0
proposed_v2_a,1,r480_c32_z120,active,32.0,480.0,120.0,0.63529414,0.6227963,0.96,0.0
proposed_v2_a,1,r0_c256_z120,active,256.0,0.0,120.0,0.64705884,0.6271165,0.2,0.0
proposed_v2_a,1,r448_c352_z120,active,352.0,448.0,120.0,0.6509804,0.6232923,1.0,0.0006291946
proposed_v2_a,1,r400_c320_z130,active,320.0,400.0,130.0,0.64705884,0.63170904,1.0,0.0006291946
proposed_v2_a,2,r0_c224_z110,active,224.0,0.0,110.0,0.63529414,0.6293569,0.36,0.0
proposed_v2_a,2,r64_c48_z130,active,48.0,64.0,130.0,0.64705884,0.62609535,1.0,0.0
proposed_v2_a,2,r32_c48_z110,active,48.0,32.0,110.0,0.6431373,0.62657565,0.56,0.0
proposed_v2_a,2,r0_c160_z120,active,160.0,0.0,120.0,0.6431373,0.6251863,0.0,0.0
proposed_v2_a,2,r400_c208_z120,active,208.0,400.0,120.0,0.6509804,0.632234,0.24,0.0006291946
proposed_v2_a,2,r0_c144_z110,active,144.0,0.0,110.0,0.64705884,0.6262695,0.0,0.0
proposed_v2_a,2,r432_c192_z100,active,192.0,432.0,100.0,0.654902,0.6304498,0.8,0.0006291946
proposed_v2_a,2,r48_c0_z110,active,0.0,48.0,110.0,0.627451,0.62054145,0.0,0.0
proposed_v2_a,2,r32_c96_z120,active,96.0,32.0,120.0,0.63529414,0.62780684,1.0,0.0
proposed_v2_a,2,r400_c160_z120,active,160.0,400.0,120.0,0.64705884,0.6354411,1.0,0.0006291946
proposed_v2_a,2,r224_c48_z130,active,48.0,224.0,130.0,0.6392157,0.6293261,1.0,0.0006291946
proposed_v2_a,2,r0_c0_z120,active,0.0,0.0,120.0,0.62352943,0.61914355,0.0,0.0
proposed_v2_a,2,r144_c0_z100,active,0.0,144.0,100.0,0.6509804,0.62734437,0.0,0.0006291946
proposed_v2_a,2,r432_c192_z130,active,192.0,432.0,130.0,0.64705884,0.62812936,0.8,0.0006291946
proposed_v2_a,2,r464_c496_z110,active,496.0,464.0,110.0,0.6431373,0.6193575,0.0,0.0
proposed_v2_a,2,r496_c144_z130,active,144.0,496.0,130.0,0.64705884,0.6222318,0.0,0.0
proposed_v2_a,2,r288_c400_z130,active,400.0,288.0,130.0,0.6431373,0.62795043,0.72,0.0
proposed_v2_a,2,r496_c144_z120,active,144.0,496.0,120.0,0.6509804,0.62341183,0.0,0.0
proposed_v2_a,2,r256_c464_z120,active,464.0,256.0,120.0,0.6509804,0.62734663,0.56,0.0006291946
proposed_v2_a,2,r64_c32_z120,active,32.0,64.0,120.0,0.64705884,0.6250723,0.64,0.0
proposed_v2_a,2,r0_c48_z100,active,48.0,0.0,100.0,0.627451,0.6253526,0.0,0.0
proposed_v2_a,2,r144_c48_z130,active,48.0,144.0,130.0,0.6431373,0.6279213,0.76,0.0006291946
proposed_v2_a,2,r352_c400_z120,active,400.0,352.0,120.0,0.64705884,0.6272668,0.92,0.0006291946
proposed_v2_a,2,r80_c496_z100,active,496.0,80.0,100.0,0.63529414,0.6219908,0.0,0.0
proposed_v2_a,2,r384_c80_z130,active,80.0,384.0,130.0,0.64705884,0.63870895,0.32,0.0
proposed_v2_a,2,r256_c480_z110,active,480.0,256.0,110.0,0.6509804,0.6278798,1.0,0.0006291946
proposed_v2_a,2,r112_c32_z130,active,32.0,112.0,130.0,0.64705884,0.6257194,0.8,0.0006291946
proposed_v2_a,2,r352_c256_z110,active,256.0,352.0,110.0,0.6509804,0.6376595,0.8,0.0006291946
proposed_v2_a,2,r304_c144_z130,active,144.0,304.0,130.0,0.64705884,0.63633597,0.76,0.0
proposed_v2_a,2,r448_c464_z110,active,464.0,448.0,110.0,0.654902,0.6216785,1.0,0.0
proposed_v2_a,2,r112_c304_z110,active,304.0,112.0,110.0,0.654902,0.6342955,1.0,0.0
proposed_v2_a,2,r64_c32_z130,active,32.0,64.0,130.0,0.64705884,0.62425584,0.64,0.0
proposed_v2_a,2,r0_c96_z130,active,96.0,0.0,130.0,0.6313726,0.6263509,0.0,0.0
proposed_v2_a,2,r0_c320_z100,active,320.0,0.0,100.0,0.6509804,0.62713015,0.0,0.0
proposed_v2_a,2,r112_c0_z130,active,0.0,112.0,130.0,0.6313726,0.6180855,0.0,0.0006291946
proposed_v2_a,2,r304_c224_z130,active,224.0,304.0,130.0,0.64705884,0.6362578,1.0,0.0
proposed_v2_a,2,r112_c112_z100,active,112.0,112.0,100.0,0.654902,0.63403034,0.72,0.0006291946
proposed_v2_a,2,r400_c224_z130,active,224.0,400.0,130.0,0.64705884,0.6319504,1.0,0.0006291946
proposed_v2_a,2,r272_c144_z120,active,144.0,272.0,120.0,0.64705884,0.6350206,0.76,0.0
proposed_v2_a,2,r80_c160_z130,active,160.0,80.0,130.0,0.64705884,0.62458885,0.76,0.0006291946
proposed_v2_a,2,r32_c496_z100,active,496.0,32.0,100.0,0.6313726,0.6215825,0.24,0.0
proposed_v2_a,2,r448_c304_z100,active,304.0,448.0,100.0,0.654902,0.6272916,0.48,0.0006291946
proposed_v2_a,2,r0_c192_z130,active,192.0,0.0,130.0,0.6392157,0.62715155,0.0,0.0
proposed_v2_a,2,r496_c448_z100,active,448.0,496.0,100.0,0.64705884,0.61632705,1.0,0.0
proposed_v2_a,2,r400_c160_z100,active,160.0,400.0,100.0,0.65882355,0.63670146,1.0,0.0006291946
proposed_v2_a,2,r336_c256_z130,active,256.0,336.0,130.0,0.64705884,0.6370806,1.0,0.0
proposed_v2_a,2,r48_c128_z110,active,128.0,48.0,110.0,0.6509804,0.62826693,1.0,0.0
proposed_v2_a,2,r256_c496_z120,active,496.0,256.0,120.0,0.6431373,0.6260269,0.96,0.0006291946
proposed_v2_a,2,r480_c496_z130,active,496.0,480.0,130.0,0.6313726,0.6180167,0.0,0.0
proposed_v2_a,2,r496_c496_z130,active,496.0,496.0,130.0,0.627451,0.6165047,0.0,0.0
proposed_v2_a,2,r48_c256_z100,active,256.0,48.0,100.0,0.65882355,0.6361524,1.0,0.0
proposed_v2_a,2,r352_c416_z100,active,416.0,352.0,100.0,0.65882355,0.6272091,1.0,0.0006291946
proposed_v2_a,2,r48_c176_z130,active,176.0,48.0,130.0,0.6431373,0.62694097,1.0,0.0006291946
proposed_v2_a,2,r432_c192_z120,active,192.0,432.0,120.0,0.64705884,0.6289018,0.8,0.0006291946
proposed_v2_a,2,r32_c384_z110,active,384.0,32.0,110.0,0.6431373,0.62561786,1.0,0.0
proposed_v2_a,2,r16_c64_z120,active,64.0,16.0,120.0,0.6313726,0.6265186,0.6,0.0
proposed_v2_a,2,r192_c496_z100,active,496.0,192.0,100.0,0.654902,0.6289203,0.84,0.0
proposed_v2_a,2,r288_c480_z120,active,480.0,288.0,120.0,0.64705884,0.628241,1.0,0.0006291946
proposed_v2_a,2,r448_c304_z110,active,304.0,448.0,110.0,0.6509804,0.6267473,0.48,0.0006291946
proposed_v2_a,2,r16_c64_z130,active,64.0,16.0,130.0,0.6313726,0.6260618,0.6,0.0
proposed_v2_a,2,r32_c304_z120,active,304.0,32.0,120.0,0.6509804,0.62573594,1.0,0.0
proposed_v2_a,2,r48_c448_z130,active,448.0,48.0,130.0,0.64705884,0.62207586,0.0,0.0
proposed_v2_a,2,r304_c96_z110,active,96.0,304.0,110.0,0.6509804,0.6385228,1.0,0.0
proposed_v2_a,2,r496_c400_z110,active,400.0,496.0,110.0,0.6509804,0.61694276,0.56,0.0
proposed_v2_a,2,r496_c400_z120,active,400.0,496.0,120.0,0.6509804,0.61674243,0.56,0.0
proposed_v2_a,2,r192_c368_z100,active,368.0,192.0,100.0,0.65882355,0.6345734,0.76,0.0
proposed_v2_a,2,r240_c352_z110,active,352.0,240.0,110.0,0.654902,0.6343668,0.2,0.0
proposed_v2_a,2,r304_c320_z100,active,320.0,304.0,100.0,0.6509804,0.6341442,0.0,0.0
proposed_v2_a,2,r368_c0_z100,active,0.0,368.0,100.0,0.6509804,0.63792753,0.0,0.0
proposed_v2_a,2,r176_c368_z120,active,368.0,176.0,120.0,0.64705884,0.632151,0.24,0.0
proposed_v2_a,2,r160_c128_z120,active,128.0,160.0,120.0,0.6509804,0.63177365,1.0,0.0
proposed_v2_a,2,r496_c64_z100,active,64.0,496.0,100.0,0.6431373,0.6230254,0.0,0.0
proposed_v2_a,2,r336_c304_z110,active,304.0,336.0,110.0,0.6509804,0.6364006,0.68,0.0
proposed_v2_a,2,r496_c176_z100,active,176.0,496.0,100.0,0.6509804,0.6252546,0.04,0.0
proposed_v2_a,2,r0_c208_z120,active,208.0,0.0,120.0,0.63529414,0.6291638,0.0,0.0
proposed_v2_a,2,r176_c0_z130,active,0.0,176.0,130.0,0.6431373,0.62382555,0.0,0.0006291946
proposed_v2_a,2,r288_c288_z120,active,288.0,288.0,120.0,0.64705884,0.6347712,0.48,0.0
proposed_v2_a,2,r48_c128_z100,active,128.0,48.0,100.0,0.654902,0.6305845,1.0,0.0
proposed_v2_a,2,r304_c384_z100,active,384.0,304.0,100.0,0.654902,0.6349582,0.92,0.0
proposed_v2_a,2,r240_c48_z120,active,48.0,240.0,120.0,0.63529414,0.63146013,0.96,0.0
proposed_v2_a,2,r480_c32_z100,active,32.0,480.0,100.0,0.6509804,0.62426007,0.96,0.0
proposed_v2_a,2,r16_c0_z130,active,0.0,16.0,130.0,0.61960787,0.6183883,0.0,0.0
proposed_v2_a,3,r0_c208_z100,active,208.0,0.0,100.0,0.6392157,0.62709665,0.0,0.0
proposed_v2_a,3,r0_c288_z110,active,288.0,0.0,110.0,0.64705884,0.62783366,0.0,0.0
proposed_v2_a,3,r128_c336_z100,active,336.0,128.0,100.0,0.654902,0.63600886,0.72,0.0
proposed_v2_a,3,r80_c432_z120,active,432.0,80.0,120.0,0.64705884,0.62659055,0.0,0.0
proposed_v2_a,3,r0_c288_z130,active,288.0,0.0,130.0,0.64705884,0.62490684,0.0,0.0
proposed_v2_a,3,r48_c224_z110,active,224.0,48.0,110.0,0.6431373,0.63412803,0.64,0.0
proposed_v2_a,3,r256_c0_z120,active,0.0,256.0,120.0,0.6313726,0.6321469,0.0,0.0
proposed_v2_a,3,r256_c240_z130,active,240.0,256.0,130.0,0.64705884,0.6320397,0.4,0.0
proposed_v2_a,3,r0_c0_z130,active,0.0,0.0,130.0,0.62352943,0.6184926,0.0,0.0
proposed_v2_a,3,r32_c304_z130,active,304.0,32.0,130.0,0.64705884,0.62399065,1.0,0.0
proposed_v2_a,3,r224_c0_z110,active,0.0,224.0,110.0,0.6392157,0.62927413,0.0,0.0
proposed_v2_a,3,r144_c288_z120,active,288.0,144.0,120.0,0.64705884,0.6289814,0.0,0.0
proposed_v2_a,3,r288_c176_z110,active,176.0,288.0,110.0,0.64705884,0.6364786,0.4,0.0
proposed_v2_a,3,r128_c432_z120,active,432.0,128.0,120.0,0.64705884,0.6290206,0.76,0.0
proposed_v2_a,3,r176_c304_z100,active,304.0,176.0,100.0,0.65882355,0.63338023,0.6,0.0
proposed_v2_a,3,r336_c208_z120,active,208.0,336.0,120.0,0.64705884,0.63740337,0.8,0.0
proposed_v2_a,3,r240_c288_z130,active,288.0,240.0,130.0,0.6431373,0.6287301,0.32,0.0
proposed_v2_a,3,r432_c240_z120,active,240.0,432.0,120.0,0.6509804,0.6299907,0.6,0.0
proposed_v2_a,3,r80_c496_z110,active,496.0,80.0,110.0,0.63529414,0.62096745,0.0,0.0
proposed_v2_a,3,r368_c320_z100,active,320.0,368.0,100.0,0.654902,0.6355102,0.64,0.0
proposed_v2_a,3,r256_c256_z120,active,256.0,256.0,120.0,0.64705884,0.6322957,0.32,0.0
proposed_v2_a,3,r128_c256_z110,active,256.0,128.0,110.0,0.6509804,0.6290263,1.0,0.0
proposed_v2_a,3,r192_c256_z110,active,256.0,192.0,110.0,0.6509804,0.6269658,0.24,0.0
proposed_v2_a,3,r64_c352_z120,active,352.0,64.0,120.0,0.6509804,0.6309246,0.0,0.0
proposed_v2_a,3,r432_c0_z110,active,0.0,432.0,110.0,0.6509804,0.6305417,0.0,0.0
proposed_v2_a,3,r240_c448_z100,active,448.0,240.0,100.0,0.654902,0.63390875,0.64,0.0
proposed_v2_a,3,r32_c208_z130,active,208.0,32.0,130.0,0.6392157,0.62995464,0.44,0.0006291946
proposed_v2_a,3,r0_c384_z130,active,384.0,0.0,130.0,0.63529414,0.62248874,0.0,0.0
proposed_v2_a,3,r480_c32_z130,active,32.0,480.0,130.0,0.63529414,0.6218756,0.96,0.0
proposed_v2_a,3,r0_c448_z120,active,448.0,0.0,120.0,0.6313726,0.62178195,0.0,0.0
proposed_v2_a,3,r272_c144_z100,active,144.0,272.0,100.0,0.654902,0.6345773,0.76,0.0
proposed_v2_a,3,r48_c176_z120,active,176.0,48.0,120.0,0.6509804,0.62837976,1.0,0.0006291946
proposed_v2_a,3,r304_c0_z130,active,0.0,304.0,130.0,0.6392157,0.6342501,0.0,0.0
proposed_v2_a,3,r448_c64_z130,active,64.0,448.0,130.0,0.64705884,0.6290637,1.0,0.0
proposed_v2_a,3,r160_c240_z120,active,240.0,160.0,120.0,0.6509804,0.6267527,0.32,0.0
proposed_v2_a,3,r48_c272_z120,active,272.0,48.0,120.0,0.64705884,0.63063586,1.0,0.0
proposed_v2_a,3,r416_c112_z130,active,112.0,416.0,130.0,0.64705884,0.63531727,0.6,0.0
proposed_v2_a,3,r480_c32_z110,active,32.0,480.0,110.0,0.63529414,0.6237168,0.96,0.0
proposed_v2_a,3,r496_c416_z100,active,416.0,496.0,100.0,0.654902,0.6167495,0.48,0.0
proposed_v2_a,3,r160_c224_z130,active,224.0,160.0,130.0,0.64705884,0.62589043,0.0,0.0
proposed_v2_a,3,r256_c80_z100,active,80.0,256.0,100.0,0.65882355,0.63453984,0.64,0.0006291946
proposed_v2_a,3,r256_c32_z110,active,32.0,256.0,110.0,0.6392157,0.6330527,0.56,0.0
proposed_v2_a,3,r224_c16_z130,active,16.0,224.0,130.0,0.6392157,0.62854964,0.24,0.0006291946
proposed_v2_a,3,r304_c112_z120,active,112.0,304.0,120.0,0.64705884,0.63788825,0.4,0.0
proposed_v2_a,3,r176_c64_z120,active,64.0,176.0,120.0,0.6509804,0.6321488,0.48,0.0006291946
proposed_v2_a,3,r416_c112_z120,active,112.0,416.0,120.0,0.64705884,0.63656306,0.6,0.0
proposed_v2_a,3,r192_c96_z120,active,96.0,192.0,120.0,0.64705884,0.6305717,0.92,0.0006291946
proposed_v2_a,3,r240_c384_z130,active,384.0,240.0,130.0,0.64705884,0.62942344,0.24,0.0
proposed_v2_a,3,r144_c0_z110,active,0.0,144.0,110.0,0.64705884,0.6252277,0.0,0.0006291946
proposed_v2_a,3,r320_c32_z110,active,32.0,320.0,110.0,0.6509804,0.63695437,0.08,0.0
proposed_v2_a,3,r176_c272_z130,active,272.0,176.0,130.0,0.64705884,0.62380874,0.48,0.0
proposed_v2_a,3,r304_c432_z100,active,432.0,304.0,100.0,0.65882355,0.63176227,0.0,0.0006291946
proposed_v2_a,3,r352_c256_z120,active,256.0,352.0,120.0,0.64705884,0.6371548,0.8,0.0006291946
proposed_v2_a,3,r384_c256_z130,active,256.0,384.0,130.0,0.64705884,0.6349507,0.88,0.0006291946
proposed_v2_a,3,r496_c112_z130,active,112.0,496.0,130.0,0.63529414,0.62112933,0.4,0.0
proposed_v2_a,3,r272_c432_z120,active,432.0,272.0,120.0,0.6509804,0.6309722,1.0,0.0006291946
proposed_v2_a,3,r80_c368_z110,active,368.0,80.0,110.0,0.6509804,0.6344989,0.2,0.0
proposed_v2_a,3,r288_c480_z110,active,480.0,288.0,110.0,0.64705884,0.63033354,1.0,0.0006291946
proposed_v2_a,3,r400_c96_z100,active,96.0,400.0,100.0,0.65882355,0.6397628,0.0,0.0
proposed_v2_a,3,r128_c336_z120,active,336.0,128.0,120.0,0.6509804,0.6339116,0.72,0.0
proposed_v2_a,3,r416_c96_z110,active,96.0,416.0,110.0,0.6509804,0.6382019,0.4,0.0
proposed_v2_a,3,r144_c48_z100,active,48.0,144.0,100.0,0.6509804,0.6355455,0.76,0.0006291946
proposed_v2_a,3,r368_c128_z130,active,128.0,368.0,130.0,0.64705884,0.6373143,0.0,0.0
proposed_v2_a,3,r160_c432_z130,active,432.0,160.0,130.0,0.6431373,0.6272038,0.0,0.0
proposed_v2_a,3,r144_c128_z130,active,128.0,144.0,130.0,0.64705884,0.6288022,0.44,0.0
proposed_v2_a,3,r480_c288_z100,active,288.0,480.0,100.0,0.65882355,0.62618655,0.76,0.0
proposed_v2_a,3,r0_c496_z120,active,496.0,0.0,120.0,0.62352943,0.62083113,0.0,0.0
proposed_v2_a,3,r0_c64_z110,active,64.0,0.0,110.0,0.627451,0.62630165,0.0,0.0
proposed_v2_a,3,r272_c432_z110,active,432.0,272.0,110.0,0.6509804,0.63260835,1.0,0.0006291946
proposed_v2_a,3,r0_c384_z120,active,384.0,0.0,120.0,0.63529414,0.6231222,0.0,0.0
proposed_v2_a,3,r224_c192_z110,active,192.0,224.0,110.0,0.6509804,0.63082725,0.84,0.0
proposed_v2_a,3,r400_c320_z110,active,320.0,400.0,110.0,0.654902,0.6331898,1.0,0.0006291946
proposed_v2_a,3,r192_c112_z110,active,112.0,192.0,110.0,0.6509804,0.63197565,0.96,0.0006291946
proposed_v2_a,3,r240_c208_z130,active,208.0,240.0,130.0,0.64705884,0.63072014,0.6,0.0
proposed_v2_a,3,r320_c432_z130,active,432.0,320.0,130.0,0.64705884,0.62708145,0.68,0.0006291946
proposed_v2_a,3,r80_c0_z110,active,0.0,80.0,110.0,0.63529414,0.62115175,0.0,0.0
proposed_v2_a,3,r496_c288_z110,active,288.0,496.0,110.0,0.6509804,0.6243088,0.4,0.0
proposed_v2_a,3,r320_c304_z130,active,304.0,320.0,130.0,0.64705884,0.63475317,0.0,0.0
proposed_v2_a,3,r416_c320_z120,active,320.0,416.0,120.0,0.6509804,0.6304139,1.0,0.0006291946
proposed_v2_a,3,r272_c128_z130,active,128.0,272.0,130.0,0.64705884,0.63458794,0.52,0.0
proposed_v2_a,3,r496_c224_z110,active,224.0,496.0,110.0,0.6392157,0.6253944,0.16,0.0
proposed_v2_a,3,r256_c32_z130,active,32.0,256.0,130.0,0.6392157,0.6316207,0.56,0.0
proposed_v2_a,4,r496_c432_z110,active,432.0,496.0,110.0,0.6431373,0.6165693,0.0,0.0
proposed_v2_a,4,r496_c112_z120,active,112.0,496.0,120.0,0.6392157,0.62247145,0.4,0.0
proposed_v2_a,4,r336_c448_z120,active,448.0,336.0,120.0,0.6509804,0.62810576,0.64,0.0006291946
proposed_v2_a,4,r432_c192_z110,active,192.0,432.0,110.0,0.654902,0.63008434,0.8,0.0006291946
proposed_v2_a,4,r272_c96_z130,active,96.0,272.0,130.0,0.64705884,0.63467413,0.84,0.0
proposed_v2_a,4,r0_c32_z110,active,32.0,0.0,110.0,0.627451,0.6240645,0.0,0.0
proposed_v2_a,4,r352_c464_z100,active,464.0,352.0,100.0,0.654902,0.62829775,1.0,0.0006291946
proposed_v2_a,4,r480_c288_z130,active,288.0,480.0,130.0,0.64705884,0.62346864,0.76,0.0
proposed_v2_a,4,r32_c32_z130,active,32.0,32.0,130.0,0.627451,0.6239031,0.0,0.0
proposed_v2_a,4,r384_c48_z100,active,48.0,384.0,100.0,0.654902,0.6403967,0.12,0.0
proposed_v2_a,4,r64_c0_z100,active,0.0,64.0,100.0,0.627451,0.6221284,0.0,0.0
proposed_v2_a,4,r32_c0_z120,active,0.0,32.0,120.0,0.62352943,0.61885476,0.0,0.0
proposed_v2_a,4,r272_c336_z120,active,336.0,272.0,120.0,0.64705884,0.6330528,1.0,0.0
proposed_v2_a,4,r352_c352_z120,active,352.0,352.0,120.0,0.64705884,0.6318992,0.96,0.0006291946
proposed_v2_a,4,r400_c400_z100,active,400.0,400.0,100.0,0.65882355,0.62353575,0.04,0.0006291946
proposed_v2_a,4,r32_c32_z120,active,32.0,32.0,120.0,0.627451,0.62468016,0.0,0.0
proposed_v2_a,4,r240_c160_z120,active,160.0,240.0,120.0,0.6509804,0.63247716,0.8,0.0
proposed_v2_a,4,r496_c0_z120,active,0.0,496.0,120.0,0.627451,0.62143165,0.0,0.0
proposed_v2_a,4,r448_c352_z110,active,352.0,448.0,110.0,0.654902,0.62398005,1.0,0.0006291946
proposed_v2_a,4,r272_c432_z130,active,432.0,272.0,130.0,0.64705884,0.62879723,1.0,0.0006291946
proposed_v2_a,4,r32_c96_z130,active,96.0,32.0,130.0,0.63529414,0.6271544,1.0,0.0
proposed_v2_a,4,r480_c464_z120,active,464.0,480.0,120.0,0.6431373,0.6192588,0.08,0.0
proposed_v2_a,4,r336_c464_z130,active,464.0,336.0,130.0,0.64705884,0.6263001,0.72,0.0006291946
proposed_v2_a,4,r224_c64_z100,active,64.0,224.0,100.0,0.64705884,0.630967,0.16,0.0006291946
proposed_v2_a,4,r288_c320_z110,active,320.0,288.0,110.0,0.6509804,0.63308465,0.0,0.0
proposed_v2_a,4,r432_c240_z130,active,240.0,432.0,130.0,0.64705884,0.6281947,0.6,0.0
proposed_v2_a,4,r32_c48_z100,active,48.0,32.0,100.0,0.6509804,0.6266385,0.56,0.0
proposed_v2_a,4,r400_c224_z100,active,224.0,400.0,100.0,0.65882355,0.6352843,1.0,0.0006291946
proposed_v2_a,4,r208_c112_z100,active,112.0,208.0,100.0,0.6509804,0.631167,0.44,0.0012583892
proposed_v2_a,4,r448_c496_z120,active,496.0,448.0,120.0,0.64705884,0.6211281,0.0,0.0
proposed_v2_a,4,r32_c0_z100,active,0.0,32.0,100.0,0.62352943,0.6213379,0.0,0.0
proposed_v2_a,4,r0_c416_z100,active,416.0,0.0,100.0,0.6431373,0.6243452,0.0,0.0
proposed_v2_a,4,r32_c304_z100,active,304.0,32.0,100.0,0.65882355,0.631783,1.0,0.0
proposed_v2_a,4,r208_c112_z130,active,112.0,208.0,130.0,0.6431373,0.6284743,0.44,0.0006291946
proposed_v2_a,4,r256_c160_z130,active,160.0,256.0,130.0,0.64705884,0.63310945,0.4,0.0
proposed_v2_a,4,r32_c208_z100,active,208.0,32.0,100.0,0.6431373,0.630914,0.44,0.0006291946
proposed_v2_a,4,r304_c96_z100,active,96.0,304.0,100.0,0.654902,0.63862264,1.0,0.0
proposed_v2_a,4,r448_c496_z130,active,496.0,448.0,130.0,0.6431373,0.62058675,0.0,0.0
proposed_v2_a,4,r496_c112_z110,active,112.0,496.0,110.0,0.6392157,0.6235984,0.4,0.0
proposed_v2_a,4,r464_c208_z130,active,208.0,464.0,130.0,0.6431373,0.62608325,0.64,0.0
proposed_v2_a,4,r144_c432_z110,active,432.0,144.0,110.0,0.64705884,0.6323986,0.0,0.0
proposed_v2_a,4,r496_c400_z130,active,400.0,496.0,130.0,0.64705884,0.6159768,0.56,0.0
proposed_v2_a,4,r400_c160_z130,active,160.0,400.0,130.0,0.64705884,0.63435405,1.0,0.0
proposed_v2_a,4,r464_c112_z120,active,112.0,464.0,120.0,0.64705884,0.62844336,0.84,0.0
proposed_v2_a,4,r496_c288_z120,active,288.0,496.0,120.0,0.6431373,0.62321454,0.4,0.0
proposed_v2_a,4,r112_c80_z110,active,80.0,112.0,110.0,0.654902,0.63153917,1.0,0.0
proposed_v2_a,4,r352_c256_z100,active,256.0,352.0,100.0,0.65882355,0.6374968,0.8,0.0006291946
proposed_v2_a,4,r256_c0_z100,active,0.0,256.0,100.0,0.6313726,0.6326388,0.0,0.0
proposed_v2_a,4,r128_c208_z120,active,208.0,128.0,120.0,0.6509804,0.62930506,0.24,0.0
proposed_v2_a,4,r432_c240_z110,active,240.0,432.0,110.0,0.6509804,0.6314206,0.6,0.0
proposed_v2_a,4,r272_c336_z100,active,336.0,272.0,100.0,0.6509804,0.6341857,1.0,0.0
proposed_v2_a,4,r304_c192_z120,active,192.0,304.0,120.0,0.64705884,0.63737,0.72,0.0
proposed_v2_a,4,r272_c496_z100,active,496.0,272.0,100.0,0.64705884,0.6286226,0.16,0.0006291946
proposed_v2_a,4,r448_c352_z100,active,352.0,448.0,100.0,0.654902,0.6246085,1.0,0.0006291946
proposed_v2_a,4,r176_c48_z110,active,48.0,176.0,110.0,0.6509804,0.63348204,0.96,0.0006291946
proposed_v2_a,4,r64_c496_z120,active,496.0,64.0,120.0,0.63529414,0.62091404,0.0,0.0
proposed_v2_a,4,r48_c32_z110,active,32.0,48.0,110.0,0.6509804,0.62529737,0.4,0.0
proposed_v2_a,4,r400_c304_z100,active,304.0,400.0,100.0,0.65882355,0.6355362,0.6,0.0006291946
proposed_v2_a,4,r416_c144_z110,active,144.0,416.0,110.0,0.654902,0.6353151,0.64,0.0006291946
proposed_v2_a,4,r0_c192_z110,active,192.0,0.0,110.0,0.6392157,0.6278256,0.0,0.0
proposed_v2_a,4,r80_c384_z100,active,384.0,80.0,100.0,0.654902,0.63477784,0.04,0.0
proposed_v2_a,4,r464_c416_z120,active,416.0,464.0,120.0,0.6509804,0.62023926,0.88,0.0
proposed_v2_a,4,r480_c176_z130,active,176.0,480.0,130.0,0.64705884,0.6246043,0.0,0.0
proposed_v2_a,4,r80_c432_z130,active,432.0,80.0,130.0,0.64705884,0.6241701,0.0,0.0
proposed_v2_a,4,r352_c352_z130,active,352.0,352.0,130.0,0.6431373,0.6310648,0.96,0.0006291946
proposed_v2_a,4,r0_c112_z100,active,112.0,0.0,100.0,0.63529414,0.62789905,0.0,0.0
proposed_v2_a,4,r496_c496_z110,active,496.0,496.0,110.0,0.6313726,0.6153875,0.0,0.0
proposed_v2_a,4,r432_c240_z100,active,240.0,432.0,100.0,0.65882355,0.63245314,0.6,0.0
proposed_v2_a,4,r0_c464_z110,active,464.0,0.0,110.0,0.627451,0.62172544,0.0,0.0
proposed_v2_a,4,r336_c304_z120,active,304.0,336.0,120.0,0.6509804,0.63631463,0.68,0.0
proposed_v2_a,4,r384_c432_z130,active,432.0,384.0,130.0,0.6431373,0.62239635,1.0,0.0
proposed_v2_a,4,r48_c496_z130,active,496.0,48.0,130.0,0.6313726,0.6209958,0.0,0.0
proposed_v2_a,4,r464_c112_z110,active,112.0,464.0,110.0,0.654902,0.6301778,0.84,0.0
proposed_v2_a,4,r496_c256_z100,active,256.0,496.0,100.0,0.64705884,0.62585735,0.12,0.0
proposed_v2_a,4,r32_c480_z130,active,480.0,32.0,130.0,0.6313726,0.6214386,1.0,0.0
proposed_v2_a,4,r32_c336_z120,active,336.0,32.0,120.0,0.6509804,0.62499934,0.88,0.0
proposed_v2_a,4,r432_c144_z120,active,144.0,432.0,120.0,0.6509804,0.6330254,0.6,0.0012583892
proposed_v2_a,4,r0_c496_z100,active,496.0,0.0,100.0,0.62352943,0.62111837,0.0,0.0
proposed_v2_a,4,r128_c256_z120,active,256.0,128.0,120.0,0.6509804,0.62641275,1.0,0.0
proposed_v2_a,4,r208_c144_z120,active,144.0,208.0,120.0,0.64705884,0.6286837,0.04,0.0006291946
proposed_v2_a,4,r128_c0_z120,active,0.0,128.0,120.0,0.6392157,0.62116027,0.0,0.0006291946
proposed_v2_a,4,r32_c384_z130,active,384.0,32.0,130.0,0.6392157,0.6240892,1.0,0.0
proposed_v2_a,5,r32_c304_z110,active,304.0,32.0,110.0,0.6509804,0.6288668,1.0,0.0
proposed_v2_a,5,r272_c432_z100,active,432.0,272.0,100.0,0.65882355,0.6339191,1.0,0.0006291946
proposed_v2_a,5,r0_c256_z110,active,256.0,0.0,110.0,0.6509804,0.6281028,0.2,0.0
proposed_v2_a,5,r224_c0_z120,active,0.0,224.0,120.0,0.6392157,0.6289969,0.0,0.0
proposed_v2_a,5,r0_c288_z120,active,288.0,0.0,120.0,0.64705884,0.6263354,0.0,0.0
proposed_v2_a,5,r192_c208_z130,active,208.0,192.0,130.0,0.64705884,0.6263277,0.36,0.0
proposed_v2_a,5,r272_c336_z130,active,336.0,272.0,130.0,0.6431373,0.6315905,1.0,0.0
proposed_v2_a,5,r208_c0_z100,active,0.0,208.0,100.0,0.6431373,0.62960196,0.0,0.0
proposed_v2_a,5,r16_c64_z100,active,64.0,16.0,100.0,0.6313726,0.62649286,0.6,0.0
proposed_v2_a,5,r320_c448_z110,active,448.0,320.0,110.0,0.6509804,0.63089335,0.36,0.0006291946
proposed_v2_a,5,r112_c496_z130,active,496.0,112.0,130.0,0.6392157,0.6208789,0.0,0.0
proposed_v2_a,5,r256_c96_z110,active,96.0,256.0,110.0,0.6509804,0.6347959,0.68,0.0
proposed_v2_a,5,r336_c208_z100,active,208.0,336.0,100.0,0.654902,0.6377925,0.8,0.0
proposed_v2_a,5,r304_c448_z120,active,448.0,304.0,120.0,0.64705884,0.63083476,0.6,0.0006291946
proposed_v2_a,5,r112_c32_z100,active,32.0,112.0,100.0,0.654902,0.6312184,0.8,0.0006291946
proposed_v2_a,5,r96_c176_z110,active,176.0,96.0,110.0,0.6509804,0.62959176,0.0,0.0006291946
proposed_v2_a,5,r128_c320_z130,active,320.0,128.0,130.0,0.64705884,0.6312098,1.0,0.0
proposed_v2_a,5,r400_c432_z120,active,432.0,400.0,120.0,0.64705884,0.6243276,0.04,0.0
proposed_v2_a,5,r432_c288_z120,active,288.0,432.0,120.0,0.6509804,0.63091683,0.36,0.0006291946
proposed_v2_a,5,r32_c240_z120,active,240.0,32.0,120.0,0.64705884,0.6329242,0.0,0.0
proposed_v2_a,5,r208_c320_z130,active,320.0,208.0,130.0,0.6431373,0.6309582,0.8,0.0
proposed_v2_a,5,r96_c464_z110,active,464.0,96.0,110.0,0.6509804,0.6280287,0.0,0.0
proposed_v2_a,5,r128_c256_z100,active,256.0,128.0,100.0,0.65882355,0.63226926,1.0,0.0
proposed_v2_a,5,r224_c272_z120,active,272.0,224.0,120.0,0.64705884,0.62782645,0.4,0.0
proposed_v2_a,5,r336_c336_z100,active,336.0,336.0,100.0,0.65882355,0.6330966,0.88,0.0
proposed_v2_a,5,r304_c144_z110,active,144.0,304.0,110.0,0.654902,0.63804525,0.76,0.0
proposed_v2_a,5,r144_c384_z100,active,384.0,144.0,100.0,0.654902,0.6373196,0.48,0.0
proposed_v2_a,5,r448_c32_z120,active,32.0,448.0,120.0,0.6509804,0.6272671,0.52,0.0
proposed_v2_a,5,r304_c192_z130,active,192.0,304.0,130.0,0.64705884,0.63639605,0.72,0.0
proposed_v2_a,5,r160_c384_z130,active,384.0,160.0,130.0,0.64705884,0.6312389,0.92,0.0
proposed_v2_a,5,r32_c384_z120,active,384.0,32.0,120.0,0.6392157,0.6247153,1.0,0.0
proposed_v2_a,5,r176_c0_z100,active,0.0,176.0,100.0,0.6509804,0.62950224,0.0,0.0006291946
proposed_v2_a,5,r240_c160_z110,active,160.0,240.0,110.0,0.6509804,0.6330551,0.8,0.0
proposed_v2_a,5,r352_c400_z110,active,400.0,352.0,110.0,0.6509804,0.6282801,0.92,0.0006291946
proposed_v2_a,5,r96_c272_z110,active,272.0,96.0,110.0,0.654902,0.6300174,0.92,0.0
proposed_v2_a,5,r0_c96_z110,active,96.0,0.0,110.0,0.6313726,0.6270022,0.0,0.0
proposed_v2_a,5,r0_c128_z130,active,128.0,0.0,130.0,0.63529414,0.6260935,0.0,0.0
proposed_v2_a,5,r0_c128_z120,active,128.0,0.0,120.0,0.63529414,0.6266851,0.0,0.0
proposed_v2_a,5,r192_c208_z120,active,208.0,192.0,120.0,0.6509804,0.62813675,0.36,0.0
proposed_v2_a,5,r48_c448_z120,active,448.0,48.0,120.0,0.64705884,0.622324,0.0,0.0
proposed_v2_a,5,r368_c192_z120,active,192.0,368.0,120.0,0.6431373,0.6373453,0.76,0.0
proposed_v2_a,5,r96_c128_z130,active,128.0,96.0,130.0,0.64705884,0.6262311,0.4,0.0006291946
proposed_v2_a,5,r272_c208_z110,active,208.0,272.0,110.0,0.6509804,0.63350517,0.2,0.0
proposed_v2_a,5,r0_c160_z130,active,160.0,0.0,130.0,0.6431373,0.6244371,0.0,0.0
proposed_v2_a,5,r0_c464_z130,active,464.0,0.0,130.0,0.62352943,0.62122285,0.0,0.0
proposed_v2_a,5,r256_c320_z110,active,320.0,256.0,110.0,0.64705884,0.63180506,0.8,0.0
proposed_v2_a,5,r224_c272_z100,active,272.0,224.0,100.0,0.6509804,0.6295741,0.4,0.0
proposed_v2_a,5,r464_c128_z130,active,128.0,464.0,130.0,0.6431373,0.62745357,0.36,0.0
proposed_v2_a,5,r240_c224_z100,active,224.0,240.0,100.0,0.654902,0.6317463,0.52,0.0
proposed_v2_a,5,r192_c400_z120,active,400.0,192.0,120.0,0.64705884,0.6316862,0.84,0.0
proposed_v2_a,5,r224_c272_z110,active,272.0,224.0,110.0,0.6509804,0.6294242,0.4,0.0
proposed_v2_a,5,r464_c272_z120,active,272.0,464.0,120.0,0.6509804,0.6264325,0.52,0.0
proposed_v2_a,5,r144_c48_z120,active,48.0,144.0,120.0,0.6431373,0.6313796,0.76,0.0006291946
proposed_v2_a,5,r240_c448_z110,active,448.0,240.0,110.0,0.6509804,0.63096076,0.64,0.0
proposed_v2_a,5,r48_c496_z110,active,496.0,48.0,110.0,0.6313726,0.62139535,0.0,0.0
proposed_v2_a,5,r208_c416_z100,active,416.0,208.0,100.0,0.6509804,0.63482445,0.0,0.0
proposed_v2_a,5,r112_c496_z100,active,496.0,112.0,100.0,0.64705884,0.622187,0.0,0.0
proposed_v2_a,5,r256_c112_z120,active,112.0,256.0,120.0,0.6509804,0.63437617,0.32,0.0
proposed_v2_a,5,r416_c352_z130,active,352.0,416.0,130.0,0.64705884,0.6258663,0.96,0.0006291946
proposed_v2_a,5,r336_c176_z130,active,176.0,336.0,130.0,0.6431373,0.63745314,1.0,0.0
proposed_v2_a,5,r288_c64_z100,active,64.0,288.0,100.0,0.6509804,0.6368706,0.32,0.0
proposed_v2_a,5,r480_c144_z100,active,144.0,480.0,100.0,0.654902,0.62888616,0.4,0.0
proposed_v2_a,5,r272_c256_z110,active,256.0,272.0,110.0,0.6509804,0.63477474,0.6,0.0
proposed_v2_a,5,r0_c432_z110,active,432.0,0.0,110.0,0.6392157,0.6226291,0.6,0.0
proposed_v2_a,5,r336_c384_z130,active,384.0,336.0,130.0,0.64705884,0.6283079,0.08,0.0006291946
proposed_v2_a,5,r336_c32_z100,active,32.0,336.0,100.0,0.6509804,0.6376641,0.96,0.0
proposed_v2_a,5,r336_c208_z130,active,208.0,336.0,130.0,0.64705884,0.63651174,0.8,0.0
proposed_v2_a,5,r496_c176_z120,active,176.0,496.0,120.0,0.64705884,0.6234231,0.04,0.0
proposed_v2_a,5,r192_c0_z120,active,0.0,192.0,120.0,0.6431373,0.62642884,0.0,0.0
proposed_v2_a,5,r464_c464_z100,active,464.0,464.0,100.0,0.654902,0.6182824,0.0,0.0
proposed_v2_a,5,r304_c384_z120,active,384.0,304.0,120.0,0.6509804,0.6324008,0.92,0.0
proposed_v2_a,5,r176_c272_z120,active,272.0,176.0,120.0,0.6509804,0.62470454,0.48,0.0
proposed_v2_a,5,r208_c80_z130,active,80.0,208.0,130.0,0.6431373,0.62836874,0.04,0.0006291946
proposed_v2_a,5,r144_c176_z110,active,176.0,144.0,110.0,0.6509804,0.63230354,0.92,0.0
proposed_v2_a,5,r176_c64_z130,active,64.0,176.0,130.0,0.64705884,0.62986493,0.48,0.0006291946
proposed_v2_a,5,r32_c480_z110,active,480.0,32.0,110.0,0.63529414,0.6218899,1.0,0.0
proposed_v2_a,5,r112_c32_z110,active,32.0,112.0,110.0,0.654902,0.6299101,0.8,0.0006291946
proposed_v2_a,5,r0_c352_z110,active,352.0,0.0,110.0,0.64705884,0.6245757,0.0,0.0
proposed_v2_a,5,r368_c192_z110,active,192.0,368.0,110.0,0.6509804,0.63783455,0.76,0.0
proposed_v2_a,5,r224_c144_z130,active,144.0,224.0,130.0,0.64705884,0.6296131,0.24,0.0
proposed_v2_a,5,r32_c336_z100,active,336.0,32.0,100.0,0.6509804,0.6314723,0.88,0.0
proposed_v2_a,5,r112_c304_z100,active,304.0,112.0,100.0,0.654902,0.6353471,1.0,0.0
proposed_v2_b,0,r240_c32_z100,initial,32.0,240.0,100.0,0.63529414,0.6313318,0.0,0.0
proposed_v2_b,0,r304_c256_z110,initial,256.0,304.0,110.0,0.6509804,0.6377591,0.8,0.0
proposed_v2_b,0,r208_c160_z110,initial,160.0,208.0,110.0,0.6509804,0.62954664,0.0,0.0
proposed_v2_b,0,r128_c368_z110,initial,368.0,128.0,110.0,0.6509804,0.63548833,0.2,0.0
proposed_v2_b,0,r368_c208_z130,initial,208.0,368.0,130.0,0.6431373,0.6351592,0.12,0.0
proposed_v2_b,0,r320_c496_z120,initial,496.0,320.0,120.0,0.6509804,0.6248631,0.0,0.0006291946
proposed_v2_b,0,r368_c96_z110,initial,96.0,368.0,110.0,0.654902,0.6404708,0.0,0.0
proposed_v2_b,0,r240_c384_z120,initial,384.0,240.0,120.0,0.6509804,0.6311829,0.24,0.0
proposed_v2_b,0,r64_c224_z130,initial,224.0,64.0,130.0,0.6431373,0.6295667,0.32,0.0
proposed_v2_b,0,r192_c32_z130,initial,32.0,192.0,130.0,0.6431373,0.628325,0.0,0.0006291946
proposed_v2_b,0,r496_c208_z130,initial,208.0,496.0,130.0,0.6392157,0.6227197,0.0,0.0
proposed_v2_b,0,r208_c240_z120,initial,240.0,208.0,120.0,0.64705884,0.62746197,0.2,0.0
proposed_v2_b,0,r240_c432_z130,initial,432.0,240.0,130.0,0.64705884,0.62672764,0.0,0.0
proposed_v2_b,0,r64_c0_z120,initial,0.0,64.0,120.0,0.627451,0.61874074,0.0,0.0
proposed_v2_b,0,r144_c176_z130,initial,176.0,144.0,130.0,0.6431373,0.62786317,0.92,0.0
proposed_v2_b,0,r448_c0_z120,initial,0.0,448.0,120.0,0.64705884,0.62637913,0.0,0.0
proposed_v2_b,0,r416_c496_z130,initial,496.0,416.0,130.0,0.6392157,0.6224537,0.0,0.0
proposed_v2_b,0,r112_c272_z130,initial,272.0,112.0,130.0,0.64705884,0.626613,0.76,0.0
proposed_v2_b,0,r304_c240_z120,initial,240.0,304.0,120.0,0.6509804,0.6380841,0.64,0.0
proposed_v2_b,0,r256_c48_z100,initial,48.0,256.0,100.0,0.6431373,0.6334146,0.0,0.0
proposed_v2_b,0,r384_c480_z100,initial,480.0,384.0,100.0,0.654902,0.6261505,0.76,0.0
proposed_v2_b,0,r352_c464_z110,initial,464.0,352.0,110.0,0.654902,0.6281112,1.0,0.0006291946
proposed_v2_b,0,r320_c64_z120,initial,64.0,320.0,120.0,0.64705884,0.6377163,0.04,0.0
proposed_v2_b,0,r208_c240_z100,initial,240.0,208.0,100.0,0.654902,0.6288754,0.2,0.0
proposed_v2_b,0,r160_c208_z110,initial,208.0,160.0,110.0,0.6509804,0.6311261,0.24,0.0
proposed_v2_b,0,r496_c464_z110,initial,464.0,496.0,110.0,0.6313726,0.6161498,0.0,0.0
proposed_v2_b,0,r480_c64_z130,initial,64.0,480.0,130.0,0.6392157,0.62165666,0.0,0.0
proposed_v2_b,0,r48_c272_z110,initial,272.0,48.0,110.0,0.6509804,0.6339888,1.0,0.0
proposed_v2_b,0,r400_c208_z110,initial,208.0,400.0,110.0,0.6509804,0.633617,0.24,0.0006291946
proposed_v2_b,0,r352_c432_z110,initial,432.0,352.0,110.0,0.64705884,0.6278518,0.24,0.0006291946
proposed_v2_b,0,r176_c208_z100,initial,208.0,176.0,100.0,0.6509804,0.63124746,0.0,0.0
proposed_v2_b,0,r400_c384_z120,initial,384.0,400.0,120.0,0.64705884,0.6242475,0.32,0.0006291946
proposed_v2_b,0,r64_c192_z100,initial,192.0,64.0,100.0,0.654902,0.63060313,1.0,0.0006291946
proposed_v2_b,0,r464_c304_z120,initial,304.0,464.0,120.0,0.6509804,0.6249385,0.04,0.0006291946
proposed_v2_b,0,r304_c480_z100,initial,480.0,304.0,100.0,0.6509804,0.63201165,1.0,0.0006291946
proposed_v2_b,0,r384_c80_z120,initial,80.0,384.0,120.0,0.6509804,0.6402904,0.32,0.0
proposed_v2_b,0,r208_c304_z120,initial,304.0,208.0,120.0,0.6509804,0.63155174,0.2,0.0
proposed_v2_b,0,r304_c480_z130,initial,480.0,304.0,130.0,0.6431373,0.6252048,1.0,0.0006291946
proposed_v2_b,0,r384_c336_z120,initial,336.0,384.0,120.0,0.6509804,0.6329618,0.04,0.0006291946
proposed_v2_b,0,r304_c240_z110,initial,240.0,304.0,110.0,0.654902,0.6381485,0.64,0.0
proposed_v2_b,0,r432_c64_z120,initial,64.0,432.0,120.0,0.64705884,0.635173,0.0,0.0
proposed_v2_b,0,r160_c432_z100,initial,432.0,160.0,100.0,0.65882355,0.63393974,0.0,0.0
proposed_v2_b,0,r320_c496_z110,initial,496.0,320.0,110.0,0.654902,0.6256395,0.0,0.0006291946
proposed_v2_b,0,r256_c128_z110,initial,128.0,256.0,110.0,0.6509804,0.6341172,0.88,0.0
proposed_v2_b,0,r400_c176_z110,initial,176.0,400.0,110.0,0.6509804,0.6359129,0.56,0.0012583892
proposed_v2_b,0,r128_c272_z130,initial,272.0,128.0,130.0,0.64705884,0.6261245,0.2,0.0
proposed_v2_b,0,r368_c0_z110,initial,0.0,368.0,110.0,0.64705884,0.63724476,0.0,0.0
proposed_v2_b,0,r368_c96_z120,initial,96.0,368.0,120.0,0.64705884,0.6397181,0.0,0.0
proposed_v2_b,0,r64_c80_z130,initial,80.0,64.0,130.0,0.6431373,0.6276759,0.52,0.0
proposed_v2_b,0,r288_c32_z120,initial,32.0,288.0,120.0,0.6392157,0.63468546,0.04,0.0
proposed_v2_b,0,r64_c336_z100,initial,336.0,64.0,100.0,0.6509804,0.637214,0.0,0.0
proposed_v2_b,0,r320_c368_z110,initial,368.0,320.0,110.0,0.654902,0.6330209,0.0,0.0
proposed_v2_b,0,r208_c480_z130,initial,480.0,208.0,130.0,0.6431373,0.6253274,0.48,0.0
proposed_v2_b,0,r176_c448_z120,initial,448.0,176.0,120.0,0.64705884,0.6275907,0.0,0.0
proposed_v2_b,0,r384_c272_z120,initial,272.0,384.0,120.0,0.6509804,0.6360237,0.48,0.0
proposed_v2_b,0,r96_c416_z110,initial,416.0,96.0,110.0,0.654902,0.6307809,0.0,0.0
proposed_v2_b,0,r448_c64_z100,initial,64.0,448.0,100.0,0.654902,0.63510525,1.0,0.0
proposed_v2_b,0,r240_c320_z100,initial,320.0,240.0,100.0,0.6509804,0.6312521,0.2,0.0
proposed_v2_b,0,r32_c336_z110,initial,336.0,32.0,110.0,0.6509804,0.6282641,0.88,0.0
proposed_v2_b,0,r400_c272_z120,initial,272.0,400.0,120.0,0.64705884,0.63562065,0.0,0.0006291946
proposed_v2_b,0,r112_c448_z130,initial,448.0,112.0,130.0,0.64705884,0.62625843,0.0,0.0
proposed_v2_b,0,r352_c128_z110,initial,128.0,352.0,110.0,0.654902,0.63924235,0.0,0.0
proposed_v2_b,0,r432_c384_z120,initial,384.0,432.0,120.0,0.6509804,0.6216793,0.4,0.0
proposed_v2_b,0,r128_c480_z110,initial,480.0,128.0,110.0,0.6509804,0.6227231,0.12,0.0
proposed_v2_b,0,r480_c336_z110,initial,336.0,480.0,110.0,0.6509804,0.6228546,0.0,0.0
proposed_v2_b,0,r496_c144_z110,initial,144.0,496.0,110.0,0.654902,0.62470496,0.0,0.0
proposed_v2_b,0,r416_c496_z110,initial,496.0,416.0,110.0,0.64705884,0.62375,0.0,0.0
proposed_v2_b,0,r352_c48_z120,initial,48.0,352.0,120.0,0.64705884,0.63791233,0.0,0.0
proposed_v2_b,0,r48_c448_z100,initial,448.0,48.0,100.0,0.654902,0.6242431,0.0,0.0
proposed_v2_b,0,r320_c352_z130,initial,352.0,320.0,130.0,0.6431373,0.6303287,0.24,0.0
proposed_v2_b,0,r128_c400_z130,initial,400.0,128.0,130.0,0.6431373,0.62937486,0.56,0.0
proposed_v2_b,0,r256_c288_z110,initial,288.0,256.0,110.0,0.6509804,0.6307137,0.0,0.0
proposed_v2_b,0,r16_c240_z130,initial,240.0,16.0,130.0,0.63529414,0.62935233,0.0,0.0
proposed_v2_b,0,r368_c224_z100,initial,224.0,368.0,100.0,0.65882355,0.6372598,0.0,0.0006291946
proposed_v2_b,0,r272_c464_z130,initial,464.0,272.0,130.0,0.64705884,0.6268373,0.04,0.0006291946
proposed_v2_b,0,r192_c464_z130,initial,464.0,192.0,130.0,0.64705884,0.6256807,0.0,0.0
proposed_v2_b,0,r496_c0_z130,initial,0.0,496.0,130.0,0.627451,0.62064946,0.0,0.0
proposed_v2_b,0,r96_c224_z110,initial,224.0,96.0,110.0,0.64705884,0.63128704,0.12,0.0
proposed_v2_b,0,r96_c240_z120,initial,240.0,96.0,120.0,0.64705884,0.62938094,0.0,0.0
proposed_v2_b,0,r176_c304_z110,initial,304.0,176.0,110.0,0.6509804,0.6338386,0.6,0.0
proposed_v2_b,0,r464_c256_z100,initial,256.0,464.0,100.0,0.654902,0.62854475,0.0,0.0
proposed_v2_b,0,r448_c320_z130,initial,320.0,448.0,130.0,0.6431373,0.62394506,0.52,0.0006291946
proposed_v2_b,0,r176_c384_z110,initial,384.0,176.0,110.0,0.64705884,0.6343779,0.4,0.0
proposed_v2_b,0,r176_c336_z130,initial,336.0,176.0,130.0,0.64705884,0.6312671,0.12,0.0
proposed_v2_b,0,r432_c48_z110,initial,48.0,432.0,110.0,0.6509804,0.63596994,0.0,0.0
proposed_v2_b,0,r432_c416_z130,initial,416.0,432.0,130.0,0.6431373,0.61998564,0.28,0.0
proposed_v2_b,0,r304_c48_z120,initial,48.0,304.0,120.0,0.6509804,0.63549703,0.0,0.0
proposed_v2_b,0,r416_c272_z110,initial,272.0,416.0,110.0,0.6509804,0.63508713,0.08,0.0006291946
proposed_v2_b,0,r176_c240_z100,initial,240.0,176.0,100.0,0.654902,0.62948304,0.32,0.0
proposed_v2_b,0,r48_c112_z130,initial,112.0,48.0,130.0,0.6431373,0.6272068,0.96,0.0
proposed_v2_b,0,r416_c48_z110,initial,48.0,416.0,110.0,0.6509804,0.6382716,0.04,0.0
proposed_v2_b,0,r432_c16_z100,initial,16.0,432.0,100.0,0.654902,0.63292694,1.0,0.0
proposed_v2_b,0,r304_c416_z110,initial,416.0,304.0,110.0,0.6509804,0.63014543,0.0,0.0006291946
proposed_v2_b,0,r144_c224_z100,initial,224.0,144.0,100.0,0.65882355,0.6304876,0.0,0.0
proposed_v2_b,0,r144_c480_z100,initial,480.0,144.0,100.0,0.65882355,0.6271732,1.0,0.0
proposed_v2_b,0,r32_c448_z100,initial,448.0,32.0,100.0,0.654902,0.623035,0.0,0.0
proposed_v2_b,0,r64_c384_z130,initial,384.0,64.0,130.0,0.64705884,0.6252906,0.0,0.0
proposed_v2_b,0,r352_c496_z130,initial,496.0,352.0,130.0,0.64705884,0.62441367,0.0,0.0
proposed_v2_b,0,r304_c192_z100,initial,192.0,304.0,100.0,0.654902,0.63714886,0.72,0.0
proposed_v2_b,0,r304_c416_z120,initial,416.0,304.0,120.0,0.6509804,0.62860715,0.0,0.0006291946
proposed_v2_b,0,r112_c16_z120,initial,16.0,112.0,120.0,0.6431373,0.62470734,0.0,0.0006291946
proposed_v2_b,0,r176_c144_z100,initial,144.0,176.0,100.0,0.654902,0.6335267,0.0,0.0
proposed_v2_b,0,r496_c160_z110,initial,160.0,496.0,110.0,0.64705884,0.6248448,0.0,0.0
proposed_v2_b,0,r16_c336_z130,initial,336.0,16.0,130.0,0.64705884,0.62326044,0.0,0.0
proposed_v2_b,0,r368_c288_z120,initial,288.0,368.0,120.0,0.6509804,0.6367072,0.0,0.0
proposed_v2_b,0,r368_c48_z110,initial,48.0,368.0,110.0,0.6509804,0.6396495,0.0,0.0
proposed_v2_b,0,r48_c464_z110,initial,464.0,48.0,110.0,0.64705884,0.62229806,0.0,0.0
proposed_v2_b,0,r480_c80_z120,initial,80.0,480.0,120.0,0.6431373,0.62306696,0.36,0.0
proposed_v2_b,0,r352_c80_z110,initial,80.0,352.0,110.0,0.6509804,0.6403112,0.0,0.0
proposed_v2_b,0,r320_c144_z100,initial,144.0,320.0,100.0,0.654902,0.63880575,0.4,0.0
proposed_v2_b,0,r240_c320_z120,initial,320.0,240.0,120.0,0.64705884,0.6301548,0.2,0.0
proposed_v2_b,0,r480_c384_z100,initial,384.0,480.0,100.0,0.6509804,0.6190834,0.0,0.0
proposed_v2_b,0,r176_c160_z110,initial,160.0,176.0,110.0,0.654902,0.6311915,0.52,0.0
proposed_v2_b,0,r112_c176_z100,initial,176.0,112.0,100.0,0.6509804,0.6334877,0.6,0.0
proposed_v2_b,0,r320_c160_z120,initial,160.0,320.0,120.0,0.64705884,0.6383803,0.0,0.0
proposed_v2_b,0,r368_c288_z130,initial,288.0,368.0,130.0,0.64705884,0.63571715,0.0,0.0
proposed_v2_b,0,r16_c496_z110,initial,496.0,16.0,110.0,0.627451,0.62135756,0.0,0.0
proposed_v2_b,0,r80_c256_z120,initial,256.0,80.0,120.0,0.6509804,0.63048553,0.0,0.0
proposed_v2_b,0,r368_c176_z130,initial,176.0,368.0,130.0,0.6431373,0.6368075,0.28,0.0
proposed_v2_b,0,r464_c432_z100,initial,432.0,464.0,100.0,0.654902,0.61867213,0.0,0.0
proposed_v2_b,0,r304_c16_z100,initial,16.0,304.0,100.0,0.65882355,0.6364225,0.0,0.0
proposed_v2_b,0,r256_c0_z130,initial,0.0,256.0,130.0,0.6313726,0.63128245,0.0,0.0
proposed_v2_b,0,r32_c256_z130,initial,256.0,32.0,130.0,0.64705884,0.6290823,0.0,0.0
proposed_v2_b,0,r368_c16_z110,initial,16.0,368.0,110.0,0.6509804,0.63757133,0.0,0.0
proposed_v2_b,0,r272_c256_z100,initial,256.0,272.0,100.0,0.65882355,0.6345468,0.6,0.0
proposed_v2_b,0,r80_c192_z100,initial,192.0,80.0,100.0,0.654902,0.63046706,0.16,0.0006291946
proposed_v2_b,0,r128_c80_z120,initial,80.0,128.0,120.0,0.6509804,0.6301841,0.72,0.0006291946
proposed_v2_b,0,r256_c208_z120,initial,208.0,256.0,120.0,0.64705884,0.6321063,0.0,0.0
proposed_v2_b,0,r96_c160_z120,initial,160.0,96.0,120.0,0.6509804,0.6275679,0.36,0.0006291946
proposed_v2_b,0,r112_c416_z100,initial,416.0,112.0,100.0,0.654902,0.63361067,0.0,0.0
proposed_v2_b,0,r0_c96_z120,initial,96.0,0.0,120.0,0.6313726,0.6269776,0.0,0.0
proposed_v2_b,0,r384_c272_z100,initial,272.0,384.0,100.0,0.654902,0.6371796,0.48,0.0
proposed_v2_b,0,r288_c272_z130,initial,272.0,288.0,130.0,0.64705884,0.63542527,0.52,0.0
proposed_v2_b,0,r208_c144_z110,initial,144.0,208.0,110.0,0.6509804,0.6299537,0.04,0.0006291946
proposed_v2_b,0,r128_c144_z110,initial,144.0,128.0,110.0,0.6509804,0.63274235,0.24,0.0
proposed_v2_b,0,r496_c64_z110,initial,64.0,496.0,110.0,0.6392157,0.6225457,0.0,0.0
proposed_v2_b,0,r80_c304_z120,initial,304.0,80.0,120.0,0.64705884,0.6317767,0.0,0.0
proposed_v2_b,0,r464_c80_z110,initial,80.0,464.0,110.0,0.64705884,0.629168,0.04,0.0
proposed_v2_b,0,r320_c256_z100,initial,256.0,320.0,100.0,0.654902,0.6377405,1.0,0.0
proposed_v2_b,0,r464_c80_z120,initial,80.0,464.0,120.0,0.64705884,0.6272073,0.04,0.0
proposed_v2_b,0,r496_c368_z110,initial,368.0,496.0,110.0,0.64705884,0.6190571,0.8,0.0
proposed_v2_b,0,r416_c352_z110,initial,352.0,416.0,110.0,0.6509804,0.62760425,0.96,0.0006291946
proposed_v2_b,0,r496_c432_z120,initial,432.0,496.0,120.0,0.6392157,0.6172827,0.0,0.0
proposed_v2_b,0,r288_c400_z110,initial,400.0,288.0,110.0,0.654902,0.63321507,0.72,0.0
proposed_v2_b,0,r224_c112_z120,initial,112.0,224.0,120.0,0.64705884,0.63086194,0.36,0.0006291946
proposed_v2_b,0,r176_c96_z100,initial,96.0,176.0,100.0,0.654902,0.6342409,0.56,0.0006291946
proposed_v2_b,0,r96_c128_z110,initial,128.0,96.0,110.0,0.654902,0.63018996,0.4,0.0006291946
proposed_v2_b,0,r128_c176_z100,initial,176.0,128.0,100.0,0.6509804,0.6341127,0.4,0.0
proposed_v2_b,0,r224_c416_z120,initial,416.0,224.0,120.0,0.64705884,0.630835,0.64,0.0
proposed_v2_b,0,r224_c176_z100,initial,176.0,224.0,100.0,0.6509804,0.630572,1.0,0.0
proposed_v2_b,0,r496_c464_z130,initial,464.0,496.0,130.0,0.6313726,0.6171481,0.0,0.0
proposed_v2_b,0,r272_c128_z110,initial,128.0,272.0,110.0,0.6509804,0.6358836,0.52,0.0
proposed_v2_b,0,r336_c80_z100,initial,80.0,336.0,100.0,0.654902,0.6403662,0.08,0.0
proposed_v2_b,0,r112_c96_z130,initial,96.0,112.0,130.0,0.64705884,0.6271479,0.56,0.0006291946
proposed_v2_b,0,r352_c160_z100,initial,160.0,352.0,100.0,0.65882355,0.6394358,0.12,0.0
proposed_v2_b,0,r0_c464_z100,initial,464.0,0.0,100.0,0.627451,0.6220014,0.0,0.0
proposed_v2_b,0,r368_c496_z100,initial,496.0,368.0,100.0,0.654902,0.6265488,0.0,0.0
proposed_v2_b,0,r352_c160_z110,initial,160.0,352.0,110.0,0.654902,0.6395123,0.12,0.0
proposed_v2_b,0,r96_c16_z120,initial,16.0,96.0,120.0,0.6431373,0.6214219,0.0,0.0
proposed_v2_b,0,r32_c416_z120,initial,416.0,32.0,120.0,0.64705884,0.62364286,0.0,0.0
proposed_v2_b,0,r160_c240_z100,initial,240.0,160.0,100.0,0.65882355,0.6303052,0.32,0.0
proposed_v2_b,0,r0_c32_z130,initial,32.0,0.0,130.0,0.62352943,0.6234064,0.0,0.0
proposed_v2_b,0,r208_c416_z110,initial,416.0,208.0,110.0,0.6509804,0.63365895,0.0,0.0
proposed_v2_b,0,r176_c160_z130,initial,160.0,176.0,130.0,0.64705884,0.6270339,0.52,0.0
proposed_v2_b,0,r448_c448_z120,initial,448.0,448.0,120.0,0.6509804,0.62224305,1.0,0.0
proposed_v2_b,0,r48_c256_z130,initial,256.0,48.0,130.0,0.64705884,0.6286597,1.0,0.0
proposed_v2_b,0,r416_c480_z110,initial,480.0,416.0,110.0,0.6509804,0.6243492,0.0,0.0
proposed_v2_b,0,r224_c96_z110,initial,96.0,224.0,110.0,0.654902,0.63099366,0.0,0.0006291946
proposed_v2_b,0,r240_c192_z120,initial,192.0,240.0,120.0,0.64705884,0.6322346,0.0,0.0
proposed_v2_b,0,r272_c192_z130,initial,192.0,272.0,130.0,0.64705884,0.6331011,0.0,0.0
proposed_v2_b,0,r304_c32_z120,initial,32.0,304.0,120.0,0.64705884,0.6355326,0.0,0.0
proposed_v2_b,0,r416_c272_z130,initial,272.0,416.0,130.0,0.64705884,0.6332171,0.08,0.0006291946
proposed_v2_b,0,r336_c32_z120,initial,32.0,336.0,120.0,0.64705884,0.6363174,0.96,0.0
proposed_v2_b,0,r112_c96_z120,initial,96.0,112.0,120.0,0.64705884,0.6298213,0.56,0.0006291946
proposed_v2_b,0,r96_c480_z120,initial,480.0,96.0,120.0,0.6431373,0.6220645,0.0,0.0
proposed_v2_b,0,r480_c224_z100,initial,224.0,480.0,100.0,0.6431373,0.62816954,0.0,0.0
proposed_v2_b,0,r384_c416_z110,initial,416.0,384.0,110.0,0.654902,0.6258294,0.2,0.0006291946
proposed_v2_b,0,r336_c208_z110,initial,208.0,336.0,110.0,0.6509804,0.6378777,0.8,0.0
proposed_v2_b,0,r80_c48_z110,initial,48.0,80.0,110.0,0.6509804,0.6276998,0.0,0.0
proposed_v2_b,0,r112_c208_z130,initial,208.0,112.0,130.0,0.64705884,0.62590295,0.08,0.0
proposed_v2_b,0,r432_c432_z100,initial,432.0,432.0,100.0,0.654902,0.62215364,0.24,0.0
proposed_v2_b,0,r272_c208_z100,initial,208.0,272.0,100.0,0.65882355,0.6332985,0.2,0.0
proposed_v2_b,0,r32_c144_z130,initial,144.0,32.0,130.0,0.64705884,0.6253584,0.0,0.0
proposed_v2_b,0,r112_c368_z130,initial,368.0,112.0,130.0,0.64705884,0.63037455,0.16,0.0
proposed_v2_b,0,r48_c208_z120,initial,208.0,48.0,120.0,0.6392157,0.632088,0.8,0.0006291946
proposed_v2_b,0,r64_c0_z130,initial,0.0,64.0,130.0,0.627451,0.61677504,0.0,0.0
proposed_v2_b,0,r80_c304_z130,initial,304.0,80.0,130.0,0.6431373,0.6285355,0.0,0.0
proposed_v2_b,0,r176_c192_z100,initial,192.0,176.0,100.0,0.6509804,0.63152146,0.0,0.0
proposed_v2_b,0,r192_c32_z100,initial,32.0,192.0,100.0,0.6509804,0.632517,0.0,0.0006291946
proposed_v2_b,0,r496_c320_z120,initial,320.0,496.0,120.0,0.6392157,0.62163067,1.0,0.0
proposed_v2_b,0,r16_c496_z130,initial,496.0,16.0,130.0,0.627451,0.62082833,0.0,0.0
proposed_v2_b,0,r368_c0_z120,initial,0.0,368.0,120.0,0.64705884,0.63599974,0.0,0.0
proposed_v2_b,0,r96_c304_z130,initial,304.0,96.0,130.0,0.6431373,0.6297477,0.0,0.0
proposed_v2_b,0,r496_c496_z120,initial,496.0,496.0,120.0,0.6313726,0.61673385,0.0,0.0
proposed_v2_b,0,r320_c96_z130,initial,96.0,320.0,130.0,0.64705884,0.63740647,0.36,0.0
proposed_v2_b,0,r464_c96_z130,initial,96.0,464.0,130.0,0.64705884,0.6263251,0.24,0.0
proposed_v2_b,0,r496_c256_z120,initial,256.0,496.0,120.0,0.6431373,0.6237978,0.12,0.0
proposed_v2_b,0,r224_c416_z110,initial,416.0,224.0,110.0,0.6509804,0.63324475,0.64,0.0
proposed_v2_b,0,r32_c432_z110,initial,432.0,32.0,110.0,0.6509804,0.6232435,0.0,0.0
proposed_v2_b,0,r192_c432_z110,initial,432.0,192.0,110.0,0.6509804,0.63035744,0.0,0.0
proposed_v2_b,0,r240_c496_z100,initial,496.0,240.0,100.0,0.64705884,0.6266561,0.0,0.0006291946
proposed_v2_b,0,r400_c272_z110,initial,272.0,400.0,110.0,0.6509804,0.6361859,0.0,0.0006291946
proposed_v2_b,0,r496_c368_z130,initial,368.0,496.0,130.0,0.6431373,0.6178713,0.8,0.0
proposed_v2_b,0,r304_c352_z120,initial,352.0,304.0,120.0,0.6431373,0.63257486,0.2,0.0
proposed_v2_b,0,r464_c192_z110,initial,192.0,464.0,110.0,0.654902,0.6279545,0.0,0.0
proposed_v2_b,1,r0_c0_z100,active,0.0,0.0,100.0,0.62352943,0.61986125,0.0,0.0
proposed_v2_b,1,r32_c96_z100,active,96.0,32.0,100.0,0.6392157,0.6284906,1.0,0.0
proposed_v2_b,1,r176_c0_z110,active,0.0,176.0,110.0,0.6509804,0.6275701,0.0,0.0006291946
proposed_v2_b,1,r96_c0_z100,active,0.0,96.0,100.0,0.63529414,0.62332153,0.0,0.0
proposed_v2_b,1,r432_c176_z120,active,176.0,432.0,120.0,0.6509804,0.63034236,0.16,0.0006291946
proposed_v2_b,1,r0_c0_z110,active,0.0,0.0,110.0,0.62352943,0.6192532,0.0,0.0
proposed_v2_b,1,r384_c0_z130,active,0.0,384.0,130.0,0.64705884,0.63409245,0.0,0.0
proposed_v2_b,1,r352_c368_z100,active,368.0,352.0,100.0,0.654902,0.6299194,0.76,0.0006291946
proposed_v2_b,1,r0_c176_z110,active,176.0,0.0,110.0,0.6431373,0.6263756,0.0,0.0
proposed_v2_b,1,r0_c496_z120,active,496.0,0.0,120.0,0.62352943,0.62083113,0.0,0.0
proposed_v2_b,1,r272_c0_z110,active,0.0,272.0,110.0,0.6313726,0.63388515,0.0,0.0
proposed_v2_b,1,r240_c112_z130,active,112.0,240.0,130.0,0.64705884,0.6321128,0.92,0.0
proposed_v2_b,1,r448_c144_z100,active,144.0,448.0,100.0,0.65882355,0.6315493,0.8,0.0006291946
proposed_v2_b,1,r208_c32_z120,active,32.0,208.0,120.0,0.6431373,0.62951005,0.96,0.0006291946
proposed_v2_b,1,r240_c496_z120,active,496.0,240.0,120.0,0.6392157,0.6255739,0.0,0.0006291946
proposed_v2_b,1,r448_c160_z130,active,160.0,448.0,130.0,0.6431373,0.6281339,0.96,0.0006291946
proposed_v2_b,1,r128_c0_z130,active,0.0,128.0,130.0,0.63529414,0.6192416,0.0,0.0006291946
proposed_v2_b,1,r240_c496_z110,active,496.0,240.0,110.0,0.6431373,0.62624985,0.0,0.0006291946
proposed_v2_b,1,r32_c96_z110,active,96.0,32.0,110.0,0.6392157,0.62795466,1.0,0.0
proposed_v2_b,1,r0_c336_z120,active,336.0,0.0,120.0,0.64705884,0.624383,0.0,0.0
proposed_v2_b,1,r208_c240_z130,active,240.0,208.0,130.0,0.64705884,0.6258493,0.2,0.0
proposed_v2_b,1,r496_c496_z100,active,496.0,496.0,100.0,0.6313726,0.6141428,0.0,0.0
proposed_v2_b,1,r0_c256_z100,active,256.0,0.0,100.0,0.654902,0.62933505,0.2,0.0
proposed_v2_b,1,r352_c416_z130,active,416.0,352.0,130.0,0.6431373,0.6244857,1.0,0.0006291946
proposed_v2_b,1,r0_c432_z130,active,432.0,0.0,130.0,0.63529414,0.6217432,0.6,0.0
proposed_v2_b,1,r112_c384_z120,active,384.0,112.0,120.0,0.6509804,0.6316555,0.28,0.0
proposed_v2_b,1,r496_c320_z100,active,320.0,496.0,100.0,0.64705884,0.6231064,1.0,0.0
proposed_v2_b,1,r480_c256_z110,active,256.0,480.0,110.0,0.64705884,0.6268047,1.0,0.0
proposed_v2_b,1,r272_c400_z100,active,400.0,272.0,100.0,0.654902,0.63469493,0.32,0.0
proposed_v2_b,1,r384_c464_z120,active,464.0,384.0,120.0,0.64705884,0.6262296,1.0,0.0
proposed_v2_b,1,r0_c16_z120,active,16.0,0.0,120.0,0.62352943,0.6218593,0.0,0.0
proposed_v2_b,1,r240_c112_z100,active,112.0,240.0,100.0,0.65882355,0.63243777,0.92,0.0006291946
proposed_v2_b,1,r48_c32_z100,active,32.0,48.0,100.0,0.654902,0.6251241,0.4,0.0
proposed_v2_b,1,r112_c0_z110,active,0.0,112.0,110.0,0.63529414,0.62252533,0.0,0.0006291946
proposed_v2_b,1,r496_c144_z120,active,144.0,496.0,120.0,0.6509804,0.62341183,0.0,0.0
proposed_v2_b,1,r0_c160_z100,active,160.0,0.0,100.0,0.6509804,0.62779224,0.0,0.0
proposed_v2_b,1,r48_c128_z120,active,128.0,48.0,120.0,0.64705884,0.6271014,1.0,0.0
proposed_v2_b,1,r176_c176_z120,active,176.0,176.0,120.0,0.64705884,0.62903583,0.8,0.0
proposed_v2_b,1,r272_c64_z130,active,64.0,272.0,130.0,0.6431373,0.63391805,0.76,0.0
proposed_v2_b,1,r480_c272_z130,active,272.0,480.0,130.0,0.64705884,0.62410676,0.72,0.0
proposed_v2_b,1,r416_c352_z100,active,352.0,416.0,100.0,0.654902,0.6275842,0.96,0.0006291946
proposed_v2_b,1,r144_c496_z130,active,496.0,144.0,130.0,0.6431373,0.622135,0.0,0.0
proposed_v2_b,1,r240_c224_z110,active,224.0,240.0,110.0,0.6509804,0.6299858,0.52,0.0
proposed_v2_b,1,r176_c96_z130,active,96.0,176.0,130.0,0.64705884,0.62873495,0.56,0.0006291946
proposed_v2_b,1,r96_c272_z100,active,272.0,96.0,100.0,0.65882355,0.633257,0.92,0.0
proposed_v2_b,1,r0_c384_z100,active,384.0,0.0,100.0,0.6392157,0.62543315,0.0,0.0
proposed_v2_b,1,r384_c368_z130,active,368.0,384.0,130.0,0.6431373,0.6273923,0.72,0.0006291946
proposed_v2_b,1,r160_c496_z120,active,496.0,160.0,120.0,0.64705884,0.62378484,0.4,0.0
proposed_v2_b,1,r496_c0_z100,active,0.0,496.0,100.0,0.6313726,0.62279236,0.0,0.0
proposed_v2_b,1,r480_c0_z110,active,0.0,480.0,110.0,0.6313726,0.62323457,0.0,0.0
proposed_v2_b,1,r80_c496_z130,active,496.0,80.0,130.0,0.63529414,0.6203725,0.0,0.0
proposed_v2_b,1,r288_c64_z110,active,64.0,288.0,110.0,0.6509804,0.6368177,0.32,0.0
proposed_v2_b,1,r240_c336_z130,active,336.0,240.0,130.0,0.64705884,0.6300423,0.76,0.0
proposed_v2_b,1,r496_c112_z100,active,112.0,496.0,100.0,0.6431373,0.6252775,0.4,0.0
proposed_v2_b,1,r0_c256_z120,active,256.0,0.0,120.0,0.64705884,0.6271165,0.2,0.0
proposed_v2_b,1,r464_c416_z110,active,416.0,464.0,110.0,0.654902,0.62041926,0.88,0.0
proposed_v2_b,1,r496_c320_z130,active,320.0,496.0,130.0,0.63529414,0.6204607,1.0,0.0
proposed_v2_b,1,r160_c80_z110,active,80.0,160.0,110.0,0.654902,0.63376,0.8,0.0006291946
proposed_v2_b,1,r432_c16_z130,active,16.0,432.0,130.0,0.64705884,0.626866,1.0,0.0
proposed_v2_b,1,r224_c176_z130,active,176.0,224.0,130.0,0.6431373,0.630103,1.0,0.0
proposed_v2_b,1,r448_c464_z130,active,464.0,448.0,130.0,0.64705884,0.6205,1.0,0.0
proposed_v2_b,1,r176_c496_z110,active,496.0,176.0,110.0,0.654902,0.626052,0.96,0.0
proposed_v2_b,1,r320_c16_z130,active,16.0,320.0,130.0,0.64705884,0.6348523,0.0,0.0
proposed_v2_b,1,r64_c48_z120,active,48.0,64.0,120.0,0.64705884,0.6268533,1.0,0.0
proposed_v2_b,1,r160_c352_z100,active,352.0,160.0,100.0,0.654902,0.63494974,0.0,0.0
proposed_v2_b,1,r112_c304_z110,active,304.0,112.0,110.0,0.654902,0.6342955,1.0,0.0
proposed_v2_b,1,r432_c128_z110,active,128.0,432.0,110.0,0.6509804,0.63445896,0.52,0.0006291946
proposed_v2_b,1,r112_c112_z100,active,112.0,112.0,100.0,0.654902,0.63403034,0.72,0.0006291946
proposed_v2_b,1,r192_c400_z130,active,400.0,192.0,130.0,0.64705884,0.629548,0.84,0.0
proposed_v2_b,1,r384_c80_z130,active,80.0,384.0,130.0,0.64705884,0.63870895,0.32,0.0
proposed_v2_b,1,r0_c320_z100,active,320.0,0.0,100.0,0.6509804,0.62713015,0.0,0.0
proposed_v2_b,1,r224_c32_z110,active,32.0,224.0,110.0,0.6392157,0.6294489,0.0,0.0006291946
proposed_v2_b,1,r240_c352_z110,active,352.0,240.0,110.0,0.654902,0.6343668,0.2,0.0
proposed_v2_b,1,r80_c496_z100,active,496.0,80.0,100.0,0.63529414,0.6219908,0.0,0.0
proposed_v2_b,1,r288_c400_z130,active,400.0,288.0,130.0,0.6431373,0.62795043,0.72,0.0
proposed_v2_b,1,r288_c112_z120,active,112.0,288.0,120.0,0.64705884,0.6370748,0.64,0.0
proposed_v2_b,1,r368_c208_z120,active,208.0,368.0,120.0,0.64705884,0.63606125,0.12,0.0
proposed_v2_b,1,r432_c496_z120,active,496.0,432.0,120.0,0.64705884,0.62244254,0.0,0.0
proposed_v2_b,1,r160_c0_z120,active,0.0,160.0,120.0,0.64705884,0.625638,0.0,0.0006291946
proposed_v2_b,1,r176_c368_z120,active,368.0,176.0,120.0,0.64705884,0.632151,0.24,0.0
proposed_v2_b,1,r480_c208_z120,active,208.0,480.0,120.0,0.64705884,0.62599176,0.8,0.0
proposed_v2_b,1,r448_c496_z100,active,496.0,448.0,100.0,0.654902,0.6195554,0.0,0.0
proposed_v2_b,2,r0_c160_z120,active,160.0,0.0,120.0,0.6431373,0.6251863,0.0,0.0
proposed_v2_b,2,r0_c240_z110,active,240.0,0.0,110.0,0.6431373,0.6293212,0.12,0.0
proposed_v2_b,2,r32_c48_z110,active,48.0,32.0,110.0,0.6431373,0.62657565,0.56,0.0
proposed_v2_b,2,r336_c304_z110,active,304.0,336.0,110.0,0.6509804,0.6364006,0.68,0.0
proposed_v2_b,2,r304_c320_z100,active,320.0,304.0,100.0,0.6509804,0.6341442,0.0,0.0
proposed_v2_b,2,r432_c192_z100,active,192.0,432.0,100.0,0.654902,0.6304498,0.8,0.0006291946
proposed_v2_b,2,r48_c208_z110,active,208.0,48.0,110.0,0.64705884,0.63261104,0.8,0.0006291946
proposed_v2_b,2,r368_c0_z100,active,0.0,368.0,100.0,0.6509804,0.63792753,0.0,0.0
proposed_v2_b,2,r496_c144_z130,active,144.0,496.0,130.0,0.64705884,0.6222318,0.0,0.0
proposed_v2_b,2,r144_c48_z130,active,48.0,144.0,130.0,0.6431373,0.6279213,0.76,0.0006291946
proposed_v2_b,2,r144_c288_z120,active,288.0,144.0,120.0,0.64705884,0.6289814,0.0,0.0
proposed_v2_b,2,r0_c192_z130,active,192.0,0.0,130.0,0.6392157,0.62715155,0.0,0.0
proposed_v2_b,2,r80_c160_z130,active,160.0,80.0,130.0,0.64705884,0.62458885,0.76,0.0006291946
proposed_v2_b,2,r48_c0_z110,active,0.0,48.0,110.0,0.627451,0.62054145,0.0,0.0
proposed_v2_b,2,r480_c416_z130,active,416.0,480.0,130.0,0.6431373,0.6170999,0.64,0.0
proposed_v2_b,2,r432_c208_z130,active,208.0,432.0,130.0,0.6431373,0.62833315,0.0,0.0006291946
proposed_v2_b,2,r336_c432_z100,active,432.0,336.0,100.0,0.654902,0.6300579,0.4,0.0006291946
proposed_v2_b,2,r0_c96_z130,active,96.0,0.0,130.0,0.6313726,0.6263509,0.0,0.0
proposed_v2_b,2,r256_c80_z120,active,80.0,256.0,120.0,0.64705884,0.63438594,0.64,0.0006291946
proposed_v2_b,2,r0_c384_z110,active,384.0,0.0,110.0,0.63529414,0.62435657,0.0,0.0
proposed_v2_b,2,r304_c144_z130,active,144.0,304.0,130.0,0.64705884,0.63633597,0.76,0.0
proposed_v2_b,2,r480_c32_z120,active,32.0,480.0,120.0,0.63529414,0.6227963,0.96,0.0
proposed_v2_b,2,r48_c448_z130,active,448.0,48.0,130.0,0.64705884,0.62207586,0.0,0.0
proposed_v2_b,2,r352_c400_z120,active,400.0,352.0,120.0,0.64705884,0.6272668,0.92,0.0006291946
proposed_v2_b,2,r496_c384_z120,active,384.0,496.0,120.0,0.64705884,0.6173196,0.6,0.0
proposed_v2_b,2,r0_c48_z100,active,48.0,0.0,100.0,0.627451,0.6253526,0.0,0.0
proposed_v2_b,2,r144_c0_z100,active,0.0,144.0,100.0,0.6509804,0.62734437,0.0,0.0006291946
proposed_v2_b,2,r48_c464_z120,active,464.0,48.0,120.0,0.6392157,0.62199295,0.0,0.0
proposed_v2_b,2,r320_c224_z130,active,224.0,320.0,130.0,0.64705884,0.6368512,0.68,0.0
proposed_v2_b,2,r432_c128_z120,active,128.0,432.0,120.0,0.6509804,0.6336761,0.52,0.0006291946
proposed_v2_b,2,r448_c304_z100,active,304.0,448.0,100.0,0.654902,0.6272916,0.48,0.0006291946
proposed_v2_b,2,r496_c64_z100,active,64.0,496.0,100.0,0.6431373,0.6230254,0.0,0.0
proposed_v2_b,2,r464_c496_z110,active,496.0,464.0,110.0,0.6431373,0.6193575,0.0,0.0
proposed_v2_b,2,r160_c128_z120,active,128.0,160.0,120.0,0.6509804,0.63177365,1.0,0.0
proposed_v2_b,2,r400_c320_z130,active,320.0,400.0,130.0,0.64705884,0.63170904,1.0,0.0006291946
proposed_v2_b,2,r416_c224_z120,active,224.0,416.0,120.0,0.64705884,0.63077503,0.08,0.0006291946
proposed_v2_b,2,r352_c256_z110,active,256.0,352.0,110.0,0.6509804,0.6376595,0.8,0.0006291946
proposed_v2_b,2,r368_c352_z110,active,352.0,368.0,110.0,0.6509804,0.63235515,0.96,0.0006291946
proposed_v2_b,2,r48_c256_z100,active,256.0,48.0,100.0,0.65882355,0.6361524,1.0,0.0
proposed_v2_b,2,r288_c288_z120,active,288.0,288.0,120.0,0.64705884,0.6347712,0.48,0.0
proposed_v2_b,2,r192_c496_z100,active,496.0,192.0,100.0,0.654902,0.6289203,0.84,0.0
proposed_v2_b,2,r32_c496_z100,active,496.0,32.0,100.0,0.6313726,0.6215825,0.24,0.0
proposed_v2_b,2,r384_c112_z100,active,112.0,384.0,100.0,0.6509804,0.6399175,0.04,0.0
proposed_v2_b,2,r224_c432_z100,active,432.0,224.0,100.0,0.654902,0.6313453,0.0,0.0
proposed_v2_b,2,r496_c176_z100,active,176.0,496.0,100.0,0.6509804,0.6252546,0.04,0.0
proposed_v2_b,2,r48_c144_z110,active,144.0,48.0,110.0,0.6509804,0.6286341,0.0,0.0
proposed_v2_b,2,r0_c208_z120,active,208.0,0.0,120.0,0.63529414,0.6291638,0.0,0.0
proposed_v2_b,2,r288_c176_z110,active,176.0,288.0,110.0,0.64705884,0.6364786,0.4,0.0
proposed_v2_b,2,r160_c224_z130,active,224.0,160.0,130.0,0.64705884,0.62589043,0.0,0.0
proposed_v2_b,2,r384_c464_z130,active,464.0,384.0,130.0,0.64705884,0.6232258,1.0,0.0
proposed_v2_b,2,r384_c160_z120,active,160.0,384.0,120.0,0.64705884,0.6369204,0.0,0.0006291946
proposed_v2_b,2,r128_c432_z120,active,432.0,128.0,120.0,0.64705884,0.6290206,0.76,0.0
proposed_v2_b,2,r16_c208_z100,active,208.0,16.0,100.0,0.6392157,0.62892354,0.0,0.0
proposed_v2_b,2,r224_c64_z130,active,64.0,224.0,130.0,0.6392157,0.62991124,0.16,0.0006291946
proposed_v2_b,2,r48_c352_z120,active,352.0,48.0,120.0,0.64705884,0.6275902,0.0,0.0
proposed_v2_b,2,r32_c304_z120,active,304.0,32.0,120.0,0.6509804,0.62573594,1.0,0.0
proposed_v2_b,2,r160_c224_z120,active,224.0,160.0,120.0,0.6509804,0.6284086,0.0,0.0
proposed_v2_b,2,r192_c256_z110,active,256.0,192.0,110.0,0.6509804,0.6269658,0.24,0.0
proposed_v2_b,2,r400_c160_z100,active,160.0,400.0,100.0,0.65882355,0.63670146,1.0,0.0006291946
proposed_v2_b,2,r432_c368_z130,active,368.0,432.0,130.0,0.64705884,0.6219824,0.0,0.0006291946
proposed_v2_b,2,r96_c32_z130,active,32.0,96.0,130.0,0.6392157,0.623453,0.0,0.0
proposed_v2_b,2,r48_c144_z100,active,144.0,48.0,100.0,0.65882355,0.630893,0.0,0.0
proposed_v2_b,2,r256_c0_z120,active,0.0,256.0,120.0,0.6313726,0.6321469,0.0,0.0
proposed_v2_b,2,r288_c96_z100,active,96.0,288.0,100.0,0.654902,0.63744223,0.08,0.0
proposed_v2_b,2,r0_c384_z130,active,384.0,0.0,130.0,0.63529414,0.62248874,0.0,0.0
proposed_v2_b,2,r448_c304_z110,active,304.0,448.0,110.0,0.6509804,0.6267473,0.48,0.0006291946
proposed_v2_b,2,r368_c320_z100,active,320.0,368.0,100.0,0.654902,0.6355102,0.64,0.0
proposed_v2_b,2,r384_c416_z100,active,416.0,384.0,100.0,0.654902,0.6250212,0.2,0.0006291946
proposed_v2_b,2,r256_c240_z130,active,240.0,256.0,130.0,0.64705884,0.6320397,0.4,0.0
proposed_v2_b,2,r240_c288_z130,active,288.0,240.0,130.0,0.6431373,0.6287301,0.32,0.0
proposed_v2_b,2,r80_c496_z110,active,496.0,80.0,110.0,0.63529414,0.62096745,0.0,0.0
proposed_v2_b,2,r432_c0_z110,active,0.0,432.0,110.0,0.6509804,0.6305417,0.0,0.0
proposed_v2_b,2,r0_c128_z110,active,128.0,0.0,110.0,0.6392157,0.62680244,0.0,0.0
proposed_v2_b,2,r48_c384_z110,active,384.0,48.0,110.0,0.6509804,0.6262433,0.44,0.0
proposed_v2_b,2,r0_c288_z110,active,288.0,0.0,110.0,0.64705884,0.62783366,0.0,0.0
proposed_v2_b,2,r128_c256_z110,active,256.0,128.0,110.0,0.6509804,0.6290263,1.0,0.0
proposed_v2_b,2,r0_c288_z130,active,288.0,0.0,130.0,0.64705884,0.62490684,0.0,0.0
proposed_v2_b,2,r272_c448_z120,active,448.0,272.0,120.0,0.64705884,0.6304215,0.48,0.0006291946
proposed_v2_b,2,r256_c256_z120,active,256.0,256.0,120.0,0.64705884,0.6322957,0.32,0.0
proposed_v2_b,2,r400_c128_z130,active,128.0,400.0,130.0,0.64705884,0.63581085,0.0,0.0
proposed_v2_b,2,r0_c448_z120,active,448.0,0.0,120.0,0.6313726,0.62178195,0.0,0.0
proposed_v2_b,2,r336_c448_z120,active,448.0,336.0,120.0,0.6509804,0.62810576,0.64,0.0006291946
proposed_v2_b,3,r64_c48_z130,active,48.0,64.0,130.0,0.64705884,0.62609535,1.0,0.0
proposed_v2_b,3,r128_c336_z120,active,336.0,128.0,120.0,0.6509804,0.6339116,0.72,0.0
proposed_v2_b,3,r320_c0_z110,active,0.0,320.0,110.0,0.6509804,0.63645464,0.0,0.0
proposed_v2_b,3,r240_c384_z130,active,384.0,240.0,130.0,0.64705884,0.62942344,0.24,0.0
proposed_v2_b,3,r192_c288_z100,active,288.0,192.0,100.0,0.65882355,0.6282742,0.24,0.0
proposed_v2_b,3,r272_c448_z110,active,448.0,272.0,110.0,0.6509804,0.63295454,0.48,0.0006291946
proposed_v2_b,3,r272_c144_z100,active,144.0,272.0,100.0,0.654902,0.6345773,0.76,0.0
proposed_v2_b,3,r80_c432_z120,active,432.0,80.0,120.0,0.64705884,0.62659055,0.0,0.0
proposed_v2_b,3,r48_c384_z100,active,384.0,48.0,100.0,0.65882355,0.62678945,0.44,0.0
proposed_v2_b,3,r112_c320_z100,active,320.0,112.0,100.0,0.654902,0.63679653,0.52,0.0
proposed_v2_b,3,r272_c448_z100,active,448.0,272.0,100.0,0.65882355,0.6342842,0.48,0.0006291946
proposed_v2_b,3,r192_c288_z130,active,288.0,192.0,130.0,0.64705884,0.62759477,0.24,0.0
proposed_v2_b,3,r272_c160_z120,active,160.0,272.0,120.0,0.6509804,0.6349125,0.0,0.0
proposed_v2_b,3,r224_c368_z100,active,368.0,224.0,100.0,0.65882355,0.63272077,0.0,0.0
proposed_v2_b,3,r432_c336_z120,active,336.0,432.0,120.0,0.64705884,0.625775,0.16,0.0006291946
proposed_v2_b,3,r256_c496_z130,active,496.0,256.0,130.0,0.63529414,0.62449455,0.96,0.0006291946
proposed_v2_b,3,r128_c48_z100,active,48.0,128.0,100.0,0.6509804,0.6335982,0.08,0.0006291946
proposed_v2_b,3,r176_c80_z120,active,80.0,176.0,120.0,0.64705884,0.63163644,0.0,0.0006291946
proposed_v2_b,3,r400_c64_z100,active,64.0,400.0,100.0,0.65882355,0.6409844,0.48,0.0
proposed_v2_b,3,r448_c256_z120,active,256.0,448.0,120.0,0.64705884,0.62770927,0.0,0.0
proposed_v2_b,3,r304_c368_z100,active,368.0,304.0,100.0,0.654902,0.63509876,0.88,0.0
proposed_v2_b,3,r496_c448_z100,active,448.0,496.0,100.0,0.64705884,0.61632705,1.0,0.0
proposed_v2_b,3,r144_c128_z130,active,128.0,144.0,130.0,0.64705884,0.6288022,0.44,0.0
proposed_v2_b,3,r160_c432_z130,active,432.0,160.0,130.0,0.6431373,0.6272038,0.0,0.0
proposed_v2_b,3,r48_c176_z130,active,176.0,48.0,130.0,0.6431373,0.62694097,1.0,0.0006291946
proposed_v2_b,3,r144_c432_z110,active,432.0,144.0,110.0,0.64705884,0.6323986,0.0,0.0
proposed_v2_b,3,r432_c64_z130,active,64.0,432.0,130.0,0.64705884,0.6333409,0.0,0.0
proposed_v2_b,3,r0_c384_z120,active,384.0,0.0,120.0,0.63529414,0.6231222,0.0,0.0
proposed_v2_b,3,r320_c304_z130,active,304.0,320.0,130.0,0.64705884,0.63475317,0.0,0.0
proposed_v2_b,3,r16_c64_z130,active,64.0,16.0,130.0,0.6313726,0.6260618,0.6,0.0
proposed_v2_b,3,r16_c64_z120,active,64.0,16.0,120.0,0.6313726,0.6265186,0.6,0.0
proposed_v2_b,3,r256_c80_z110,active,80.0,256.0,110.0,0.654902,0.6347171,0.64,0.0006291946
proposed_v2_b,3,r352_c128_z130,active,128.0,352.0,130.0,0.64705884,0.637392,0.0,0.0
proposed_v2_b,3,r192_c400_z100,active,400.0,192.0,100.0,0.6509804,0.63603896,0.84,0.0
proposed_v2_b,3,r32_c96_z120,active,96.0,32.0,120.0,0.63529414,0.62780684,1.0,0.0
proposed_v2_b,3,r16_c0_z130,active,0.0,16.0,130.0,0.61960787,0.6183883,0.0,0.0
proposed_v2_b,3,r288_c320_z110,active,320.0,288.0,110.0,0.6509804,0.63308465,0.0,0.0
proposed_v2_b,3,r112_c80_z110,active,80.0,112.0,110.0,0.654902,0.63153917,1.0,0.0
proposed_v2_b,3,r224_c16_z130,active,16.0,224.0,130.0,0.6392157,0.62854964,0.24,0.0006291946
proposed_v2_b,3,r400_c224_z130,active,224.0,400.0,130.0,0.64705884,0.6319504,1.0,0.0006291946
proposed_v2_b,3,r352_c48_z130,active,48.0,352.0,130.0,0.64705884,0.6367394,0.0,0.0
proposed_v2_b,3,r480_c32_z100,active,32.0,480.0,100.0,0.6509804,0.62426007,0.96,0.0
proposed_v2_b,3,r240_c48_z120,active,48.0,240.0,120.0,0.63529414,0.63146013,0.96,0.0
proposed_v2_b,3,r176_c0_z130,active,0.0,176.0,130.0,0.6431373,0.62382555,0.0,0.0006291946
proposed_v2_b,3,r144_c32_z110,active,32.0,144.0,110.0,0.6509804,0.63233435,0.0,0.0006291946
proposed_v2_b,3,r32_c304_z130,active,304.0,32.0,130.0,0.64705884,0.62399065,1.0,0.0
proposed_v2_b,3,r336_c320_z120,active,320.0,336.0,120.0,0.6509804,0.63492286,0.0,0.0
proposed_v2_b,3,r32_c208_z130,active,208.0,32.0,130.0,0.6392157,0.62995464,0.44,0.0006291946
proposed_v2_b,3,r288_c480_z120,active,480.0,288.0,120.0,0.64705884,0.628241,1.0,0.0006291946
proposed_v2_b,3,r448_c160_z110,active,160.0,448.0,110.0,0.6509804,0.6297977,0.96,0.0006291946
proposed_v2_b,3,r480_c496_z130,active,496.0,480.0,130.0,0.6313726,0.6180167,0.0,0.0
proposed_v2_b,3,r32_c32_z120,active,32.0,32.0,120.0,0.627451,0.62468016,0.0,0.0
proposed_v2_b,3,r352_c480_z120,active,480.0,352.0,120.0,0.6509804,0.6270247,1.0,0.0006291946
proposed_v2_b,3,r176_c496_z130,active,496.0,176.0,130.0,0.64705884,0.6241112,0.96,0.0
proposed_v2_b,3,r80_c176_z110,active,176.0,80.0,110.0,0.6509804,0.6295651,0.0,0.0006291946
proposed_v2_b,3,r0_c64_z110,active,64.0,0.0,110.0,0.627451,0.62630165,0.0,0.0
proposed_v2_b,3,r416_c240_z100,active,240.0,416.0,100.0,0.65882355,0.63459575,0.12,0.0
proposed_v2_b,3,r448_c464_z110,active,464.0,448.0,110.0,0.654902,0.6216785,1.0,0.0
proposed_v2_b,3,r128_c192_z120,active,192.0,128.0,120.0,0.64705884,0.6302268,0.0,0.0
proposed_v2_b,3,r112_c368_z100,active,368.0,112.0,100.0,0.6509804,0.63727146,0.16,0.0
proposed_v2_b,3,r80_c352_z110,active,352.0,80.0,110.0,0.6509804,0.6359268,0.0,0.0
proposed_v2_b,3,r400_c32_z120,active,32.0,400.0,120.0,0.6509804,0.63588035,0.0,0.0
proposed_v2_b,3,r288_c480_z110,active,480.0,288.0,110.0,0.64705884,0.63033354,1.0,0.0006291946
proposed_v2_b,3,r496_c288_z110,active,288.0,496.0,110.0,0.6509804,0.6243088,0.4,0.0
proposed_v2_b,3,r256_c128_z120,active,128.0,256.0,120.0,0.6509804,0.6338821,0.88,0.0
proposed_v2_b,3,r352_c256_z130,active,256.0,352.0,130.0,0.64705884,0.6364975,0.8,0.0006291946
proposed_v2_b,3,r496_c272_z100,active,272.0,496.0,100.0,0.6509804,0.6255446,0.12,0.0
proposed_v2_b,3,r48_c272_z120,active,272.0,48.0,120.0,0.64705884,0.63063586,1.0,0.0
proposed_v2_b,3,r144_c288_z100,active,288.0,144.0,100.0,0.6509804,0.6305099,0.0,0.0
proposed_v2_b,3,r80_c64_z100,active,64.0,80.0,100.0,0.654902,0.631028,0.2,0.0
proposed_v2_b,3,r352_c256_z120,active,256.0,352.0,120.0,0.64705884,0.6371548,0.8,0.0006291946
proposed_v2_b,3,r224_c192_z110,active,192.0,224.0,110.0,0.6509804,0.63082725,0.84,0.0
proposed_v2_b,3,r496_c224_z110,active,224.0,496.0,110.0,0.6392157,0.6253944,0.16,0.0
proposed_v2_b,3,r240_c208_z130,active,208.0,240.0,130.0,0.64705884,0.63072014,0.6,0.0
proposed_v2_b,3,r336_c464_z130,active,464.0,336.0,130.0,0.64705884,0.6263001,0.72,0.0006291946
proposed_v2_b,3,r400_c320_z110,active,320.0,400.0,110.0,0.654902,0.6331898,1.0,0.0006291946
proposed_v2_b,3,r304_c96_z110,active,96.0,304.0,110.0,0.6509804,0.6385228,1.0,0.0
proposed_v2_b,3,r464_c32_z130,active,32.0,464.0,130.0,0.6392157,0.6228071,0.44,0.0
proposed_v2_b,3,r272_c128_z130,active,128.0,272.0,130.0,0.64705884,0.63458794,0.52,0.0
proposed_v2_b,3,r464_c480_z120,active,480.0,464.0,120.0,0.64705884,0.62035525,0.0,0.0
proposed_v2_b,3,r256_c160_z130,active,160.0,256.0,130.0,0.64705884,0.63310945,0.4,0.0
proposed_v2_b,3,r496_c0_z120,active,0.0,496.0,120.0,0.627451,0.62143165,0.0,0.0
proposed_v2_b,4,r320_c432_z130,active,432.0,320.0,130.0,0.64705884,0.62708145,0.68,0.0006291946
proposed_v2_b,4,r192_c112_z110,active,112.0,192.0,110.0,0.6509804,0.63197565,0.96,0.0006291946
proposed_v2_b,4,r224_c64_z100,active,64.0,224.0,100.0,0.64705884,0.630967,0.16,0.0006291946
proposed_v2_b,4,r16_c128_z100,active,128.0,16.0,100.0,0.654902,0.62962604,0.0,0.0
proposed_v2_b,4,r352_c352_z120,active,352.0,352.0,120.0,0.64705884,0.6318992,0.96,0.0006291946
proposed_v2_b,4,r464_c240_z130,active,240.0,464.0,130.0,0.6431373,0.62631416,0.32,0.0
proposed_v2_b,4,r256_c0_z100,active,0.0,256.0,100.0,0.6313726,0.6326388,0.0,0.0
proposed_v2_b,4,r320_c208_z120,active,208.0,320.0,120.0,0.6509804,0.63753617,0.8,0.0
proposed_v2_b,4,r464_c32_z110,active,32.0,464.0,110.0,0.6509804,0.6245365,0.44,0.0
proposed_v2_b,4,r416_c176_z130,active,176.0,416.0,130.0,0.64705884,0.63127875,0.4,0.0006291946
proposed_v2_b,4,r272_c336_z120,active,336.0,272.0,120.0,0.64705884,0.6330528,1.0,0.0
proposed_v2_b,4,r176_c48_z110,active,48.0,176.0,110.0,0.6509804,0.63348204,0.96,0.0006291946
proposed_v2_b,4,r480_c176_z130,active,176.0,480.0,130.0,0.64705884,0.6246043,0.0,0.0
proposed_v2_b,4,r128_c256_z120,active,256.0,128.0,120.0,0.6509804,0.62641275,1.0,0.0
proposed_v2_b,4,r192_c208_z130,active,208.0,192.0,130.0,0.64705884,0.6263277,0.36,0.0
proposed_v2_b,4,r64_c496_z120,active,496.0,64.0,120.0,0.63529414,0.62091404,0.0,0.0
proposed_v2_b,4,r208_c144_z120,active,144.0,208.0,120.0,0.64705884,0.6286837,0.04,0.0006291946
proposed_v2_b,4,r416_c304_z120,active,304.0,416.0,120.0,0.6509804,0.6325916,0.64,0.0006291946
proposed_v2_b,4,r496_c416_z110,active,416.0,496.0,110.0,0.6509804,0.61692214,0.48,0.0
proposed_v2_b,4,r352_c464_z100,active,464.0,352.0,100.0,0.654902,0.62829775,1.0,0.0006291946
proposed_v2_b,4,r448_c224_z110,active,224.0,448.0,110.0,0.64705884,0.62935627,0.52,0.0
proposed_v2_b,4,r64_c240_z110,active,240.0,64.0,110.0,0.654902,0.6351237,0.72,0.0
proposed_v2_b,4,r272_c336_z100,active,336.0,272.0,100.0,0.6509804,0.6341857,1.0,0.0
proposed_v2_b,4,r480_c112_z110,active,112.0,480.0,110.0,0.6509804,0.6271768,0.08,0.0
proposed_v2_b,4,r336_c208_z100,active,208.0,336.0,100.0,0.654902,0.6377925,0.8,0.0
proposed_v2_b,4,r0_c464_z110,active,464.0,0.0,110.0,0.627451,0.62172544,0.0,0.0
proposed_v2_b,4,r32_c304_z100,active,304.0,32.0,100.0,0.65882355,0.631783,1.0,0.0
proposed_v2_b,4,r400_c192_z120,active,192.0,400.0,120.0,0.64705884,0.6338117,0.4,0.0006291946
proposed_v2_b,4,r192_c128_z130,active,128.0,192.0,130.0,0.64705884,0.62796444,0.0,0.0006291946
proposed_v2_b,4,r272_c304_z130,active,304.0,272.0,130.0,0.64705884,0.631493,0.48,0.0
proposed_v2_b,4,r32_c240_z120,active,240.0,32.0,120.0,0.64705884,0.6329242,0.0,0.0
proposed_v2_b,4,r80_c432_z130,active,432.0,80.0,130.0,0.64705884,0.6241701,0.0,0.0
proposed_v2_b,4,r400_c304_z100,active,304.0,400.0,100.0,0.65882355,0.6355362,0.6,0.0006291946
proposed_v2_b,4,r432_c96_z100,active,96.0,432.0,100.0,0.65882355,0.6366615,0.64,0.0006291946
proposed_v2_b,4,r48_c176_z120,active,176.0,48.0,120.0,0.6509804,0.62837976,1.0,0.0006291946
proposed_v2_b,4,r288_c32_z130,active,32.0,288.0,130.0,0.63529414,0.63380736,0.04,0.0
proposed_v2_b,4,r336_c112_z120,active,112.0,336.0,120.0,0.6509804,0.6387307,0.76,0.0
proposed_v2_b,4,r368_c496_z110,active,496.0,368.0,110.0,0.654902,0.6264743,0.0,0.0
proposed_v2_b,4,r96_c128_z130,active,128.0,96.0,130.0,0.64705884,0.6262311,0.4,0.0006291946
proposed_v2_b,4,r144_c464_z120,active,464.0,144.0,120.0,0.64705884,0.6246792,0.16,0.0
proposed_v2_b,4,r208_c0_z100,active,0.0,208.0,100.0,0.6431373,0.62960196,0.0,0.0
proposed_v2_b,4,r96_c464_z110,active,464.0,96.0,110.0,0.6509804,0.6280287,0.0,0.0
proposed_v2_b,4,r304_c144_z110,active,144.0,304.0,110.0,0.654902,0.63804525,0.76,0.0
proposed_v2_b,4,r208_c64_z110,active,64.0,208.0,110.0,0.6509804,0.631783,0.0,0.0006291946
proposed_v2_b,4,r240_c224_z100,active,224.0,240.0,100.0,0.654902,0.6317463,0.52,0.0
proposed_v2_b,4,r320_c176_z130,active,176.0,320.0,130.0,0.6431373,0.6371969,0.6,0.0
proposed_v2_b,4,r288_c192_z120,active,192.0,288.0,120.0,0.6509804,0.6356421,0.2,0.0
proposed_v2_b,4,r192_c208_z120,active,208.0,192.0,120.0,0.6509804,0.62813675,0.36,0.0
proposed_v2_b,4,r336_c304_z100,active,304.0,336.0,100.0,0.654902,0.63588005,0.68,0.0
proposed_v2_b,4,r464_c416_z120,active,416.0,464.0,120.0,0.6509804,0.62023926,0.88,0.0
proposed_v2_b,4,r288_c240_z130,active,240.0,288.0,130.0,0.64705884,0.6359537,1.0,0.0
proposed_v2_b,4,r464_c160_z120,active,160.0,464.0,120.0,0.64705884,0.6283272,0.0,0.0
proposed_v2_b,4,r256_c80_z100,active,80.0,256.0,100.0,0.65882355,0.63453984,0.64,0.0006291946
proposed_v2_b,4,r96_c272_z110,active,272.0,96.0,110.0,0.654902,0.6300174,0.92,0.0
proposed_v2_b,4,r496_c416_z100,active,416.0,496.0,100.0,0.654902,0.6167495,0.48,0.0
proposed_v2_b,4,r32_c496_z120,active,496.0,32.0,120.0,0.6313726,0.6215557,0.24,0.0
proposed_v2_b,4,r496_c112_z130,active,112.0,496.0,130.0,0.63529414,0.62112933,0.4,0.0
proposed_v2_b,4,r352_c336_z130,active,336.0,352.0,130.0,0.6431373,0.6332317,0.8,0.0
proposed_v2_b,4,r128_c256_z100,active,256.0,128.0,100.0,0.65882355,0.63226926,1.0,0.0
proposed_v2_b,4,r144_c48_z120,active,48.0,144.0,120.0,0.6431373,0.6313796,0.76,0.0006291946
proposed_v2_b,4,r256_c32_z130,active,32.0,256.0,130.0,0.6392157,0.6316207,0.56,0.0
proposed_v2_b,4,r400_c208_z100,active,208.0,400.0,100.0,0.654902,0.6342539,0.24,0.0006291946
proposed_v2_b,4,r208_c320_z130,active,320.0,208.0,130.0,0.6431373,0.6309582,0.8,0.0
proposed_v2_b,4,r368_c192_z110,active,192.0,368.0,110.0,0.6509804,0.63783455,0.76,0.0
proposed_v2_b,4,r336_c32_z110,active,32.0,336.0,110.0,0.64705884,0.637261,0.96,0.0
proposed_v2_b,4,r272_c208_z110,active,208.0,272.0,110.0,0.6509804,0.63350517,0.2,0.0
proposed_v2_b,4,r128_c320_z130,active,320.0,128.0,130.0,0.64705884,0.6312098,1.0,0.0
proposed_v2_b,4,r320_c448_z110,active,448.0,320.0,110.0,0.6509804,0.63089335,0.36,0.0006291946
proposed_v2_b,4,r208_c128_z100,active,128.0,208.0,100.0,0.6509804,0.6307779,0.0,0.0006291946
proposed_v2_b,4,r32_c0_z120,active,0.0,32.0,120.0,0.62352943,0.61885476,0.0,0.0
proposed_v2_b,4,r224_c272_z120,active,272.0,224.0,120.0,0.64705884,0.62782645,0.4,0.0
proposed_v2_b,4,r144_c0_z110,active,0.0,144.0,110.0,0.64705884,0.6252277,0.0,0.0006291946
proposed_v2_b,4,r240_c160_z120,active,160.0,240.0,120.0,0.6509804,0.63247716,0.8,0.0
proposed_v2_b,4,r336_c32_z100,active,32.0,336.0,100.0,0.6509804,0.6376641,0.96,0.0
proposed_v2_b,4,r272_c96_z130,active,96.0,272.0,130.0,0.64705884,0.63467413,0.84,0.0
proposed_v2_b,4,r0_c32_z110,active,32.0,0.0,110.0,0.627451,0.6240645,0.0,0.0
proposed_v2_b,4,r32_c416_z130,active,416.0,32.0,130.0,0.6431373,0.62324417,0.0,0.0
proposed_v2_b,4,r496_c112_z120,active,112.0,496.0,120.0,0.6392157,0.62247145,0.4,0.0
proposed_v2_b,4,r368_c432_z120,active,432.0,368.0,120.0,0.64705884,0.6262369,0.6,0.0006291946
proposed_v2_b,4,r32_c32_z130,active,32.0,32.0,130.0,0.627451,0.6239031,0.0,0.0
proposed_v2_b,4,r32_c0_z100,active,0.0,32.0,100.0,0.62352943,0.6213379,0.0,0.0
proposed_v2_b,4,r288_c288_z100,active,288.0,288.0,100.0,0.654902,0.63490367,0.48,0.0
proposed_v2_b,5,r80_c0_z110,active,0.0,80.0,110.0,0.63529414,0.62115175,0.0,0.0
proposed_v2_b,5,r96_c0_z130,active,0.0,96.0,130.0,0.6313726,0.6173382,0.0,0.0
proposed_v2_b,5,r160_c384_z130,active,384.0,160.0,130.0,0.64705884,0.6312389,0.92,0.0
proposed_v2_b,5,r224_c272_z100,active,272.0,224.0,100.0,0.6509804,0.6295741,0.4,0.0
proposed_v2_b,5,r192_c400_z120,active,400.0,192.0,120.0,0.64705884,0.6316862,0.84,0.0
proposed_v2_b,5,r224_c272_z110,active,272.0,224.0,110.0,0.6509804,0.6294242,0.4,0.0
proposed_v2_b,5,r208_c480_z120,active,480.0,208.0,120.0,0.6431373,0.6265234,0.48,0.0
proposed_v2_b,5,r496_c288_z120,active,288.0,496.0,120.0,0.6431373,0.62321454,0.4,0.0
proposed_v2_b,5,r464_c208_z130,active,208.0,464.0,130.0,0.6431373,0.62608325,0.64,0.0
proposed_v2_b,5,r496_c240_z130,active,240.0,496.0,130.0,0.6392157,0.62298965,0.0,0.0
proposed_v2_b,5,r480_c352_z120,active,352.0,480.0,120.0,0.64705884,0.62124234,0.56,0.0
proposed_v2_b,5,r64_c0_z100,active,0.0,64.0,100.0,0.627451,0.6221284,0.0,0.0
proposed_v2_b,5,r464_c352_z130,active,352.0,464.0,130.0,0.64705884,0.62140226,0.4,0.0
proposed_v2_b,5,r272_c400_z120,active,400.0,272.0,120.0,0.64705884,0.6291313,0.32,0.0
proposed_v2_b,5,r176_c272_z120,active,272.0,176.0,120.0,0.6509804,0.62470454,0.48,0.0
proposed_v2_b,5,r384_c240_z110,active,240.0,384.0,110.0,0.654902,0.6366347,0.0,0.0006291946
proposed_v2_b,5,r448_c384_z110,active,384.0,448.0,110.0,0.6509804,0.621379,0.92,0.0
proposed_v2_b,5,r448_c496_z130,active,496.0,448.0,130.0,0.6431373,0.62058675,0.0,0.0
proposed_v2_b,5,r336_c384_z130,active,384.0,336.0,130.0,0.64705884,0.6283079,0.08,0.0006291946
proposed_v2_b,5,r464_c336_z100,active,336.0,464.0,100.0,0.6509804,0.6243995,0.0,0.0006291946
proposed_v2_b,5,r272_c432_z130,active,432.0,272.0,130.0,0.64705884,0.62879723,1.0,0.0006291946
proposed_v2_b,5,r272_c368_z130,active,368.0,272.0,130.0,0.64705884,0.63160706,0.24,0.0
proposed_v2_b,5,r400_c384_z110,active,384.0,400.0,110.0,0.654902,0.62478244,0.32,0.0006291946
proposed_v2_b,5,r192_c112_z120,active,112.0,192.0,120.0,0.6509804,0.6301316,0.96,0.0006291946
proposed_v2_b,5,r320_c0_z120,active,0.0,320.0,120.0,0.64705884,0.6358434,0.0,0.0
proposed_v2_b,5,r496_c496_z110,active,496.0,496.0,110.0,0.6313726,0.6153875,0.0,0.0
proposed_v2_b,5,r432_c192_z110,active,192.0,432.0,110.0,0.654902,0.63008434,0.8,0.0006291946
proposed_v2_b,5,r144_c160_z120,active,160.0,144.0,120.0,0.64705884,0.6306571,0.6,0.0
proposed_v2_b,5,r400_c384_z100,active,384.0,400.0,100.0,0.65882355,0.62490255,0.32,0.0006291946
proposed_v2_b,5,r304_c64_z100,active,64.0,304.0,100.0,0.6509804,0.63793737,0.24,0.0
proposed_v2_b,5,r144_c176_z110,active,176.0,144.0,110.0,0.6509804,0.63230354,0.92,0.0
proposed_v2_b,5,r96_c464_z100,active,464.0,96.0,100.0,0.654902,0.6309235,0.0,0.0
proposed_v2_b,5,r144_c352_z130,active,352.0,144.0,130.0,0.64705884,0.6304991,0.68,0.0
proposed_v2_b,5,r416_c128_z100,active,128.0,416.0,100.0,0.654902,0.636696,0.16,0.0006291946
proposed_v2_b,5,r256_c32_z110,active,32.0,256.0,110.0,0.6392157,0.6330527,0.56,0.0
proposed_v2_b,5,r176_c256_z130,active,256.0,176.0,130.0,0.64705884,0.62340814,0.0,0.0
proposed_v2_b,5,r304_c416_z100,active,416.0,304.0,100.0,0.65882355,0.6314901,0.0,0.0006291946
proposed_v2_b,5,r32_c64_z100,active,64.0,32.0,100.0,0.6509804,0.62733835,0.04,0.0
proposed_v2_b,5,r336_c400_z110,active,400.0,336.0,110.0,0.6509804,0.6299985,0.28,0.0006291946
proposed_v2_b,5,r448_c352_z110,active,352.0,448.0,110.0,0.654902,0.62398005,1.0,0.0006291946
proposed_v2_b,5,r160_c464_z110,active,464.0,160.0,110.0,0.654902,0.629285,0.4,0.0
proposed_v2_b,5,r160_c128_z110,active,128.0,160.0,110.0,0.654902,0.63388854,1.0,0.0
proposed_v2_b,5,r80_c368_z120,active,368.0,80.0,120.0,0.6509804,0.6321501,0.2,0.0
proposed_v2_b,5,r448_c208_z120,active,208.0,448.0,120.0,0.6431373,0.6286228,0.68,0.0
proposed_v2_b,5,r256_c384_z110,active,384.0,256.0,110.0,0.654902,0.63385487,0.24,0.0
proposed_v2_b,5,r208_c480_z110,active,480.0,208.0,110.0,0.64705884,0.6295173,0.48,0.0
proposed_v2_b,5,r288_c336_z130,active,336.0,288.0,130.0,0.6431373,0.63112473,0.0,0.0
proposed_v2_b,5,r400_c400_z130,active,400.0,400.0,130.0,0.64705884,0.62071866,0.04,0.0006291946
proposed_v2_b,5,r464_c112_z120,active,112.0,464.0,120.0,0.64705884,0.62844336,0.84,0.0
proposed_v2_b,5,r416_c96_z130,active,96.0,416.0,130.0,0.64705884,0.63593084,0.4,0.0
proposed_v2_b,5,r80_c192_z120,active,192.0,80.0,120.0,0.64705884,0.628273,0.16,0.0006291946
proposed_v2_b,5,r208_c96_z130,active,96.0,208.0,130.0,0.6431373,0.6285879,0.28,0.0006291946
proposed_v2_b,5,r48_c176_z110,active,176.0,48.0,110.0,0.6509804,0.6289008,1.0,0.0006291946
proposed_v2_b,5,r320_c272_z120,active,272.0,320.0,120.0,0.6509804,0.6369754,0.0,0.0
proposed_v2_b,5,r208_c320_z110,active,320.0,208.0,110.0,0.6509804,0.6338242,0.8,0.0
proposed_v2_b,5,r64_c80_z110,active,80.0,64.0,110.0,0.6509804,0.62921435,0.52,0.0
proposed_v2_b,5,r144_c400_z120,active,400.0,144.0,120.0,0.6509804,0.6327428,0.76,0.0
proposed_v2_b,5,r96_c240_z130,active,240.0,96.0,130.0,0.64705884,0.62449956,0.0,0.0
proposed_v2_b,5,r64_c336_z130,active,336.0,64.0,130.0,0.6431373,0.62819743,0.0,0.0
proposed_v2_b,5,r432_c240_z130,active,240.0,432.0,130.0,0.64705884,0.6281947,0.6,0.0
proposed_v2_b,5,r320_c256_z130,active,256.0,320.0,130.0,0.64705884,0.63713396,1.0,0.0
proposed_v2_b,5,r496_c464_z120,active,464.0,496.0,120.0,0.6313726,0.6175623,0.0,0.0
proposed_v2_b,5,r384_c256_z130,active,256.0,384.0,130.0,0.64705884,0.6349507,0.88,0.0006291946
proposed_v2_b,5,r176_c0_z100,active,0.0,176.0,100.0,0.6509804,0.62950224,0.0,0.0006291946
proposed_v2_b,5,r128_c448_z100,active,448.0,128.0,100.0,0.654902,0.6326142,0.64,0.0
proposed_v2_b,5,r0_c496_z100,active,496.0,0.0,100.0,0.62352943,0.62111837,0.0,0.0
proposed_v2_b,5,r16_c464_z130,active,464.0,16.0,130.0,0.627451,0.6216772,0.24,0.0
proposed_v2_b,5,r464_c464_z100,active,464.0,464.0,100.0,0.654902,0.6182824,0.0,0.0
proposed_v2_b,5,r352_c256_z100,active,256.0,352.0,100.0,0.65882355,0.6374968,0.8,0.0006291946
proposed_v2_b,5,r240_c160_z110,active,160.0,240.0,110.0,0.6509804,0.6330551,0.8,0.0
proposed_v2_b,5,r224_c0_z120,active,0.0,224.0,120.0,0.6392157,0.6289969,0.0,0.0
proposed_v2_b,5,r176_c48_z120,active,48.0,176.0,120.0,0.64705884,0.63173884,0.96,0.0006291946
proposed_v2_b,5,r0_c208_z110,active,208.0,0.0,110.0,0.63529414,0.6291734,0.0,0.0
proposed_v2_b,5,r48_c496_z130,active,496.0,48.0,130.0,0.6313726,0.6209958,0.0,0.0
proposed_v2_b,5,r448_c32_z120,active,32.0,448.0,120.0,0.6509804,0.6272671,0.52,0.0
proposed_v2_b,5,r32_c368_z130,active,368.0,32.0,130.0,0.6392157,0.6243374,0.0,0.0
proposed_v2_b,5,r112_c480_z130,active,480.0,112.0,130.0,0.6431373,0.6215807,0.0,0.0
proposed_v2_b,5,r240_c0_z110,active,0.0,240.0,110.0,0.63529414,0.63106054,0.0,0.0
proposed_v2_b,5,r0_c128_z130,active,128.0,0.0,130.0,0.63529414,0.6260935,0.0,0.0
proposed_v2_b,5,r416_c96_z120,active,96.0,416.0,120.0,0.6509804,0.6373869,0.4,0.0
proposed_v2_b,5,r496_c192_z110,active,192.0,496.0,110.0,0.6509804,0.62467504,0.16,0.0
proposed_v2_b,5,r352_c144_z120,active,144.0,352.0,120.0,0.6509804,0.63843757,0.12,0.0
proposed_v2_c,0,r240_c32_z100,initial,32.0,240.0,100.0,0.63529414,0.6313318,0.0,0.0
proposed_v2_c,0,r304_c256_z110,initial,256.0,304.0,110.0,0.6509804,0.6377591,0.8,0.0
proposed_v2_c,0,r208_c160_z110,initial,160.0,208.0,110.0,0.6509804,0.62954664,0.0,0.0
proposed_v2_c,0,r128_c368_z110,initial,368.0,128.0,110.0,0.6509804,0.63548833,0.2,0.0
proposed_v2_c,0,r368_c208_z130,initial,208.0,368.0,130.0,0.6431373,0.6351592,0.12,0.0
proposed_v2_c,0,r320_c496_z120,initial,496.0,320.0,120.0,0.6509804,0.6248631,0.0,0.0006291946
proposed_v2_c,0,r368_c96_z110,initial,96.0,368.0,110.0,0.654902,0.6404708,0.0,0.0
proposed_v2_c,0,r240_c384_z120,initial,384.0,240.0,120.0,0.6509804,0.6311829,0.24,0.0
proposed_v2_c,0,r64_c224_z130,initial,224.0,64.0,130.0,0.6431373,0.6295667,0.32,0.0
proposed_v2_c,0,r192_c32_z130,initial,32.0,192.0,130.0,0.6431373,0.628325,0.0,0.0006291946
proposed_v2_c,0,r496_c208_z130,initial,208.0,496.0,130.0,0.6392157,0.6227197,0.0,0.0
proposed_v2_c,0,r208_c240_z120,initial,240.0,208.0,120.0,0.64705884,0.62746197,0.2,0.0
proposed_v2_c,0,r240_c432_z130,initial,432.0,240.0,130.0,0.64705884,0.62672764,0.0,0.0
proposed_v2_c,0,r64_c0_z120,initial,0.0,64.0,120.0,0.627451,0.61874074,0.0,0.0
proposed_v2_c,0,r144_c176_z130,initial,176.0,144.0,130.0,0.6431373,0.62786317,0.92,0.0
proposed_v2_c,0,r448_c0_z120,initial,0.0,448.0,120.0,0.64705884,0.62637913,0.0,0.0
proposed_v2_c,0,r416_c496_z130,initial,496.0,416.0,130.0,0.6392157,0.6224537,0.0,0.0
proposed_v2_c,0,r112_c272_z130,initial,272.0,112.0,130.0,0.64705884,0.626613,0.76,0.0
proposed_v2_c,0,r304_c240_z120,initial,240.0,304.0,120.0,0.6509804,0.6380841,0.64,0.0
proposed_v2_c,0,r256_c48_z100,initial,48.0,256.0,100.0,0.6431373,0.6334146,0.0,0.0
proposed_v2_c,0,r384_c480_z100,initial,480.0,384.0,100.0,0.654902,0.6261505,0.76,0.0
proposed_v2_c,0,r352_c464_z110,initial,464.0,352.0,110.0,0.654902,0.6281112,1.0,0.0006291946
proposed_v2_c,0,r320_c64_z120,initial,64.0,320.0,120.0,0.64705884,0.6377163,0.04,0.0
proposed_v2_c,0,r208_c240_z100,initial,240.0,208.0,100.0,0.654902,0.6288754,0.2,0.0
proposed_v2_c,0,r160_c208_z110,initial,208.0,160.0,110.0,0.6509804,0.6311261,0.24,0.0
proposed_v2_c,0,r496_c464_z110,initial,464.0,496.0,110.0,0.6313726,0.6161498,0.0,0.0
proposed_v2_c,0,r480_c64_z130,initial,64.0,480.0,130.0,0.6392157,0.62165666,0.0,0.0
proposed_v2_c,0,r48_c272_z110,initial,272.0,48.0,110.0,0.6509804,0.6339888,1.0,0.0
proposed_v2_c,0,r400_c208_z110,initial,208.0,400.0,110.0,0.6509804,0.633617,0.24,0.0006291946
proposed_v2_c,0,r352_c432_z110,initial,432.0,352.0,110.0,0.64705884,0.6278518,0.24,0.0006291946
proposed_v2_c,0,r176_c208_z100,initial,208.0,176.0,100.0,0.6509804,0.63124746,0.0,0.0
proposed_v2_c,0,r400_c384_z120,initial,384.0,400.0,120.0,0.64705884,0.6242475,0.32,0.0006291946
proposed_v2_c,0,r64_c192_z100,initial,192.0,64.0,100.0,0.654902,0.63060313,1.0,0.0006291946
proposed_v2_c,0,r464_c304_z120,initial,304.0,464.0,120.0,0.6509804,0.6249385,0.04,0.0006291946
proposed_v2_c,0,r304_c480_z100,initial,480.0,304.0,100.0,0.6509804,0.63201165,1.0,0.0006291946
proposed_v2_c,0,r384_c80_z120,initial,80.0,384.0,120.0,0.6509804,0.6402904,0.32,0.0
proposed_v2_c,0,r208_c304_z120,initial,304.0,208.0,120.0,0.6509804,0.63155174,0.2,0.0
proposed_v2_c,0,r304_c480_z130,initial,480.0,304.0,130.0,0.6431373,0.6252048,1.0,0.0006291946
proposed_v2_c,0,r384_c336_z120,initial,336.0,384.0,120.0,0.6509804,0.6329618,0.04,0.0006291946
proposed_v2_c,0,r304_c240_z110,initial,240.0,304.0,110.0,0.654902,0.6381485,0.64,0.0
proposed_v2_c,0,r432_c64_z120,initial,64.0,432.0,120.0,0.64705884,0.635173,0.0,0.0
proposed_v2_c,0,r160_c432_z100,initial,432.0,160.0,100.0,0.65882355,0.63393974,0.0,0.0
proposed_v2_c,0,r320_c496_z110,initial,496.0,320.0,110.0,0.654902,0.6256395,0.0,0.0006291946
proposed_v2_c,0,r256_c128_z110,initial,128.0,256.0,110.0,0.6509804,0.6341172,0.88,0.0
proposed_v2_c,0,r400_c176_z110,initial,176.0,400.0,110.0,0.6509804,0.6359129,0.56,0.0012583892
proposed_v2_c,0,r128_c272_z130,initial,272.0,128.0,130.0,0.64705884,0.6261245,0.2,0.0
proposed_v2_c,0,r368_c0_z110,initial,0.0,368.0,110.0,0.64705884,0.63724476,0.0,0.0
proposed_v2_c,0,r368_c96_z120,initial,96.0,368.0,120.0,0.64705884,0.6397181,0.0,0.0
proposed_v2_c,0,r64_c80_z130,initial,80.0,64.0,130.0,0.6431373,0.6276759,0.52,0.0
proposed_v2_c,0,r288_c32_z120,initial,32.0,288.0,120.0,0.6392157,0.63468546,0.04,0.0
proposed_v2_c,0,r64_c336_z100,initial,336.0,64.0,100.0,0.6509804,0.637214,0.0,0.0
proposed_v2_c,0,r320_c368_z110,initial,368.0,320.0,110.0,0.654902,0.6330209,0.0,0.0
proposed_v2_c,0,r208_c480_z130,initial,480.0,208.0,130.0,0.6431373,0.6253274,0.48,0.0
proposed_v2_c,0,r176_c448_z120,initial,448.0,176.0,120.0,0.64705884,0.6275907,0.0,0.0
proposed_v2_c,0,r384_c272_z120,initial,272.0,384.0,120.0,0.6509804,0.6360237,0.48,0.0
proposed_v2_c,0,r96_c416_z110,initial,416.0,96.0,110.0,0.654902,0.6307809,0.0,0.0
proposed_v2_c,0,r448_c64_z100,initial,64.0,448.0,100.0,0.654902,0.63510525,1.0,0.0
proposed_v2_c,0,r240_c320_z100,initial,320.0,240.0,100.0,0.6509804,0.6312521,0.2,0.0
proposed_v2_c,0,r32_c336_z110,initial,336.0,32.0,110.0,0.6509804,0.6282641,0.88,0.0
proposed_v2_c,0,r400_c272_z120,initial,272.0,400.0,120.0,0.64705884,0.63562065,0.0,0.0006291946
proposed_v2_c,0,r112_c448_z130,initial,448.0,112.0,130.0,0.64705884,0.62625843,0.0,0.0
proposed_v2_c,0,r352_c128_z110,initial,128.0,352.0,110.0,0.654902,0.63924235,0.0,0.0
proposed_v2_c,0,r432_c384_z120,initial,384.0,432.0,120.0,0.6509804,0.6216793,0.4,0.0
proposed_v2_c,0,r128_c480_z110,initial,480.0,128.0,110.0,0.6509804,0.6227231,0.12,0.0
proposed_v2_c,0,r480_c336_z110,initial,336.0,480.0,110.0,0.6509804,0.6228546,0.0,0.0
proposed_v2_c,0,r496_c144_z110,initial,144.0,496.0,110.0,0.654902,0.62470496,0.0,0.0
proposed_v2_c,0,r416_c496_z110,initial,496.0,416.0,110.0,0.64705884,0.62375,0.0,0.0
proposed_v2_c,0,r352_c48_z120,initial,48.0,352.0,120.0,0.64705884,0.63791233,0.0,0.0
proposed_v2_c,0,r48_c448_z100,initial,448.0,48.0,100.0,0.654902,0.6242431,0.0,0.0
proposed_v2_c,0,r320_c352_z130,initial,352.0,320.0,130.0,0.6431373,0.6303287,0.24,0.0
proposed_v2_c,0,r128_c400_z130,initial,400.0,128.0,130.0,0.6431373,0.62937486,0.56,0.0
proposed_v2_c,0,r256_c288_z110,initial,288.0,256.0,110.0,0.6509804,0.6307137,0.0,0.0
proposed_v2_c,0,r16_c240_z130,initial,240.0,16.0,130.0,0.63529414,0.62935233,0.0,0.0
proposed_v2_c,0,r368_c224_z100,initial,224.0,368.0,100.0,0.65882355,0.6372598,0.0,0.0006291946
proposed_v2_c,0,r272_c464_z130,initial,464.0,272.0,130.0,0.64705884,0.6268373,0.04,0.0006291946
proposed_v2_c,0,r192_c464_z130,initial,464.0,192.0,130.0,0.64705884,0.6256807,0.0,0.0
proposed_v2_c,0,r496_c0_z130,initial,0.0,496.0,130.0,0.627451,0.62064946,0.0,0.0
proposed_v2_c,0,r96_c224_z110,initial,224.0,96.0,110.0,0.64705884,0.63128704,0.12,0.0
proposed_v2_c,0,r96_c240_z120,initial,240.0,96.0,120.0,0.64705884,0.62938094,0.0,0.0
proposed_v2_c,0,r176_c304_z110,initial,304.0,176.0,110.0,0.6509804,0.6338386,0.6,0.0
proposed_v2_c,0,r464_c256_z100,initial,256.0,464.0,100.0,0.654902,0.62854475,0.0,0.0
proposed_v2_c,0,r448_c320_z130,initial,320.0,448.0,130.0,0.6431373,0.62394506,0.52,0.0006291946
proposed_v2_c,0,r176_c384_z110,initial,384.0,176.0,110.0,0.64705884,0.6343779,0.4,0.0
proposed_v2_c,0,r176_c336_z130,initial,336.0,176.0,130.0,0.64705884,0.6312671,0.12,0.0
proposed_v2_c,0,r432_c48_z110,initial,48.0,432.0,110.0,0.6509804,0.63596994,0.0,0.0
proposed_v2_c,0,r432_c416_z130,initial,416.0,432.0,130.0,0.6431373,0.61998564,0.28,0.0
proposed_v2_c,0,r304_c48_z120,initial,48.0,304.0,120.0,0.6509804,0.63549703,0.0,0.0
proposed_v2_c,0,r416_c272_z110,initial,272.0,416.0,110.0,0.6509804,0.63508713,0.08,0.0006291946
proposed_v2_c,0,r176_c240_z100,initial,240.0,176.0,100.0,0.654902,0.62948304,0.32,0.0
proposed_v2_c,0,r48_c112_z130,initial,112.0,48.0,130.0,0.6431373,0.6272068,0.96,0.0
proposed_v2_c,0,r416_c48_z110,initial,48.0,416.0,110.0,0.6509804,0.6382716,0.04,0.0
proposed_v2_c,0,r432_c16_z100,initial,16.0,432.0,100.0,0.654902,0.63292694,1.0,0.0
proposed_v2_c,0,r304_c416_z110,initial,416.0,304.0,110.0,0.6509804,0.63014543,0.0,0.0006291946
proposed_v2_c,0,r144_c224_z100,initial,224.0,144.0,100.0,0.65882355,0.6304876,0.0,0.0
proposed_v2_c,0,r144_c480_z100,initial,480.0,144.0,100.0,0.65882355,0.6271732,1.0,0.0
proposed_v2_c,0,r32_c448_z100,initial,448.0,32.0,100.0,0.654902,0.623035,0.0,0.0
proposed_v2_c,0,r64_c384_z130,initial,384.0,64.0,130.0,0.64705884,0.6252906,0.0,0.0
proposed_v2_c,0,r352_c496_z130,initial,496.0,352.0,130.0,0.64705884,0.62441367,0.0,0.0
proposed_v2_c,0,r304_c192_z100,initial,192.0,304.0,100.0,0.654902,0.63714886,0.72,0.0
proposed_v2_c,0,r304_c416_z120,initial,416.0,304.0,120.0,0.6509804,0.62860715,0.0,0.0006291946
proposed_v2_c,0,r112_c16_z120,initial,16.0,112.0,120.0,0.6431373,0.62470734,0.0,0.0006291946
proposed_v2_c,0,r176_c144_z100,initial,144.0,176.0,100.0,0.654902,0.6335267,0.0,0.0
proposed_v2_c,0,r496_c160_z110,initial,160.0,496.0,110.0,0.64705884,0.6248448,0.0,0.0
proposed_v2_c,0,r16_c336_z130,initial,336.0,16.0,130.0,0.64705884,0.62326044,0.0,0.0
proposed_v2_c,0,r368_c288_z120,initial,288.0,368.0,120.0,0.6509804,0.6367072,0.0,0.0
proposed_v2_c,0,r368_c48_z110,initial,48.0,368.0,110.0,0.6509804,0.6396495,0.0,0.0
proposed_v2_c,0,r48_c464_z110,initial,464.0,48.0,110.0,0.64705884,0.62229806,0.0,0.0
proposed_v2_c,0,r480_c80_z120,initial,80.0,480.0,120.0,0.6431373,0.62306696,0.36,0.0
proposed_v2_c,0,r352_c80_z110,initial,80.0,352.0,110.0,0.6509804,0.6403112,0.0,0.0
proposed_v2_c,0,r320_c144_z100,initial,144.0,320.0,100.0,0.654902,0.63880575,0.4,0.0
proposed_v2_c,0,r240_c320_z120,initial,320.0,240.0,120.0,0.64705884,0.6301548,0.2,0.0
proposed_v2_c,0,r480_c384_z100,initial,384.0,480.0,100.0,0.6509804,0.6190834,0.0,0.0
proposed_v2_c,0,r176_c160_z110,initial,160.0,176.0,110.0,0.654902,0.6311915,0.52,0.0
proposed_v2_c,0,r112_c176_z100,initial,176.0,112.0,100.0,0.6509804,0.6334877,0.6,0.0
proposed_v2_c,0,r320_c160_z120,initial,160.0,320.0,120.0,0.64705884,0.6383803,0.0,0.0
proposed_v2_c,0,r368_c288_z130,initial,288.0,368.0,130.0,0.64705884,0.63571715,0.0,0.0
proposed_v2_c,0,r16_c496_z110,initial,496.0,16.0,110.0,0.627451,0.62135756,0.0,0.0
proposed_v2_c,0,r80_c256_z120,initial,256.0,80.0,120.0,0.6509804,0.63048553,0.0,0.0
proposed_v2_c,0,r368_c176_z130,initial,176.0,368.0,130.0,0.6431373,0.6368075,0.28,0.0
proposed_v2_c,0,r464_c432_z100,initial,432.0,464.0,100.0,0.654902,0.61867213,0.0,0.0
proposed_v2_c,0,r304_c16_z100,initial,16.0,304.0,100.0,0.65882355,0.6364225,0.0,0.0
proposed_v2_c,0,r256_c0_z130,initial,0.0,256.0,130.0,0.6313726,0.63128245,0.0,0.0
proposed_v2_c,0,r32_c256_z130,initial,256.0,32.0,130.0,0.64705884,0.6290823,0.0,0.0
proposed_v2_c,0,r368_c16_z110,initial,16.0,368.0,110.0,0.6509804,0.63757133,0.0,0.0
proposed_v2_c,0,r272_c256_z100,initial,256.0,272.0,100.0,0.65882355,0.6345468,0.6,0.0
proposed_v2_c,0,r80_c192_z100,initial,192.0,80.0,100.0,0.654902,0.63046706,0.16,0.0006291946
proposed_v2_c,0,r128_c80_z120,initial,80.0,128.0,120.0,0.6509804,0.6301841,0.72,0.0006291946
proposed_v2_c,0,r256_c208_z120,initial,208.0,256.0,120.0,0.64705884,0.6321063,0.0,0.0
proposed_v2_c,0,r96_c160_z120,initial,160.0,96.0,120.0,0.6509804,0.6275679,0.36,0.0006291946
proposed_v2_c,0,r112_c416_z100,initial,416.0,112.0,100.0,0.654902,0.63361067,0.0,0.0
proposed_v2_c,0,r0_c96_z120,initial,96.0,0.0,120.0,0.6313726,0.6269776,0.0,0.0
proposed_v2_c,0,r384_c272_z100,initial,272.0,384.0,100.0,0.654902,0.6371796,0.48,0.0
proposed_v2_c,0,r288_c272_z130,initial,272.0,288.0,130.0,0.64705884,0.63542527,0.52,0.0
proposed_v2_c,0,r208_c144_z110,initial,144.0,208.0,110.0,0.6509804,0.6299537,0.04,0.0006291946
proposed_v2_c,0,r128_c144_z110,initial,144.0,128.0,110.0,0.6509804,0.63274235,0.24,0.0
proposed_v2_c,0,r496_c64_z110,initial,64.0,496.0,110.0,0.6392157,0.6225457,0.0,0.0
proposed_v2_c,0,r80_c304_z120,initial,304.0,80.0,120.0,0.64705884,0.6317767,0.0,0.0
proposed_v2_c,0,r464_c80_z110,initial,80.0,464.0,110.0,0.64705884,0.629168,0.04,0.0
proposed_v2_c,0,r320_c256_z100,initial,256.0,320.0,100.0,0.654902,0.6377405,1.0,0.0
proposed_v2_c,0,r464_c80_z120,initial,80.0,464.0,120.0,0.64705884,0.6272073,0.04,0.0
proposed_v2_c,0,r496_c368_z110,initial,368.0,496.0,110.0,0.64705884,0.6190571,0.8,0.0
proposed_v2_c,0,r416_c352_z110,initial,352.0,416.0,110.0,0.6509804,0.62760425,0.96,0.0006291946
proposed_v2_c,0,r496_c432_z120,initial,432.0,496.0,120.0,0.6392157,0.6172827,0.0,0.0
proposed_v2_c,0,r288_c400_z110,initial,400.0,288.0,110.0,0.654902,0.63321507,0.72,0.0
proposed_v2_c,0,r224_c112_z120,initial,112.0,224.0,120.0,0.64705884,0.63086194,0.36,0.0006291946
proposed_v2_c,0,r176_c96_z100,initial,96.0,176.0,100.0,0.654902,0.6342409,0.56,0.0006291946
proposed_v2_c,0,r96_c128_z110,initial,128.0,96.0,110.0,0.654902,0.63018996,0.4,0.0006291946
proposed_v2_c,0,r128_c176_z100,initial,176.0,128.0,100.0,0.6509804,0.6341127,0.4,0.0
proposed_v2_c,0,r224_c416_z120,initial,416.0,224.0,120.0,0.64705884,0.630835,0.64,0.0
proposed_v2_c,0,r224_c176_z100,initial,176.0,224.0,100.0,0.6509804,0.630572,1.0,0.0
proposed_v2_c,0,r496_c464_z130,initial,464.0,496.0,130.0,0.6313726,0.6171481,0.0,0.0
proposed_v2_c,0,r272_c128_z110,initial,128.0,272.0,110.0,0.6509804,0.6358836,0.52,0.0
proposed_v2_c,0,r336_c80_z100,initial,80.0,336.0,100.0,0.654902,0.6403662,0.08,0.0
proposed_v2_c,0,r112_c96_z130,initial,96.0,112.0,130.0,0.64705884,0.6271479,0.56,0.0006291946
proposed_v2_c,0,r352_c160_z100,initial,160.0,352.0,100.0,0.65882355,0.6394358,0.12,0.0
proposed_v2_c,0,r0_c464_z100,initial,464.0,0.0,100.0,0.627451,0.6220014,0.0,0.0
proposed_v2_c,0,r368_c496_z100,initial,496.0,368.0,100.0,0.654902,0.6265488,0.0,0.0
proposed_v2_c,0,r352_c160_z110,initial,160.0,352.0,110.0,0.654902,0.6395123,0.12,0.0
proposed_v2_c,0,r96_c16_z120,initial,16.0,96.0,120.0,0.6431373,0.6214219,0.0,0.0
proposed_v2_c,0,r32_c416_z120,initial,416.0,32.0,120.0,0.64705884,0.62364286,0.0,0.0
proposed_v2_c,0,r160_c240_z100,initial,240.0,160.0,100.0,0.65882355,0.6303052,0.32,0.0
proposed_v2_c,0,r0_c32_z130,initial,32.0,0.0,130.0,0.62352943,0.6234064,0.0,0.0
proposed_v2_c,0,r208_c416_z110,initial,416.0,208.0,110.0,0.6509804,0.63365895,0.0,0.0
proposed_v2_c,0,r176_c160_z130,initial,160.0,176.0,130.0,0.64705884,0.6270339,0.52,0.0
proposed_v2_c,0,r448_c448_z120,initial,448.0,448.0,120.0,0.6509804,0.62224305,1.0,0.0
proposed_v2_c,0,r48_c256_z130,initial,256.0,48.0,130.0,0.64705884,0.6286597,1.0,0.0
proposed_v2_c,0,r416_c480_z110,initial,480.0,416.0,110.0,0.6509804,0.6243492,0.0,0.0
proposed_v2_c,0,r224_c96_z110,initial,96.0,224.0,110.0,0.654902,0.63099366,0.0,0.0006291946
proposed_v2_c,0,r240_c192_z120,initial,192.0,240.0,120.0,0.64705884,0.6322346,0.0,0.0
proposed_v2_c,0,r272_c192_z130,initial,192.0,272.0,130.0,0.64705884,0.6331011,0.0,0.0
proposed_v2_c,0,r304_c32_z120,initial,32.0,304.0,120.0,0.64705884,0.6355326,0.0,0.0
proposed_v2_c,0,r416_c272_z130,initial,272.0,416.0,130.0,0.64705884,0.6332171,0.08,0.0006291946
proposed_v2_c,0,r336_c32_z120,initial,32.0,336.0,120.0,0.64705884,0.6363174,0.96,0.0
proposed_v2_c,0,r112_c96_z120,initial,96.0,112.0,120.0,0.64705884,0.6298213,0.56,0.0006291946
proposed_v2_c,0,r96_c480_z120,initial,480.0,96.0,120.0,0.6431373,0.6220645,0.0,0.0
proposed_v2_c,0,r480_c224_z100,initial,224.0,480.0,100.0,0.6431373,0.62816954,0.0,0.0
proposed_v2_c,0,r384_c416_z110,initial,416.0,384.0,110.0,0.654902,0.6258294,0.2,0.0006291946
proposed_v2_c,0,r336_c208_z110,initial,208.0,336.0,110.0,0.6509804,0.6378777,0.8,0.0
proposed_v2_c,0,r80_c48_z110,initial,48.0,80.0,110.0,0.6509804,0.6276998,0.0,0.0
proposed_v2_c,0,r112_c208_z130,initial,208.0,112.0,130.0,0.64705884,0.62590295,0.08,0.0
proposed_v2_c,0,r432_c432_z100,initial,432.0,432.0,100.0,0.654902,0.62215364,0.24,0.0
proposed_v2_c,0,r272_c208_z100,initial,208.0,272.0,100.0,0.65882355,0.6332985,0.2,0.0
proposed_v2_c,0,r32_c144_z130,initial,144.0,32.0,130.0,0.64705884,0.6253584,0.0,0.0
proposed_v2_c,0,r112_c368_z130,initial,368.0,112.0,130.0,0.64705884,0.63037455,0.16,0.0
proposed_v2_c,0,r48_c208_z120,initial,208.0,48.0,120.0,0.6392157,0.632088,0.8,0.0006291946
proposed_v2_c,0,r64_c0_z130,initial,0.0,64.0,130.0,0.627451,0.61677504,0.0,0.0
proposed_v2_c,0,r80_c304_z130,initial,304.0,80.0,130.0,0.6431373,0.6285355,0.0,0.0
proposed_v2_c,0,r176_c192_z100,initial,192.0,176.0,100.0,0.6509804,0.63152146,0.0,0.0
proposed_v2_c,0,r192_c32_z100,initial,32.0,192.0,100.0,0.6509804,0.632517,0.0,0.0006291946
proposed_v2_c,0,r496_c320_z120,initial,320.0,496.0,120.0,0.6392157,0.62163067,1.0,0.0
proposed_v2_c,0,r16_c496_z130,initial,496.0,16.0,130.0,0.627451,0.62082833,0.0,0.0
proposed_v2_c,0,r368_c0_z120,initial,0.0,368.0,120.0,0.64705884,0.63599974,0.0,0.0
proposed_v2_c,0,r96_c304_z130,initial,304.0,96.0,130.0,0.6431373,0.6297477,0.0,0.0
proposed_v2_c,0,r496_c496_z120,initial,496.0,496.0,120.0,0.6313726,0.61673385,0.0,0.0
proposed_v2_c,0,r320_c96_z130,initial,96.0,320.0,130.0,0.64705884,0.63740647,0.36,0.0
proposed_v2_c,0,r464_c96_z130,initial,96.0,464.0,130.0,0.64705884,0.6263251,0.24,0.0
proposed_v2_c,0,r496_c256_z120,initial,256.0,496.0,120.0,0.6431373,0.6237978,0.12,0.0
proposed_v2_c,0,r224_c416_z110,initial,416.0,224.0,110.0,0.6509804,0.63324475,0.64,0.0
proposed_v2_c,0,r32_c432_z110,initial,432.0,32.0,110.0,0.6509804,0.6232435,0.0,0.0
proposed_v2_c,0,r192_c432_z110,initial,432.0,192.0,110.0,0.6509804,0.63035744,0.0,0.0
proposed_v2_c,0,r240_c496_z100,initial,496.0,240.0,100.0,0.64705884,0.6266561,0.0,0.0006291946
proposed_v2_c,0,r400_c272_z110,initial,272.0,400.0,110.0,0.6509804,0.6361859,0.0,0.0006291946
proposed_v2_c,0,r496_c368_z130,initial,368.0,496.0,130.0,0.6431373,0.6178713,0.8,0.0
proposed_v2_c,0,r304_c352_z120,initial,352.0,304.0,120.0,0.6431373,0.63257486,0.2,0.0
proposed_v2_c,0,r464_c192_z110,initial,192.0,464.0,110.0,0.654902,0.6279545,0.0,0.0
proposed_v2_c,1,r0_c0_z100,active,0.0,0.0,100.0,0.62352943,0.61986125,0.0,0.0
proposed_v2_c,1,r32_c96_z100,active,96.0,32.0,100.0,0.6392157,0.6284906,1.0,0.0
proposed_v2_c,1,r176_c0_z110,active,0.0,176.0,110.0,0.6509804,0.6275701,0.0,0.0006291946
proposed_v2_c,1,r96_c0_z100,active,0.0,96.0,100.0,0.63529414,0.62332153,0.0,0.0
proposed_v2_c,1,r448_c160_z120,active,160.0,448.0,120.0,0.6509804,0.629126,0.96,0.0006291946
proposed_v2_c,1,r352_c368_z100,active,368.0,352.0,100.0,0.654902,0.6299194,0.76,0.0006291946
proposed_v2_c,1,r432_c144_z100,active,144.0,432.0,100.0,0.654902,0.6342585,0.6,0.0012583892
proposed_v2_c,1,r208_c32_z120,active,32.0,208.0,120.0,0.6431373,0.62951005,0.96,0.0006291946
proposed_v2_c,1,r384_c0_z130,active,0.0,384.0,130.0,0.64705884,0.63409245,0.0,0.0
proposed_v2_c,1,r0_c0_z110,active,0.0,0.0,110.0,0.62352943,0.6192532,0.0,0.0
proposed_v2_c,1,r240_c112_z130,active,112.0,240.0,130.0,0.64705884,0.6321128,0.92,0.0
proposed_v2_c,1,r0_c160_z110,active,160.0,0.0,110.0,0.64705884,0.6260721,0.0,0.0
proposed_v2_c,1,r272_c0_z110,active,0.0,272.0,110.0,0.6313726,0.63388515,0.0,0.0
proposed_v2_c,1,r0_c496_z120,active,496.0,0.0,120.0,0.62352943,0.62083113,0.0,0.0
proposed_v2_c,1,r448_c160_z130,active,160.0,448.0,130.0,0.6431373,0.6281339,0.96,0.0006291946
proposed_v2_c,1,r32_c96_z110,active,96.0,32.0,110.0,0.6392157,0.62795466,1.0,0.0
proposed_v2_c,1,r128_c0_z130,active,0.0,128.0,130.0,0.63529414,0.6192416,0.0,0.0006291946
proposed_v2_c,1,r256_c480_z120,active,480.0,256.0,120.0,0.6509804,0.6270218,1.0,0.0006291946
proposed_v2_c,1,r224_c496_z110,active,496.0,224.0,110.0,0.6431373,0.62681216,0.8,0.0
proposed_v2_c,1,r352_c416_z130,active,416.0,352.0,130.0,0.6431373,0.6244857,1.0,0.0006291946
proposed_v2_c,1,r368_c464_z120,active,464.0,368.0,120.0,0.6509804,0.6268826,1.0,0.0006291946
proposed_v2_c,1,r496_c320_z100,active,320.0,496.0,100.0,0.64705884,0.6231064,1.0,0.0
proposed_v2_c,1,r480_c256_z110,active,256.0,480.0,110.0,0.64705884,0.6268047,1.0,0.0
proposed_v2_c,1,r208_c240_z130,active,240.0,208.0,130.0,0.64705884,0.6258493,0.2,0.0
proposed_v2_c,1,r0_c256_z100,active,256.0,0.0,100.0,0.654902,0.62933505,0.2,0.0
proposed_v2_c,1,r0_c336_z120,active,336.0,0.0,120.0,0.64705884,0.624383,0.0,0.0
proposed_v2_c,1,r0_c432_z130,active,432.0,0.0,130.0,0.63529414,0.6217432,0.6,0.0
proposed_v2_c,1,r112_c384_z120,active,384.0,112.0,120.0,0.6509804,0.6316555,0.28,0.0
proposed_v2_c,1,r240_c112_z100,active,112.0,240.0,100.0,0.65882355,0.63243777,0.92,0.0006291946
proposed_v2_c,1,r448_c496_z100,active,496.0,448.0,100.0,0.654902,0.6195554,0.0,0.0
proposed_v2_c,1,r256_c416_z100,active,416.0,256.0,100.0,0.654902,0.6320233,0.92,0.0
proposed_v2_c,1,r496_c112_z100,active,112.0,496.0,100.0,0.6431373,0.6252775,0.4,0.0
proposed_v2_c,1,r112_c0_z110,active,0.0,112.0,110.0,0.63529414,0.62252533,0.0,0.0006291946
proposed_v2_c,1,r416_c352_z100,active,352.0,416.0,100.0,0.654902,0.6275842,0.96,0.0006291946
proposed_v2_c,1,r48_c128_z120,active,128.0,48.0,120.0,0.64705884,0.6271014,1.0,0.0
proposed_v2_c,1,r48_c32_z100,active,32.0,48.0,100.0,0.654902,0.6251241,0.4,0.0
proposed_v2_c,1,r176_c176_z120,active,176.0,176.0,120.0,0.64705884,0.62903583,0.8,0.0
proposed_v2_c,1,r176_c96_z130,active,96.0,176.0,130.0,0.64705884,0.62873495,0.56,0.0006291946
proposed_v2_c,1,r272_c64_z130,active,64.0,272.0,130.0,0.6431373,0.63391805,0.76,0.0
proposed_v2_c,1,r0_c160_z100,active,160.0,0.0,100.0,0.6509804,0.62779224,0.0,0.0
proposed_v2_c,1,r96_c272_z100,active,272.0,96.0,100.0,0.65882355,0.633257,0.92,0.0
proposed_v2_c,1,r144_c480_z120,active,480.0,144.0,120.0,0.6509804,0.6223382,1.0,0.0
proposed_v2_c,1,r384_c368_z130,active,368.0,384.0,130.0,0.6431373,0.6273923,0.72,0.0006291946
proposed_v2_c,1,r144_c480_z130,active,480.0,144.0,130.0,0.64705884,0.62198544,1.0,0.0
proposed_v2_c,1,r0_c16_z120,active,16.0,0.0,120.0,0.62352943,0.6218593,0.0,0.0
proposed_v2_c,1,r160_c80_z110,active,80.0,160.0,110.0,0.654902,0.63376,0.8,0.0006291946
proposed_v2_c,1,r480_c272_z130,active,272.0,480.0,130.0,0.64705884,0.62410676,0.72,0.0
proposed_v2_c,1,r64_c48_z120,active,48.0,64.0,120.0,0.64705884,0.6268533,1.0,0.0
proposed_v2_c,1,r240_c224_z110,active,224.0,240.0,110.0,0.6509804,0.6299858,0.52,0.0
proposed_v2_c,1,r432_c16_z130,active,16.0,432.0,130.0,0.64705884,0.626866,1.0,0.0
proposed_v2_c,1,r464_c416_z110,active,416.0,464.0,110.0,0.654902,0.62041926,0.88,0.0
proposed_v2_c,1,r496_c320_z130,active,320.0,496.0,130.0,0.63529414,0.6204607,1.0,0.0
proposed_v2_c,1,r192_c496_z120,active,496.0,192.0,120.0,0.64705884,0.6255122,0.84,0.0
proposed_v2_c,1,r112_c304_z110,active,304.0,112.0,110.0,0.654902,0.6342955,1.0,0.0
proposed_v2_c,1,r272_c64_z110,active,64.0,272.0,110.0,0.6509804,0.6358686,0.76,0.0
proposed_v2_c,1,r448_c464_z130,active,464.0,448.0,130.0,0.64705884,0.6205,1.0,0.0
proposed_v2_c,1,r240_c336_z130,active,336.0,240.0,130.0,0.64705884,0.6300423,0.76,0.0
proposed_v2_c,1,r224_c176_z130,active,176.0,224.0,130.0,0.6431373,0.630103,1.0,0.0
proposed_v2_c,1,r432_c144_z110,active,144.0,432.0,110.0,0.6509804,0.6336953,0.6,0.0012583892
proposed_v2_c,1,r336_c32_z130,active,32.0,336.0,130.0,0.64705884,0.63510245,0.96,0.0
proposed_v2_c,1,r224_c48_z110,active,48.0,224.0,110.0,0.6392157,0.6301308,1.0,0.0006291946
proposed_v2_c,1,r112_c112_z100,active,112.0,112.0,100.0,0.654902,0.63403034,0.72,0.0006291946
proposed_v2_c,1,r176_c496_z110,active,496.0,176.0,110.0,0.654902,0.626052,0.96,0.0
proposed_v2_c,1,r32_c384_z100,active,384.0,32.0,100.0,0.64705884,0.6260797,1.0,0.0
proposed_v2_c,1,r416_c496_z120,active,496.0,416.0,120.0,0.6431373,0.62363756,0.0,0.0
proposed_v2_c,1,r400_c208_z120,active,208.0,400.0,120.0,0.6509804,0.632234,0.24,0.0006291946
proposed_v2_c,1,r192_c400_z130,active,400.0,192.0,130.0,0.64705884,0.629548,0.84,0.0
proposed_v2_c,1,r496_c0_z100,active,0.0,496.0,100.0,0.6313726,0.62279236,0.0,0.0
proposed_v2_c,1,r0_c256_z120,active,256.0,0.0,120.0,0.64705884,0.6271165,0.2,0.0
proposed_v2_c,1,r480_c0_z110,active,0.0,480.0,110.0,0.6313726,0.62323457,0.0,0.0
proposed_v2_c,1,r160_c0_z120,active,0.0,160.0,120.0,0.64705884,0.625638,0.0,0.0006291946
proposed_v2_c,1,r368_c352_z110,active,352.0,368.0,110.0,0.6509804,0.63235515,0.96,0.0006291946
proposed_v2_c,1,r176_c496_z130,active,496.0,176.0,130.0,0.64705884,0.6241112,0.96,0.0
proposed_v2_c,1,r272_c96_z120,active,96.0,272.0,120.0,0.64705884,0.6358095,0.84,0.0
proposed_v2_c,1,r48_c176_z110,active,176.0,48.0,110.0,0.6509804,0.6289008,1.0,0.0006291946
proposed_v2_c,1,r192_c368_z100,active,368.0,192.0,100.0,0.65882355,0.6345734,0.76,0.0
proposed_v2_c,1,r80_c496_z130,active,496.0,80.0,130.0,0.63529414,0.6203725,0.0,0.0
proposed_v2_c,1,r288_c400_z130,active,400.0,288.0,130.0,0.6431373,0.62795043,0.72,0.0
proposed_v2_c,1,r384_c80_z130,active,80.0,384.0,130.0,0.64705884,0.63870895,0.32,0.0
proposed_v2_c,1,r480_c208_z120,active,208.0,480.0,120.0,0.64705884,0.62599176,0.8,0.0
proposed_v2_c,1,r144_c48_z130,active,48.0,144.0,130.0,0.6431373,0.6279213,0.76,0.0006291946
proposed_v2_c,1,r432_c192_z100,active,192.0,432.0,100.0,0.654902,0.6304498,0.8,0.0006291946
proposed_v2_c,2,r0_c224_z110,active,224.0,0.0,110.0,0.63529414,0.6293569,0.36,0.0
proposed_v2_c,2,r0_c176_z120,active,176.0,0.0,120.0,0.6431373,0.6260355,0.0,0.0
proposed_v2_c,2,r0_c320_z100,active,320.0,0.0,100.0,0.6509804,0.62713015,0.0,0.0
proposed_v2_c,2,r80_c160_z130,active,160.0,80.0,130.0,0.64705884,0.62458885,0.76,0.0006291946
proposed_v2_c,2,r32_c48_z110,active,48.0,32.0,110.0,0.6431373,0.62657565,0.56,0.0
proposed_v2_c,2,r336_c304_z110,active,304.0,336.0,110.0,0.6509804,0.6364006,0.68,0.0
proposed_v2_c,2,r352_c400_z120,active,400.0,352.0,120.0,0.64705884,0.6272668,0.92,0.0006291946
proposed_v2_c,2,r144_c0_z100,active,0.0,144.0,100.0,0.6509804,0.62734437,0.0,0.0006291946
proposed_v2_c,2,r400_c320_z130,active,320.0,400.0,130.0,0.64705884,0.63170904,1.0,0.0006291946
proposed_v2_c,2,r240_c352_z110,active,352.0,240.0,110.0,0.654902,0.6343668,0.2,0.0
proposed_v2_c,2,r80_c496_z100,active,496.0,80.0,100.0,0.63529414,0.6219908,0.0,0.0
proposed_v2_c,2,r400_c160_z120,active,160.0,400.0,120.0,0.64705884,0.6354411,1.0,0.0006291946
proposed_v2_c,2,r176_c368_z120,active,368.0,176.0,120.0,0.64705884,0.632151,0.24,0.0
proposed_v2_c,2,r480_c32_z120,active,32.0,480.0,120.0,0.63529414,0.6227963,0.96,0.0
proposed_v2_c,2,r176_c304_z100,active,304.0,176.0,100.0,0.65882355,0.63338023,0.6,0.0
proposed_v2_c,2,r480_c416_z130,active,416.0,480.0,130.0,0.6431373,0.6170999,0.64,0.0
proposed_v2_c,2,r352_c256_z110,active,256.0,352.0,110.0,0.6509804,0.6376595,0.8,0.0006291946
proposed_v2_c,2,r272_c464_z110,active,464.0,272.0,110.0,0.64705884,0.6316198,0.04,0.0006291946
proposed_v2_c,2,r128_c352_z100,active,352.0,128.0,100.0,0.65882355,0.63648593,0.64,0.0
proposed_v2_c,2,r448_c304_z100,active,304.0,448.0,100.0,0.654902,0.6272916,0.48,0.0006291946
proposed_v2_c,2,r304_c320_z100,active,320.0,304.0,100.0,0.6509804,0.6341442,0.0,0.0
proposed_v2_c,2,r432_c208_z130,active,208.0,432.0,130.0,0.6431373,0.62833315,0.0,0.0006291946
proposed_v2_c,2,r64_c48_z130,active,48.0,64.0,130.0,0.64705884,0.62609535,1.0,0.0
proposed_v2_c,2,r496_c384_z120,active,384.0,496.0,120.0,0.64705884,0.6173196,0.6,0.0
proposed_v2_c,2,r304_c144_z130,active,144.0,304.0,130.0,0.64705884,0.63633597,0.76,0.0
proposed_v2_c,2,r144_c288_z120,active,288.0,144.0,120.0,0.64705884,0.6289814,0.0,0.0
proposed_v2_c,2,r368_c0_z100,active,0.0,368.0,100.0,0.6509804,0.63792753,0.0,0.0
proposed_v2_c,2,r336_c432_z100,active,432.0,336.0,100.0,0.654902,0.6300579,0.4,0.0006291946
proposed_v2_c,2,r0_c192_z130,active,192.0,0.0,130.0,0.6392157,0.62715155,0.0,0.0
proposed_v2_c,2,r160_c128_z120,active,128.0,160.0,120.0,0.6509804,0.63177365,1.0,0.0
proposed_v2_c,2,r496_c144_z130,active,144.0,496.0,130.0,0.64705884,0.6222318,0.0,0.0
proposed_v2_c,2,r496_c128_z120,active,128.0,496.0,120.0,0.64705884,0.62298644,0.08,0.0
proposed_v2_c,2,r496_c496_z100,active,496.0,496.0,100.0,0.6313726,0.6141428,0.0,0.0
proposed_v2_c,2,r48_c256_z100,active,256.0,48.0,100.0,0.65882355,0.6361524,1.0,0.0
proposed_v2_c,2,r320_c224_z130,active,224.0,320.0,130.0,0.64705884,0.6368512,0.68,0.0
proposed_v2_c,2,r32_c384_z110,active,384.0,32.0,110.0,0.6431373,0.62561786,1.0,0.0
proposed_v2_c,2,r384_c464_z130,active,464.0,384.0,130.0,0.64705884,0.6232258,1.0,0.0
proposed_v2_c,2,r48_c0_z110,active,0.0,48.0,110.0,0.627451,0.62054145,0.0,0.0
proposed_v2_c,2,r192_c496_z100,active,496.0,192.0,100.0,0.654902,0.6289203,0.84,0.0
proposed_v2_c,2,r0_c96_z130,active,96.0,0.0,130.0,0.6313726,0.6263509,0.0,0.0
proposed_v2_c,2,r496_c64_z100,active,64.0,496.0,100.0,0.6431373,0.6230254,0.0,0.0
proposed_v2_c,2,r32_c304_z120,active,304.0,32.0,120.0,0.6509804,0.62573594,1.0,0.0
proposed_v2_c,2,r48_c464_z120,active,464.0,48.0,120.0,0.6392157,0.62199295,0.0,0.0
proposed_v2_c,2,r48_c448_z130,active,448.0,48.0,130.0,0.64705884,0.62207586,0.0,0.0
proposed_v2_c,2,r272_c144_z120,active,144.0,272.0,120.0,0.64705884,0.6350206,0.76,0.0
proposed_v2_c,2,r48_c224_z110,active,224.0,48.0,110.0,0.6431373,0.63412803,0.64,0.0
proposed_v2_c,2,r480_c160_z100,active,160.0,480.0,100.0,0.6509804,0.62820446,0.4,0.0
proposed_v2_c,2,r288_c288_z120,active,288.0,288.0,120.0,0.64705884,0.6347712,0.48,0.0
proposed_v2_c,2,r0_c48_z100,active,48.0,0.0,100.0,0.627451,0.6253526,0.0,0.0
proposed_v2_c,2,r448_c304_z110,active,304.0,448.0,110.0,0.6509804,0.6267473,0.48,0.0006291946
proposed_v2_c,2,r240_c64_z120,active,64.0,240.0,120.0,0.64705884,0.63219464,0.08,0.0006291946
proposed_v2_c,2,r304_c384_z100,active,384.0,304.0,100.0,0.654902,0.6349582,0.92,0.0
proposed_v2_c,2,r224_c64_z130,active,64.0,224.0,130.0,0.6392157,0.62991124,0.16,0.0006291946
proposed_v2_c,2,r464_c496_z110,active,496.0,464.0,110.0,0.6431373,0.6193575,0.0,0.0
proposed_v2_c,2,r304_c96_z110,active,96.0,304.0,110.0,0.6509804,0.6385228,1.0,0.0
proposed_v2_c,2,r32_c496_z100,active,496.0,32.0,100.0,0.6313726,0.6215825,0.24,0.0
proposed_v2_c,2,r256_c496_z130,active,496.0,256.0,130.0,0.63529414,0.62449455,0.96,0.0006291946
proposed_v2_c,2,r384_c112_z100,active,112.0,384.0,100.0,0.6509804,0.6399175,0.04,0.0
proposed_v2_c,2,r288_c176_z110,active,176.0,288.0,110.0,0.64705884,0.6364786,0.4,0.0
proposed_v2_c,2,r128_c432_z120,active,432.0,128.0,120.0,0.64705884,0.6290206,0.76,0.0
proposed_v2_c,2,r48_c144_z100,active,144.0,48.0,100.0,0.65882355,0.630893,0.0,0.0
proposed_v2_c,2,r0_c208_z100,active,208.0,0.0,100.0,0.6392157,0.62709665,0.0,0.0
proposed_v2_c,2,r128_c256_z110,active,256.0,128.0,110.0,0.6509804,0.6290263,1.0,0.0
proposed_v2_c,2,r384_c416_z100,active,416.0,384.0,100.0,0.654902,0.6250212,0.2,0.0006291946
proposed_v2_c,2,r192_c256_z110,active,256.0,192.0,110.0,0.6509804,0.6269658,0.24,0.0
proposed_v2_c,2,r336_c208_z120,active,208.0,336.0,120.0,0.64705884,0.63740337,0.8,0.0
proposed_v2_c,2,r368_c320_z100,active,320.0,368.0,100.0,0.654902,0.6355102,0.64,0.0
proposed_v2_c,2,r432_c368_z130,active,368.0,432.0,130.0,0.64705884,0.6219824,0.0,0.0006291946
proposed_v2_c,2,r0_c288_z110,active,288.0,0.0,110.0,0.64705884,0.62783366,0.0,0.0
proposed_v2_c,2,r64_c352_z120,active,352.0,64.0,120.0,0.6509804,0.6309246,0.0,0.0
proposed_v2_c,2,r160_c240_z120,active,240.0,160.0,120.0,0.6509804,0.6267527,0.32,0.0
proposed_v2_c,2,r144_c48_z100,active,48.0,144.0,100.0,0.6509804,0.6355455,0.76,0.0006291946
proposed_v2_c,2,r224_c0_z110,active,0.0,224.0,110.0,0.6392157,0.62927413,0.0,0.0
proposed_v2_c,2,r160_c224_z130,active,224.0,160.0,130.0,0.64705884,0.62589043,0.0,0.0
proposed_v2_c,2,r240_c288_z130,active,288.0,240.0,130.0,0.6431373,0.6287301,0.32,0.0
proposed_v2_c,2,r112_c32_z130,active,32.0,112.0,130.0,0.64705884,0.6257194,0.8,0.0006291946
proposed_v2_c,2,r432_c0_z110,active,0.0,432.0,110.0,0.6509804,0.6305417,0.0,0.0
proposed_v2_c,2,r432_c240_z120,active,240.0,432.0,120.0,0.6509804,0.6299907,0.6,0.0
proposed_v2_c,2,r0_c384_z130,active,384.0,0.0,130.0,0.63529414,0.62248874,0.0,0.0
proposed_v2_c,2,r448_c352_z120,active,352.0,448.0,120.0,0.6509804,0.6232923,1.0,0.0006291946
proposed_v2_c,2,r288_c96_z100,active,96.0,288.0,100.0,0.654902,0.63744223,0.08,0.0
proposed_v2_c,2,r320_c32_z110,active,32.0,320.0,110.0,0.6509804,0.63695437,0.08,0.0
proposed_v2_c,3,r48_c176_z130,active,176.0,48.0,130.0,0.6431373,0.62694097,1.0,0.0006291946
proposed_v2_c,3,r0_c288_z130,active,288.0,0.0,130.0,0.64705884,0.62490684,0.0,0.0
proposed_v2_c,3,r496_c448_z100,active,448.0,496.0,100.0,0.64705884,0.61632705,1.0,0.0
proposed_v2_c,3,r128_c336_z120,active,336.0,128.0,120.0,0.6509804,0.6339116,0.72,0.0
proposed_v2_c,3,r272_c144_z100,active,144.0,272.0,100.0,0.654902,0.6345773,0.76,0.0
proposed_v2_c,3,r256_c240_z130,active,240.0,256.0,130.0,0.64705884,0.6320397,0.4,0.0
proposed_v2_c,3,r240_c0_z120,active,0.0,240.0,120.0,0.63529414,0.63065124,0.0,0.0
proposed_v2_c,3,r48_c128_z110,active,128.0,48.0,110.0,0.6509804,0.62826693,1.0,0.0
proposed_v2_c,3,r176_c64_z120,active,64.0,176.0,120.0,0.6509804,0.6321488,0.48,0.0006291946
proposed_v2_c,3,r416_c112_z130,active,112.0,416.0,130.0,0.64705884,0.63531727,0.6,0.0
proposed_v2_c,3,r432_c112_z120,active,112.0,432.0,120.0,0.64705884,0.6346136,0.0,0.0006291946
proposed_v2_c,3,r240_c384_z130,active,384.0,240.0,130.0,0.64705884,0.62942344,0.24,0.0
proposed_v2_c,3,r304_c0_z130,active,0.0,304.0,130.0,0.6392157,0.6342501,0.0,0.0
proposed_v2_c,3,r400_c64_z100,active,64.0,400.0,100.0,0.65882355,0.6409844,0.48,0.0
proposed_v2_c,3,r240_c272_z120,active,272.0,240.0,120.0,0.64705884,0.62958133,0.24,0.0
proposed_v2_c,3,r80_c368_z110,active,368.0,80.0,110.0,0.6509804,0.6344989,0.2,0.0
proposed_v2_c,3,r176_c272_z130,active,272.0,176.0,130.0,0.64705884,0.62380874,0.48,0.0
proposed_v2_c,3,r0_c448_z120,active,448.0,0.0,120.0,0.6313726,0.62178195,0.0,0.0
proposed_v2_c,3,r32_c96_z120,active,96.0,32.0,120.0,0.63529414,0.62780684,1.0,0.0
proposed_v2_c,3,r80_c432_z120,active,432.0,80.0,120.0,0.64705884,0.62659055,0.0,0.0
proposed_v2_c,3,r80_c496_z110,active,496.0,80.0,110.0,0.63529414,0.62096745,0.0,0.0
proposed_v2_c,3,r416_c96_z110,active,96.0,416.0,110.0,0.6509804,0.6382019,0.4,0.0
proposed_v2_c,3,r400_c224_z130,active,224.0,400.0,130.0,0.64705884,0.6319504,1.0,0.0006291946
proposed_v2_c,3,r448_c464_z110,active,464.0,448.0,110.0,0.654902,0.6216785,1.0,0.0
proposed_v2_c,3,r128_c304_z100,active,304.0,128.0,100.0,0.654902,0.63403785,1.0,0.0
proposed_v2_c,3,r432_c192_z120,active,192.0,432.0,120.0,0.64705884,0.6289018,0.8,0.0006291946
proposed_v2_c,3,r208_c448_z100,active,448.0,208.0,100.0,0.654902,0.63220453,0.16,0.0
proposed_v2_c,3,r112_c80_z110,active,80.0,112.0,110.0,0.654902,0.63153917,1.0,0.0
proposed_v2_c,3,r224_c16_z130,active,16.0,224.0,130.0,0.6392157,0.62854964,0.24,0.0006291946
proposed_v2_c,3,r432_c64_z130,active,64.0,432.0,130.0,0.64705884,0.6333409,0.0,0.0
proposed_v2_c,3,r368_c128_z130,active,128.0,368.0,130.0,0.64705884,0.6373143,0.0,0.0
proposed_v2_c,3,r16_c64_z120,active,64.0,16.0,120.0,0.6313726,0.6265186,0.6,0.0
proposed_v2_c,3,r16_c64_z130,active,64.0,16.0,130.0,0.6313726,0.6260618,0.6,0.0
proposed_v2_c,3,r32_c304_z130,active,304.0,32.0,130.0,0.64705884,0.62399065,1.0,0.0
proposed_v2_c,3,r32_c208_z130,active,208.0,32.0,130.0,0.6392157,0.62995464,0.44,0.0006291946
proposed_v2_c,3,r176_c0_z130,active,0.0,176.0,130.0,0.6431373,0.62382555,0.0,0.0006291946
proposed_v2_c,3,r144_c128_z130,active,128.0,144.0,130.0,0.64705884,0.6288022,0.44,0.0
proposed_v2_c,3,r320_c112_z120,active,112.0,320.0,120.0,0.64705884,0.6383772,0.08,0.0
proposed_v2_c,3,r192_c96_z120,active,96.0,192.0,120.0,0.64705884,0.6305717,0.92,0.0006291946
proposed_v2_c,3,r400_c176_z100,active,176.0,400.0,100.0,0.654902,0.6361853,0.56,0.0012583892
proposed_v2_c,3,r256_c368_z100,active,368.0,256.0,100.0,0.654902,0.6379039,0.28,0.0
proposed_v2_c,3,r48_c176_z120,active,176.0,48.0,120.0,0.6509804,0.62837976,1.0,0.0006291946
proposed_v2_c,3,r480_c32_z100,active,32.0,480.0,100.0,0.6509804,0.62426007,0.96,0.0
proposed_v2_c,3,r352_c256_z130,active,256.0,352.0,130.0,0.64705884,0.6364975,0.8,0.0006291946
proposed_v2_c,3,r256_c496_z110,active,496.0,256.0,110.0,0.64705884,0.6269317,0.96,0.0006291946
proposed_v2_c,3,r272_c432_z120,active,432.0,272.0,120.0,0.6509804,0.6309722,1.0,0.0006291946
proposed_v2_c,3,r48_c272_z120,active,272.0,48.0,120.0,0.64705884,0.63063586,1.0,0.0
proposed_v2_c,3,r0_c384_z120,active,384.0,0.0,120.0,0.63529414,0.6231222,0.0,0.0
proposed_v2_c,3,r400_c320_z110,active,320.0,400.0,110.0,0.654902,0.6331898,1.0,0.0006291946
proposed_v2_c,3,r336_c464_z130,active,464.0,336.0,130.0,0.64705884,0.6263001,0.72,0.0006291946
proposed_v2_c,3,r416_c320_z120,active,320.0,416.0,120.0,0.6509804,0.6304139,1.0,0.0006291946
proposed_v2_c,3,r192_c112_z110,active,112.0,192.0,110.0,0.6509804,0.63197565,0.96,0.0006291946
proposed_v2_c,3,r144_c32_z110,active,32.0,144.0,110.0,0.6509804,0.63233435,0.0,0.0006291946
proposed_v2_c,3,r496_c416_z110,active,416.0,496.0,110.0,0.6509804,0.61692214,0.48,0.0
proposed_v2_c,3,r352_c256_z120,active,256.0,352.0,120.0,0.64705884,0.6371548,0.8,0.0006291946
proposed_v2_c,3,r256_c80_z100,active,80.0,256.0,100.0,0.65882355,0.63453984,0.64,0.0006291946
proposed_v2_c,3,r160_c432_z130,active,432.0,160.0,130.0,0.6431373,0.6272038,0.0,0.0
proposed_v2_c,3,r128_c208_z120,active,208.0,128.0,120.0,0.6509804,0.62930506,0.24,0.0
proposed_v2_c,3,r288_c480_z120,active,480.0,288.0,120.0,0.64705884,0.628241,1.0,0.0006291946
proposed_v2_c,3,r288_c320_z130,active,320.0,288.0,130.0,0.64705884,0.6306577,0.0,0.0
proposed_v2_c,3,r496_c416_z100,active,416.0,496.0,100.0,0.654902,0.6167495,0.48,0.0
proposed_v2_c,3,r320_c432_z130,active,432.0,320.0,130.0,0.64705884,0.62708145,0.68,0.0006291946
proposed_v2_c,3,r144_c0_z110,active,0.0,144.0,110.0,0.64705884,0.6252277,0.0,0.0006291946
proposed_v2_c,3,r480_c288_z100,active,288.0,480.0,100.0,0.65882355,0.62618655,0.76,0.0
proposed_v2_c,3,r0_c416_z100,active,416.0,0.0,100.0,0.6431373,0.6243452,0.0,0.0
proposed_v2_c,3,r256_c32_z110,active,32.0,256.0,110.0,0.6392157,0.6330527,0.56,0.0
proposed_v2_c,3,r144_c432_z110,active,432.0,144.0,110.0,0.64705884,0.6323986,0.0,0.0
proposed_v2_c,3,r112_c32_z100,active,32.0,112.0,100.0,0.654902,0.6312184,0.8,0.0006291946
proposed_v2_c,3,r288_c320_z110,active,320.0,288.0,110.0,0.6509804,0.63308465,0.0,0.0
proposed_v2_c,3,r336_c320_z120,active,320.0,336.0,120.0,0.6509804,0.63492286,0.0,0.0
proposed_v2_c,3,r80_c384_z100,active,384.0,80.0,100.0,0.654902,0.63477784,0.04,0.0
proposed_v2_c,3,r96_c176_z110,active,176.0,96.0,110.0,0.6509804,0.62959176,0.0,0.0006291946
proposed_v2_c,3,r224_c192_z110,active,192.0,224.0,110.0,0.6509804,0.63082725,0.84,0.0
proposed_v2_c,3,r416_c240_z100,active,240.0,416.0,100.0,0.65882355,0.63459575,0.12,0.0
proposed_v2_c,3,r480_c496_z130,active,496.0,480.0,130.0,0.6313726,0.6180167,0.0,0.0
proposed_v2_c,3,r496_c288_z110,active,288.0,496.0,110.0,0.6509804,0.6243088,0.4,0.0
proposed_v2_c,3,r448_c112_z100,active,112.0,448.0,100.0,0.654902,0.63341224,0.36,0.0006291946
proposed_v2_c,3,r80_c64_z100,active,64.0,80.0,100.0,0.654902,0.631028,0.2,0.0
proposed_v2_c,3,r16_c0_z130,active,0.0,16.0,130.0,0.61960787,0.6183883,0.0,0.0
proposed_v2_c,3,r176_c48_z110,active,48.0,176.0,110.0,0.6509804,0.63348204,0.96,0.0006291946
proposed_v2_c,3,r352_c352_z120,active,352.0,352.0,120.0,0.64705884,0.6318992,0.96,0.0006291946
proposed_v2_c,3,r448_c112_z110,active,112.0,448.0,110.0,0.6509804,0.63291925,0.36,0.0006291946
proposed_v2_c,4,r352_c464_z100,active,464.0,352.0,100.0,0.654902,0.62829775,1.0,0.0006291946
proposed_v2_c,4,r336_c448_z120,active,448.0,336.0,120.0,0.6509804,0.62810576,0.64,0.0006291946
proposed_v2_c,4,r224_c64_z100,active,64.0,224.0,100.0,0.64705884,0.630967,0.16,0.0006291946
proposed_v2_c,4,r272_c336_z120,active,336.0,272.0,120.0,0.64705884,0.6330528,1.0,0.0
proposed_v2_c,4,r400_c432_z120,active,432.0,400.0,120.0,0.64705884,0.6243276,0.04,0.0
proposed_v2_c,4,r32_c304_z100,active,304.0,32.0,100.0,0.65882355,0.631783,1.0,0.0
proposed_v2_c,4,r272_c256_z120,active,256.0,272.0,120.0,0.64705884,0.6346398,0.6,0.0
proposed_v2_c,4,r448_c352_z110,active,352.0,448.0,110.0,0.654902,0.62398005,1.0,0.0006291946
proposed_v2_c,4,r416_c176_z130,active,176.0,416.0,130.0,0.64705884,0.63127875,0.4,0.0006291946
proposed_v2_c,4,r464_c416_z120,active,416.0,464.0,120.0,0.6509804,0.62023926,0.88,0.0
proposed_v2_c,4,r272_c128_z130,active,128.0,272.0,130.0,0.64705884,0.63458794,0.52,0.0
proposed_v2_c,4,r256_c464_z100,active,464.0,256.0,100.0,0.654902,0.63354945,0.56,0.0006291946
proposed_v2_c,4,r16_c144_z120,active,144.0,16.0,120.0,0.6509804,0.6262554,0.08,0.0
proposed_v2_c,4,r272_c432_z130,active,432.0,272.0,130.0,0.64705884,0.62879723,1.0,0.0006291946
proposed_v2_c,4,r32_c208_z100,active,208.0,32.0,100.0,0.6431373,0.630914,0.44,0.0006291946
proposed_v2_c,4,r432_c192_z110,active,192.0,432.0,110.0,0.654902,0.63008434,0.8,0.0006291946
proposed_v2_c,4,r272_c336_z100,active,336.0,272.0,100.0,0.6509804,0.6341857,1.0,0.0
proposed_v2_c,4,r208_c112_z100,active,112.0,208.0,100.0,0.6509804,0.631167,0.44,0.0012583892
proposed_v2_c,4,r288_c240_z130,active,240.0,288.0,130.0,0.64705884,0.6359537,1.0,0.0
proposed_v2_c,4,r128_c256_z120,active,256.0,128.0,120.0,0.6509804,0.62641275,1.0,0.0
proposed_v2_c,4,r32_c32_z120,active,32.0,32.0,120.0,0.627451,0.62468016,0.0,0.0
proposed_v2_c,4,r240_c208_z130,active,208.0,240.0,130.0,0.64705884,0.63072014,0.6,0.0
proposed_v2_c,4,r496_c224_z110,active,224.0,496.0,110.0,0.6392157,0.6253944,0.16,0.0
proposed_v2_c,4,r448_c352_z100,active,352.0,448.0,100.0,0.654902,0.6246085,1.0,0.0006291946
proposed_v2_c,4,r480_c32_z130,active,32.0,480.0,130.0,0.63529414,0.6218756,0.96,0.0
proposed_v2_c,4,r480_c32_z110,active,32.0,480.0,110.0,0.63529414,0.6237168,0.96,0.0
proposed_v2_c,4,r432_c240_z110,active,240.0,432.0,110.0,0.6509804,0.6314206,0.6,0.0
proposed_v2_c,4,r272_c96_z130,active,96.0,272.0,130.0,0.64705884,0.63467413,0.84,0.0
proposed_v2_c,4,r0_c64_z110,active,64.0,0.0,110.0,0.627451,0.62630165,0.0,0.0
proposed_v2_c,4,r304_c192_z120,active,192.0,304.0,120.0,0.64705884,0.63737,0.72,0.0
proposed_v2_c,4,r400_c304_z100,active,304.0,400.0,100.0,0.65882355,0.6355362,0.6,0.0006291946
proposed_v2_c,4,r16_c128_z100,active,128.0,16.0,100.0,0.654902,0.62962604,0.0,0.0
proposed_v2_c,4,r80_c0_z110,active,0.0,80.0,110.0,0.63529414,0.62115175,0.0,0.0
proposed_v2_c,4,r352_c352_z130,active,352.0,352.0,130.0,0.6431373,0.6310648,0.96,0.0006291946
proposed_v2_c,4,r32_c64_z100,active,64.0,32.0,100.0,0.6509804,0.62733835,0.04,0.0
proposed_v2_c,4,r288_c496_z110,active,496.0,288.0,110.0,0.64705884,0.628425,0.6,0.0006291946
proposed_v2_c,4,r304_c144_z110,active,144.0,304.0,110.0,0.654902,0.63804525,0.76,0.0
proposed_v2_c,4,r272_c432_z110,active,432.0,272.0,110.0,0.6509804,0.63260835,1.0,0.0006291946
proposed_v2_c,4,r256_c160_z130,active,160.0,256.0,130.0,0.64705884,0.63310945,0.4,0.0
proposed_v2_c,4,r400_c32_z120,active,32.0,400.0,120.0,0.6509804,0.63588035,0.0,0.0
proposed_v2_c,4,r336_c304_z130,active,304.0,336.0,130.0,0.64705884,0.6356953,0.68,0.0
proposed_v2_c,4,r128_c256_z100,active,256.0,128.0,100.0,0.65882355,0.63226926,1.0,0.0
proposed_v2_c,4,r432_c288_z120,active,288.0,432.0,120.0,0.6509804,0.63091683,0.36,0.0006291946
proposed_v2_c,4,r208_c144_z120,active,144.0,208.0,120.0,0.64705884,0.6286837,0.04,0.0006291946
proposed_v2_c,4,r336_c336_z100,active,336.0,336.0,100.0,0.65882355,0.6330966,0.88,0.0
proposed_v2_c,4,r336_c32_z100,active,32.0,336.0,100.0,0.6509804,0.6376641,0.96,0.0
proposed_v2_c,4,r208_c320_z130,active,320.0,208.0,130.0,0.6431373,0.6309582,0.8,0.0
proposed_v2_c,4,r144_c48_z120,active,48.0,144.0,120.0,0.6431373,0.6313796,0.76,0.0006291946
proposed_v2_c,4,r464_c480_z120,active,480.0,464.0,120.0,0.64705884,0.62035525,0.0,0.0
proposed_v2_c,4,r96_c272_z110,active,272.0,96.0,110.0,0.654902,0.6300174,0.92,0.0
proposed_v2_c,4,r128_c320_z130,active,320.0,128.0,130.0,0.64705884,0.6312098,1.0,0.0
proposed_v2_c,4,r464_c240_z130,active,240.0,464.0,130.0,0.6431373,0.62631416,0.32,0.0
proposed_v2_c,4,r320_c448_z110,active,448.0,320.0,110.0,0.6509804,0.63089335,0.36,0.0006291946
proposed_v2_c,4,r160_c384_z130,active,384.0,160.0,130.0,0.64705884,0.6312389,0.92,0.0
proposed_v2_c,4,r16_c192_z110,active,192.0,16.0,110.0,0.6431373,0.6293995,0.0,0.0
proposed_v2_c,4,r336_c208_z100,active,208.0,336.0,100.0,0.654902,0.6377925,0.8,0.0
proposed_v2_c,4,r192_c400_z120,active,400.0,192.0,120.0,0.64705884,0.6316862,0.84,0.0
proposed_v2_c,4,r368_c192_z120,active,192.0,368.0,120.0,0.6431373,0.6373453,0.76,0.0
proposed_v2_c,4,r272_c0_z100,active,0.0,272.0,100.0,0.6313726,0.6340817,0.0,0.0
proposed_v2_c,4,r0_c112_z110,active,112.0,0.0,110.0,0.6313726,0.62703687,0.0,0.0
proposed_v2_c,4,r496_c0_z120,active,0.0,496.0,120.0,0.627451,0.62143165,0.0,0.0
proposed_v2_c,4,r96_c128_z130,active,128.0,96.0,130.0,0.64705884,0.6262311,0.4,0.0006291946
proposed_v2_c,4,r192_c128_z130,active,128.0,192.0,130.0,0.64705884,0.62796444,0.0,0.0006291946
proposed_v2_c,4,r80_c432_z130,active,432.0,80.0,130.0,0.64705884,0.6241701,0.0,0.0
proposed_v2_c,4,r0_c464_z110,active,464.0,0.0,110.0,0.627451,0.62172544,0.0,0.0
proposed_v2_c,4,r192_c208_z130,active,208.0,192.0,130.0,0.64705884,0.6263277,0.36,0.0
proposed_v2_c,4,r96_c464_z110,active,464.0,96.0,110.0,0.6509804,0.6280287,0.0,0.0
proposed_v2_c,4,r240_c224_z100,active,224.0,240.0,100.0,0.654902,0.6317463,0.52,0.0
proposed_v2_c,4,r368_c192_z110,active,192.0,368.0,110.0,0.6509804,0.63783455,0.76,0.0
proposed_v2_c,4,r224_c0_z100,active,0.0,224.0,100.0,0.6392157,0.6290152,0.0,0.0
proposed_v2_c,4,r496_c176_z120,active,176.0,496.0,120.0,0.64705884,0.6234231,0.04,0.0
proposed_v2_c,4,r240_c448_z120,active,448.0,240.0,120.0,0.64705884,0.62798256,0.64,0.0
proposed_v2_c,4,r320_c176_z130,active,176.0,320.0,130.0,0.6431373,0.6371969,0.6,0.0
proposed_v2_c,4,r288_c32_z130,active,32.0,288.0,130.0,0.63529414,0.63380736,0.04,0.0
proposed_v2_c,4,r496_c192_z100,active,192.0,496.0,100.0,0.654902,0.62600166,0.16,0.0
proposed_v2_c,4,r464_c144_z110,active,144.0,464.0,110.0,0.64705884,0.6298479,1.0,0.0
proposed_v2_c,4,r144_c176_z110,active,176.0,144.0,110.0,0.6509804,0.63230354,0.92,0.0
proposed_v2_c,4,r64_c496_z120,active,496.0,64.0,120.0,0.63529414,0.62091404,0.0,0.0
proposed_v2_c,4,r16_c224_z120,active,224.0,16.0,120.0,0.63529414,0.6314892,0.0,0.0
proposed_v2_c,4,r352_c256_z100,active,256.0,352.0,100.0,0.65882355,0.6374968,0.8,0.0006291946
proposed_v2_c,4,r336_c400_z110,active,400.0,336.0,110.0,0.6509804,0.6299985,0.28,0.0006291946
proposed_v2_c,4,r224_c272_z110,active,272.0,224.0,110.0,0.6509804,0.6294242,0.4,0.0
proposed_v2_c,5,r480_c176_z130,active,176.0,480.0,130.0,0.64705884,0.6246043,0.0,0.0
proposed_v2_c,5,r224_c272_z100,active,272.0,224.0,100.0,0.6509804,0.6295741,0.4,0.0
proposed_v2_c,5,r192_c208_z120,active,208.0,192.0,120.0,0.6509804,0.62813675,0.36,0.0
proposed_v2_c,5,r224_c496_z120,active,496.0,224.0,120.0,0.6431373,0.62594914,0.8,0.0
proposed_v2_c,5,r240_c160_z120,active,160.0,240.0,120.0,0.6509804,0.63247716,0.8,0.0
proposed_v2_c,5,r176_c272_z120,active,272.0,176.0,120.0,0.6509804,0.62470454,0.48,0.0
proposed_v2_c,5,r48_c384_z120,active,384.0,48.0,120.0,0.64705884,0.62547135,0.44,0.0
proposed_v2_c,5,r96_c0_z130,active,0.0,96.0,130.0,0.6313726,0.6173382,0.0,0.0
proposed_v2_c,5,r272_c64_z120,active,64.0,272.0,120.0,0.64705884,0.6350175,0.76,0.0
proposed_v2_c,5,r240_c448_z110,active,448.0,240.0,110.0,0.6509804,0.63096076,0.64,0.0
proposed_v2_c,5,r496_c288_z120,active,288.0,496.0,120.0,0.6431373,0.62321454,0.4,0.0
proposed_v2_c,5,r32_c304_z110,active,304.0,32.0,110.0,0.6509804,0.6288668,1.0,0.0
proposed_v2_c,5,r160_c464_z110,active,464.0,160.0,110.0,0.654902,0.629285,0.4,0.0
proposed_v2_c,5,r384_c256_z130,active,256.0,384.0,130.0,0.64705884,0.6349507,0.88,0.0006291946
proposed_v2_c,5,r96_c464_z100,active,464.0,96.0,100.0,0.654902,0.6309235,0.0,0.0
proposed_v2_c,5,r208_c320_z110,active,320.0,208.0,110.0,0.6509804,0.6338242,0.8,0.0
proposed_v2_c,5,r272_c208_z110,active,208.0,272.0,110.0,0.6509804,0.63350517,0.2,0.0
proposed_v2_c,5,r160_c128_z110,active,128.0,160.0,110.0,0.654902,0.63388854,1.0,0.0
proposed_v2_c,5,r256_c32_z130,active,32.0,256.0,130.0,0.6392157,0.6316207,0.56,0.0
proposed_v2_c,5,r464_c112_z120,active,112.0,464.0,120.0,0.64705884,0.62844336,0.84,0.0
proposed_v2_c,5,r144_c352_z130,active,352.0,144.0,130.0,0.64705884,0.6304991,0.68,0.0
proposed_v2_c,5,r288_c288_z100,active,288.0,288.0,100.0,0.654902,0.63490367,0.48,0.0
proposed_v2_c,5,r496_c112_z130,active,112.0,496.0,130.0,0.63529414,0.62112933,0.4,0.0
proposed_v2_c,5,r32_c416_z130,active,416.0,32.0,130.0,0.6431373,0.62324417,0.0,0.0
proposed_v2_c,5,r256_c32_z120,active,32.0,256.0,120.0,0.6392157,0.6325987,0.56,0.0
proposed_v2_c,5,r400_c384_z100,active,384.0,400.0,100.0,0.65882355,0.62490255,0.32,0.0006291946
proposed_v2_c,5,r16_c256_z110,active,256.0,16.0,110.0,0.6509804,0.63105226,0.0,0.0
proposed_v2_c,5,r336_c384_z130,active,384.0,336.0,130.0,0.64705884,0.6283079,0.08,0.0006291946
proposed_v2_c,5,r400_c384_z110,active,384.0,400.0,110.0,0.654902,0.62478244,0.32,0.0006291946
proposed_v2_c,5,r464_c352_z130,active,352.0,464.0,130.0,0.64705884,0.62140226,0.4,0.0
proposed_v2_c,5,r368_c144_z120,active,144.0,368.0,120.0,0.6509804,0.63790685,0.48,0.0
proposed_v2_c,5,r384_c240_z110,active,240.0,384.0,110.0,0.654902,0.6366347,0.0,0.0006291946
proposed_v2_c,5,r144_c160_z120,active,160.0,144.0,120.0,0.64705884,0.6306571,0.6,0.0
proposed_v2_c,5,r464_c208_z130,active,208.0,464.0,130.0,0.6431373,0.62608325,0.64,0.0
proposed_v2_c,5,r32_c336_z120,active,336.0,32.0,120.0,0.6509804,0.62499934,0.88,0.0
proposed_v2_c,5,r352_c400_z100,active,400.0,352.0,100.0,0.65882355,0.6293238,0.92,0.0006291946
proposed_v2_c,5,r0_c352_z110,active,352.0,0.0,110.0,0.64705884,0.6245757,0.0,0.0
proposed_v2_c,5,r176_c0_z100,active,0.0,176.0,100.0,0.6509804,0.62950224,0.0,0.0006291946
proposed_v2_c,5,r144_c400_z120,active,400.0,144.0,120.0,0.6509804,0.6327428,0.76,0.0
proposed_v2_c,5,r112_c32_z110,active,32.0,112.0,110.0,0.654902,0.6299101,0.8,0.0006291946
proposed_v2_c,5,r240_c160_z110,active,160.0,240.0,110.0,0.6509804,0.6330551,0.8,0.0
proposed_v2_c,5,r320_c256_z130,active,256.0,320.0,130.0,0.64705884,0.63713396,1.0,0.0
proposed_v2_c,5,r32_c384_z130,active,384.0,32.0,130.0,0.6392157,0.6240892,1.0,0.0
proposed_v2_c,5,r368_c496_z110,active,496.0,368.0,110.0,0.654902,0.6264743,0.0,0.0
proposed_v2_c,5,r272_c96_z110,active,96.0,272.0,110.0,0.654902,0.63642824,0.84,0.0
proposed_v2_c,5,r272_c368_z130,active,368.0,272.0,130.0,0.64705884,0.63160706,0.24,0.0
proposed_v2_c,5,r304_c64_z100,active,64.0,304.0,100.0,0.6509804,0.63793737,0.24,0.0
proposed_v2_c,5,r160_c384_z100,active,384.0,160.0,100.0,0.654902,0.6360025,0.92,0.0
proposed_v2_c,5,r288_c432_z100,active,432.0,288.0,100.0,0.654902,0.63300556,0.0,0.0006291946
proposed_v2_c,5,r32_c336_z100,active,336.0,32.0,100.0,0.6509804,0.6314723,0.88,0.0
proposed_v2_c,5,r208_c96_z130,active,96.0,208.0,130.0,0.6431373,0.6285879,0.28,0.0006291946
proposed_v2_c,5,r128_c448_z100,active,448.0,128.0,100.0,0.654902,0.6326142,0.64,0.0
proposed_v2_c,5,r64_c0_z100,active,0.0,64.0,100.0,0.627451,0.6221284,0.0,0.0
proposed_v2_c,5,r64_c80_z110,active,80.0,64.0,110.0,0.6509804,0.62921435,0.52,0.0
proposed_v2_c,5,r272_c496_z100,active,496.0,272.0,100.0,0.64705884,0.6286226,0.16,0.0006291946
proposed_v2_c,5,r496_c112_z110,active,112.0,496.0,110.0,0.6392157,0.6235984,0.4,0.0
proposed_v2_c,5,r32_c496_z120,active,496.0,32.0,120.0,0.6313726,0.6215557,0.24,0.0
proposed_v2_c,5,r400_c400_z130,active,400.0,400.0,130.0,0.64705884,0.62071866,0.04,0.0006291946
proposed_v2_c,5,r320_c0_z120,active,0.0,320.0,120.0,0.64705884,0.6358434,0.0,0.0
proposed_v2_c,5,r192_c352_z110,active,352.0,192.0,110.0,0.6509804,0.63459384,0.72,0.0
proposed_v2_c,5,r432_c240_z130,active,240.0,432.0,130.0,0.64705884,0.6281947,0.6,0.0
proposed_v2_c,5,r464_c128_z130,active,128.0,464.0,130.0,0.6431373,0.62745357,0.36,0.0
proposed_v2_c,5,r80_c192_z120,active,192.0,80.0,120.0,0.64705884,0.628273,0.16,0.0006291946
proposed_v2_c,5,r176_c64_z130,active,64.0,176.0,130.0,0.64705884,0.62986493,0.48,0.0006291946
proposed_v2_c,5,r80_c352_z130,active,352.0,80.0,130.0,0.64705884,0.62992585,0.0,0.0
proposed_v2_c,5,r304_c448_z120,active,448.0,304.0,120.0,0.64705884,0.63083476,0.6,0.0006291946
proposed_v2_c,5,r128_c80_z100,active,80.0,128.0,100.0,0.65882355,0.63458973,0.72,0.0006291946
proposed_v2_c,5,r112_c496_z100,active,496.0,112.0,100.0,0.64705884,0.622187,0.0,0.0
proposed_v2_c,5,r496_c240_z130,active,240.0,496.0,130.0,0.6392157,0.62298965,0.0,0.0
proposed_v2_c,5,r272_c256_z110,active,256.0,272.0,110.0,0.6509804,0.63477474,0.6,0.0
proposed_v2_c,5,r16_c464_z130,active,464.0,16.0,130.0,0.627451,0.6216772,0.24,0.0
proposed_v2_c,5,r448_c464_z100,active,464.0,448.0,100.0,0.654902,0.620281,1.0,0.0
proposed_v2_c,5,r432_c400_z110,active,400.0,432.0,110.0,0.64705884,0.6228655,0.72,0.0
proposed_v2_c,5,r208_c336_z100,active,336.0,208.0,100.0,0.6509804,0.63478386,0.48,0.0
proposed_v2_c,5,r448_c32_z120,active,32.0,448.0,120.0,0.6509804,0.6272671,0.52,0.0
proposed_v2_c,5,r0_c368_z100,active,368.0,0.0,100.0,0.6431373,0.6257273,0.0,0.0
proposed_v2_c,5,r0_c32_z110,active,32.0,0.0,110.0,0.627451,0.6240645,0.0,0.0
proposed_v2_c,5,r496_c256_z100,active,256.0,496.0,100.0,0.64705884,0.62585735,0.12,0.0
proposed_v2_c,5,r256_c320_z110,active,320.0,256.0,110.0,0.64705884,0.63180506,0.8,0.0
proposed_v2_c,5,r448_c496_z130,active,496.0,448.0,130.0,0.6431373,0.62058675,0.0,0.0
proposed_v2_c,5,r256_c384_z110,active,384.0,256.0,110.0,0.654902,0.63385487,0.24,0.0
proposed_v2_c,5,r496_c352_z120,active,352.0,496.0,120.0,0.6431373,0.6196763,1.0,0.0
proposed_v2_j,0,r240_c32_z100,initial,32.0,240.0,100.0,0.63529414,0.6313318,0.0,0.0
proposed_v2_j,0,r304_c256_z110,initial,256.0,304.0,110.0,0.6509804,0.6377591,0.8,0.0
proposed_v2_j,0,r208_c160_z110,initial,160.0,208.0,110.0,0.6509804,0.62954664,0.0,0.0
proposed_v2_j,0,r128_c368_z110,initial,368.0,128.0,110.0,0.6509804,0.63548833,0.2,0.0
proposed_v2_j,0,r368_c208_z130,initial,208.0,368.0,130.0,0.6431373,0.6351592,0.12,0.0
proposed_v2_j,0,r320_c496_z120,initial,496.0,320.0,120.0,0.6509804,0.6248631,0.0,0.0006291946
proposed_v2_j,0,r368_c96_z110,initial,96.0,368.0,110.0,0.654902,0.6404708,0.0,0.0
proposed_v2_j,0,r240_c384_z120,initial,384.0,240.0,120.0,0.6509804,0.6311829,0.24,0.0
proposed_v2_j,0,r64_c224_z130,initial,224.0,64.0,130.0,0.6431373,0.6295667,0.32,0.0
proposed_v2_j,0,r192_c32_z130,initial,32.0,192.0,130.0,0.6431373,0.628325,0.0,0.0006291946
proposed_v2_j,0,r496_c208_z130,initial,208.0,496.0,130.0,0.6392157,0.6227197,0.0,0.0
proposed_v2_j,0,r208_c240_z120,initial,240.0,208.0,120.0,0.64705884,0.62746197,0.2,0.0
proposed_v2_j,0,r240_c432_z130,initial,432.0,240.0,130.0,0.64705884,0.62672764,0.0,0.0
proposed_v2_j,0,r64_c0_z120,initial,0.0,64.0,120.0,0.627451,0.61874074,0.0,0.0
proposed_v2_j,0,r144_c176_z130,initial,176.0,144.0,130.0,0.6431373,0.62786317,0.92,0.0
proposed_v2_j,0,r448_c0_z120,initial,0.0,448.0,120.0,0.64705884,0.62637913,0.0,0.0
proposed_v2_j,0,r416_c496_z130,initial,496.0,416.0,130.0,0.6392157,0.6224537,0.0,0.0
proposed_v2_j,0,r112_c272_z130,initial,272.0,112.0,130.0,0.64705884,0.626613,0.76,0.0
proposed_v2_j,0,r304_c240_z120,initial,240.0,304.0,120.0,0.6509804,0.6380841,0.64,0.0
proposed_v2_j,0,r256_c48_z100,initial,48.0,256.0,100.0,0.6431373,0.6334146,0.0,0.0
proposed_v2_j,0,r384_c480_z100,initial,480.0,384.0,100.0,0.654902,0.6261505,0.76,0.0
proposed_v2_j,0,r352_c464_z110,initial,464.0,352.0,110.0,0.654902,0.6281112,1.0,0.0006291946
proposed_v2_j,0,r320_c64_z120,initial,64.0,320.0,120.0,0.64705884,0.6377163,0.04,0.0
proposed_v2_j,0,r208_c240_z100,initial,240.0,208.0,100.0,0.654902,0.6288754,0.2,0.0
proposed_v2_j,0,r160_c208_z110,initial,208.0,160.0,110.0,0.6509804,0.6311261,0.24,0.0
proposed_v2_j,0,r496_c464_z110,initial,464.0,496.0,110.0,0.6313726,0.6161498,0.0,0.0
proposed_v2_j,0,r480_c64_z130,initial,64.0,480.0,130.0,0.6392157,0.62165666,0.0,0.0
proposed_v2_j,0,r48_c272_z110,initial,272.0,48.0,110.0,0.6509804,0.6339888,1.0,0.0
proposed_v2_j,0,r400_c208_z110,initial,208.0,400.0,110.0,0.6509804,0.633617,0.24,0.0006291946
proposed_v2_j,0,r352_c432_z110,initial,432.0,352.0,110.0,0.64705884,0.6278518,0.24,0.0006291946
proposed_v2_j,0,r176_c208_z100,initial,208.0,176.0,100.0,0.6509804,0.63124746,0.0,0.0
proposed_v2_j,0,r400_c384_z120,initial,384.0,400.0,120.0,0.64705884,0.6242475,0.32,0.0006291946
proposed_v2_j,0,r64_c192_z100,initial,192.0,64.0,100.0,0.654902,0.63060313,1.0,0.0006291946
proposed_v2_j,0,r464_c304_z120,initial,304.0,464.0,120.0,0.6509804,0.6249385,0.04,0.0006291946
proposed_v2_j,0,r304_c480_z100,initial,480.0,304.0,100.0,0.6509804,0.63201165,1.0,0.0006291946
proposed_v2_j,0,r384_c80_z120,initial,80.0,384.0,120.0,0.6509804,0.6402904,0.32,0.0
proposed_v2_j,0,r208_c304_z120,initial,304.0,208.0,120.0,0.6509804,0.63155174,0.2,0.0
proposed_v2_j,0,r304_c480_z130,initial,480.0,304.0,130.0,0.6431373,0.6252048,1.0,0.0006291946
proposed_v2_j,0,r384_c336_z120,initial,336.0,384.0,120.0,0.6509804,0.6329618,0.04,0.0006291946
proposed_v2_j,0,r304_c240_z110,initial,240.0,304.0,110.0,0.654902,0.6381485,0.64,0.0
proposed_v2_j,0,r432_c64_z120,initial,64.0,432.0,120.0,0.64705884,0.635173,0.0,0.0
proposed_v2_j,0,r160_c432_z100,initial,432.0,160.0,100.0,0.65882355,0.63393974,0.0,0.0
proposed_v2_j,0,r320_c496_z110,initial,496.0,320.0,110.0,0.654902,0.6256395,0.0,0.0006291946
proposed_v2_j,0,r256_c128_z110,initial,128.0,256.0,110.0,0.6509804,0.6341172,0.88,0.0
proposed_v2_j,0,r400_c176_z110,initial,176.0,400.0,110.0,0.6509804,0.6359129,0.56,0.0012583892
proposed_v2_j,0,r128_c272_z130,initial,272.0,128.0,130.0,0.64705884,0.6261245,0.2,0.0
proposed_v2_j,0,r368_c0_z110,initial,0.0,368.0,110.0,0.64705884,0.63724476,0.0,0.0
proposed_v2_j,0,r368_c96_z120,initial,96.0,368.0,120.0,0.64705884,0.6397181,0.0,0.0
proposed_v2_j,0,r64_c80_z130,initial,80.0,64.0,130.0,0.6431373,0.6276759,0.52,0.0
proposed_v2_j,0,r288_c32_z120,initial,32.0,288.0,120.0,0.6392157,0.63468546,0.04,0.0
proposed_v2_j,0,r64_c336_z100,initial,336.0,64.0,100.0,0.6509804,0.637214,0.0,0.0
proposed_v2_j,0,r320_c368_z110,initial,368.0,320.0,110.0,0.654902,0.6330209,0.0,0.0
proposed_v2_j,0,r208_c480_z130,initial,480.0,208.0,130.0,0.6431373,0.6253274,0.48,0.0
proposed_v2_j,0,r176_c448_z120,initial,448.0,176.0,120.0,0.64705884,0.6275907,0.0,0.0
proposed_v2_j,0,r384_c272_z120,initial,272.0,384.0,120.0,0.6509804,0.6360237,0.48,0.0
proposed_v2_j,0,r96_c416_z110,initial,416.0,96.0,110.0,0.654902,0.6307809,0.0,0.0
proposed_v2_j,0,r448_c64_z100,initial,64.0,448.0,100.0,0.654902,0.63510525,1.0,0.0
proposed_v2_j,0,r240_c320_z100,initial,320.0,240.0,100.0,0.6509804,0.6312521,0.2,0.0
proposed_v2_j,0,r32_c336_z110,initial,336.0,32.0,110.0,0.6509804,0.6282641,0.88,0.0
proposed_v2_j,0,r400_c272_z120,initial,272.0,400.0,120.0,0.64705884,0.63562065,0.0,0.0006291946
proposed_v2_j,0,r112_c448_z130,initial,448.0,112.0,130.0,0.64705884,0.62625843,0.0,0.0
proposed_v2_j,0,r352_c128_z110,initial,128.0,352.0,110.0,0.654902,0.63924235,0.0,0.0
proposed_v2_j,0,r432_c384_z120,initial,384.0,432.0,120.0,0.6509804,0.6216793,0.4,0.0
proposed_v2_j,0,r128_c480_z110,initial,480.0,128.0,110.0,0.6509804,0.6227231,0.12,0.0
proposed_v2_j,0,r480_c336_z110,initial,336.0,480.0,110.0,0.6509804,0.6228546,0.0,0.0
proposed_v2_j,0,r496_c144_z110,initial,144.0,496.0,110.0,0.654902,0.62470496,0.0,0.0
proposed_v2_j,0,r416_c496_z110,initial,496.0,416.0,110.0,0.64705884,0.62375,0.0,0.0
proposed_v2_j,0,r352_c48_z120,initial,48.0,352.0,120.0,0.64705884,0.63791233,0.0,0.0
proposed_v2_j,0,r48_c448_z100,initial,448.0,48.0,100.0,0.654902,0.6242431,0.0,0.0
proposed_v2_j,0,r320_c352_z130,initial,352.0,320.0,130.0,0.6431373,0.6303287,0.24,0.0
proposed_v2_j,0,r128_c400_z130,initial,400.0,128.0,130.0,0.6431373,0.62937486,0.56,0.0
proposed_v2_j,0,r256_c288_z110,initial,288.0,256.0,110.0,0.6509804,0.6307137,0.0,0.0
proposed_v2_j,0,r16_c240_z130,initial,240.0,16.0,130.0,0.63529414,0.62935233,0.0,0.0
proposed_v2_j,0,r368_c224_z100,initial,224.0,368.0,100.0,0.65882355,0.6372598,0.0,0.0006291946
proposed_v2_j,0,r272_c464_z130,initial,464.0,272.0,130.0,0.64705884,0.6268373,0.04,0.0006291946
proposed_v2_j,0,r192_c464_z130,initial,464.0,192.0,130.0,0.64705884,0.6256807,0.0,0.0
proposed_v2_j,0,r496_c0_z130,initial,0.0,496.0,130.0,0.627451,0.62064946,0.0,0.0
proposed_v2_j,0,r96_c224_z110,initial,224.0,96.0,110.0,0.64705884,0.63128704,0.12,0.0
proposed_v2_j,0,r96_c240_z120,initial,240.0,96.0,120.0,0.64705884,0.62938094,0.0,0.0
proposed_v2_j,0,r176_c304_z110,initial,304.0,176.0,110.0,0.6509804,0.6338386,0.6,0.0
proposed_v2_j,0,r464_c256_z100,initial,256.0,464.0,100.0,0.654902,0.62854475,0.0,0.0
proposed_v2_j,0,r448_c320_z130,initial,320.0,448.0,130.0,0.6431373,0.62394506,0.52,0.0006291946
proposed_v2_j,0,r176_c384_z110,initial,384.0,176.0,110.0,0.64705884,0.6343779,0.4,0.0
proposed_v2_j,0,r176_c336_z130,initial,336.0,176.0,130.0,0.64705884,0.6312671,0.12,0.0
proposed_v2_j,0,r432_c48_z110,initial,48.0,432.0,110.0,0.6509804,0.63596994,0.0,0.0
proposed_v2_j,0,r432_c416_z130,initial,416.0,432.0,130.0,0.6431373,0.61998564,0.28,0.0
proposed_v2_j,0,r304_c48_z120,initial,48.0,304.0,120.0,0.6509804,0.63549703,0.0,0.0
proposed_v2_j,0,r416_c272_z110,initial,272.0,416.0,110.0,0.6509804,0.63508713,0.08,0.0006291946
proposed_v2_j,0,r176_c240_z100,initial,240.0,176.0,100.0,0.654902,0.62948304,0.32,0.0
proposed_v2_j,0,r48_c112_z130,initial,112.0,48.0,130.0,0.6431373,0.6272068,0.96,0.0
proposed_v2_j,0,r416_c48_z110,initial,48.0,416.0,110.0,0.6509804,0.6382716,0.04,0.0
proposed_v2_j,0,r432_c16_z100,initial,16.0,432.0,100.0,0.654902,0.63292694,1.0,0.0
proposed_v2_j,0,r304_c416_z110,initial,416.0,304.0,110.0,0.6509804,0.63014543,0.0,0.0006291946
proposed_v2_j,0,r144_c224_z100,initial,224.0,144.0,100.0,0.65882355,0.6304876,0.0,0.0
proposed_v2_j,0,r144_c480_z100,initial,480.0,144.0,100.0,0.65882355,0.6271732,1.0,0.0
proposed_v2_j,0,r32_c448_z100,initial,448.0,32.0,100.0,0.654902,0.623035,0.0,0.0
proposed_v2_j,0,r64_c384_z130,initial,384.0,64.0,130.0,0.64705884,0.6252906,0.0,0.0
proposed_v2_j,0,r352_c496_z130,initial,496.0,352.0,130.0,0.64705884,0.62441367,0.0,0.0
proposed_v2_j,0,r304_c192_z100,initial,192.0,304.0,100.0,0.654902,0.63714886,0.72,0.0
proposed_v2_j,0,r304_c416_z120,initial,416.0,304.0,120.0,0.6509804,0.62860715,0.0,0.0006291946
proposed_v2_j,0,r112_c16_z120,initial,16.0,112.0,120.0,0.6431373,0.62470734,0.0,0.0006291946
proposed_v2_j,0,r176_c144_z100,initial,144.0,176.0,100.0,0.654902,0.6335267,0.0,0.0
proposed_v2_j,0,r496_c160_z110,initial,160.0,496.0,110.0,0.64705884,0.6248448,0.0,0.0
proposed_v2_j,0,r16_c336_z130,initial,336.0,16.0,130.0,0.64705884,0.62326044,0.0,0.0
proposed_v2_j,0,r368_c288_z120,initial,288.0,368.0,120.0,0.6509804,0.6367072,0.0,0.0
proposed_v2_j,0,r368_c48_z110,initial,48.0,368.0,110.0,0.6509804,0.6396495,0.0,0.0
proposed_v2_j,0,r48_c464_z110,initial,464.0,48.0,110.0,0.64705884,0.62229806,0.0,0.0
proposed_v2_j,0,r480_c80_z120,initial,80.0,480.0,120.0,0.6431373,0.62306696,0.36,0.0
proposed_v2_j,0,r352_c80_z110,initial,80.0,352.0,110.0,0.6509804,0.6403112,0.0,0.0
proposed_v2_j,0,r320_c144_z100,initial,144.0,320.0,100.0,0.654902,0.63880575,0.4,0.0
proposed_v2_j,0,r240_c320_z120,initial,320.0,240.0,120.0,0.64705884,0.6301548,0.2,0.0
proposed_v2_j,0,r480_c384_z100,initial,384.0,480.0,100.0,0.6509804,0.6190834,0.0,0.0
proposed_v2_j,0,r176_c160_z110,initial,160.0,176.0,110.0,0.654902,0.6311915,0.52,0.0
proposed_v2_j,0,r112_c176_z100,initial,176.0,112.0,100.0,0.6509804,0.6334877,0.6,0.0
proposed_v2_j,0,r320_c160_z120,initial,160.0,320.0,120.0,0.64705884,0.6383803,0.0,0.0
proposed_v2_j,0,r368_c288_z130,initial,288.0,368.0,130.0,0.64705884,0.63571715,0.0,0.0
proposed_v2_j,0,r16_c496_z110,initial,496.0,16.0,110.0,0.627451,0.62135756,0.0,0.0
proposed_v2_j,0,r80_c256_z120,initial,256.0,80.0,120.0,0.6509804,0.63048553,0.0,0.0
proposed_v2_j,0,r368_c176_z130,initial,176.0,368.0,130.0,0.6431373,0.6368075,0.28,0.0
proposed_v2_j,0,r464_c432_z100,initial,432.0,464.0,100.0,0.654902,0.61867213,0.0,0.0
proposed_v2_j,0,r304_c16_z100,initial,16.0,304.0,100.0,0.65882355,0.6364225,0.0,0.0
proposed_v2_j,0,r256_c0_z130,initial,0.0,256.0,130.0,0.6313726,0.63128245,0.0,0.0
proposed_v2_j,0,r32_c256_z130,initial,256.0,32.0,130.0,0.64705884,0.6290823,0.0,0.0
proposed_v2_j,0,r368_c16_z110,initial,16.0,368.0,110.0,0.6509804,0.63757133,0.0,0.0
proposed_v2_j,0,r272_c256_z100,initial,256.0,272.0,100.0,0.65882355,0.6345468,0.6,0.0
proposed_v2_j,0,r80_c192_z100,initial,192.0,80.0,100.0,0.654902,0.63046706,0.16,0.0006291946
proposed_v2_j,0,r128_c80_z120,initial,80.0,128.0,120.0,0.6509804,0.6301841,0.72,0.0006291946
proposed_v2_j,0,r256_c208_z120,initial,208.0,256.0,120.0,0.64705884,0.6321063,0.0,0.0
proposed_v2_j,0,r96_c160_z120,initial,160.0,96.0,120.0,0.6509804,0.6275679,0.36,0.0006291946
proposed_v2_j,0,r112_c416_z100,initial,416.0,112.0,100.0,0.654902,0.63361067,0.0,0.0
proposed_v2_j,0,r0_c96_z120,initial,96.0,0.0,120.0,0.6313726,0.6269776,0.0,0.0
proposed_v2_j,0,r384_c272_z100,initial,272.0,384.0,100.0,0.654902,0.6371796,0.48,0.0
proposed_v2_j,0,r288_c272_z130,initial,272.0,288.0,130.0,0.64705884,0.63542527,0.52,0.0
proposed_v2_j,0,r208_c144_z110,initial,144.0,208.0,110.0,0.6509804,0.6299537,0.04,0.0006291946
proposed_v2_j,0,r128_c144_z110,initial,144.0,128.0,110.0,0.6509804,0.63274235,0.24,0.0
proposed_v2_j,0,r496_c64_z110,initial,64.0,496.0,110.0,0.6392157,0.6225457,0.0,0.0
proposed_v2_j,0,r80_c304_z120,initial,304.0,80.0,120.0,0.64705884,0.6317767,0.0,0.0
proposed_v2_j,0,r464_c80_z110,initial,80.0,464.0,110.0,0.64705884,0.629168,0.04,0.0
proposed_v2_j,0,r320_c256_z100,initial,256.0,320.0,100.0,0.654902,0.6377405,1.0,0.0
proposed_v2_j,0,r464_c80_z120,initial,80.0,464.0,120.0,0.64705884,0.6272073,0.04,0.0
proposed_v2_j,0,r496_c368_z110,initial,368.0,496.0,110.0,0.64705884,0.6190571,0.8,0.0
proposed_v2_j,0,r416_c352_z110,initial,352.0,416.0,110.0,0.6509804,0.62760425,0.96,0.0006291946
proposed_v2_j,0,r496_c432_z120,initial,432.0,496.0,120.0,0.6392157,0.6172827,0.0,0.0
proposed_v2_j,0,r288_c400_z110,initial,400.0,288.0,110.0,0.654902,0.63321507,0.72,0.0
proposed_v2_j,0,r224_c112_z120,initial,112.0,224.0,120.0,0.64705884,0.63086194,0.36,0.0006291946
proposed_v2_j,0,r176_c96_z100,initial,96.0,176.0,100.0,0.654902,0.6342409,0.56,0.0006291946
proposed_v2_j,0,r96_c128_z110,initial,128.0,96.0,110.0,0.654902,0.63018996,0.4,0.0006291946
proposed_v2_j,0,r128_c176_z100,initial,176.0,128.0,100.0,0.6509804,0.6341127,0.4,0.0
proposed_v2_j,0,r224_c416_z120,initial,416.0,224.0,120.0,0.64705884,0.630835,0.64,0.0
proposed_v2_j,0,r224_c176_z100,initial,176.0,224.0,100.0,0.6509804,0.630572,1.0,0.0
proposed_v2_j,0,r496_c464_z130,initial,464.0,496.0,130.0,0.6313726,0.6171481,0.0,0.0
proposed_v2_j,0,r272_c128_z110,initial,128.0,272.0,110.0,0.6509804,0.6358836,0.52,0.0
proposed_v2_j,0,r336_c80_z100,initial,80.0,336.0,100.0,0.654902,0.6403662,0.08,0.0
proposed_v2_j,0,r112_c96_z130,initial,96.0,112.0,130.0,0.64705884,0.6271479,0.56,0.0006291946
proposed_v2_j,0,r352_c160_z100,initial,160.0,352.0,100.0,0.65882355,0.6394358,0.12,0.0
proposed_v2_j,0,r0_c464_z100,initial,464.0,0.0,100.0,0.627451,0.6220014,0.0,0.0
proposed_v2_j,0,r368_c496_z100,initial,496.0,368.0,100.0,0.654902,0.6265488,0.0,0.0
proposed_v2_j,0,r352_c160_z110,initial,160.0,352.0,110.0,0.654902,0.6395123,0.12,0.0
proposed_v2_j,0,r96_c16_z120,initial,16.0,96.0,120.0,0.6431373,0.6214219,0.0,0.0
proposed_v2_j,0,r32_c416_z120,initial,416.0,32.0,120.0,0.64705884,0.62364286,0.0,0.0
proposed_v2_j,0,r160_c240_z100,initial,240.0,160.0,100.0,0.65882355,0.6303052,0.32,0.0
proposed_v2_j,0,r0_c32_z130,initial,32.0,0.0,130.0,0.62352943,0.6234064,0.0,0.0
proposed_v2_j,0,r208_c416_z110,initial,416.0,208.0,110.0,0.6509804,0.63365895,0.0,0.0
proposed_v2_j,0,r176_c160_z130,initial,160.0,176.0,130.0,0.64705884,0.6270339,0.52,0.0
proposed_v2_j,0,r448_c448_z120,initial,448.0,448.0,120.0,0.6509804,0.62224305,1.0,0.0
proposed_v2_j,0,r48_c256_z130,initial,256.0,48.0,130.0,0.64705884,0.6286597,1.0,0.0
proposed_v2_j,0,r416_c480_z110,initial,480.0,416.0,110.0,0.6509804,0.6243492,0.0,0.0
proposed_v2_j,0,r224_c96_z110,initial,96.0,224.0,110.0,0.654902,0.63099366,0.0,0.0006291946
proposed_v2_j,0,r240_c192_z120,initial,192.0,240.0,120.0,0.64705884,0.6322346,0.0,0.0
proposed_v2_j,0,r272_c192_z130,initial,192.0,272.0,130.0,0.64705884,0.6331011,0.0,0.0
proposed_v2_j,0,r304_c32_z120,initial,32.0,304.0,120.0,0.64705884,0.6355326,0.0,0.0
proposed_v2_j,0,r416_c272_z130,initial,272.0,416.0,130.0,0.64705884,0.6332171,0.08,0.0006291946
proposed_v2_j,0,r336_c32_z120,initial,32.0,336.0,120.0,0.64705884,0.6363174,0.96,0.0
proposed_v2_j,0,r112_c96_z120,initial,96.0,112.0,120.0,0.64705884,0.6298213,0.56,0.0006291946
proposed_v2_j,0,r96_c480_z120,initial,480.0,96.0,120.0,0.6431373,0.6220645,0.0,0.0
proposed_v2_j,0,r480_c224_z100,initial,224.0,480.0,100.0,0.6431373,0.62816954,0.0,0.0
proposed_v2_j,0,r384_c416_z110,initial,416.0,384.0,110.0,0.654902,0.6258294,0.2,0.0006291946
proposed_v2_j,0,r336_c208_z110,initial,208.0,336.0,110.0,0.6509804,0.6378777,0.8,0.0
proposed_v2_j,0,r80_c48_z110,initial,48.0,80.0,110.0,0.6509804,0.6276998,0.0,0.0
proposed_v2_j,0,r112_c208_z130,initial,208.0,112.0,130.0,0.64705884,0.62590295,0.08,0.0
proposed_v2_j,0,r432_c432_z100,initial,432.0,432.0,100.0,0.654902,0.62215364,0.24,0.0
proposed_v2_j,0,r272_c208_z100,initial,208.0,272.0,100.0,0.65882355,0.6332985,0.2,0.0
proposed_v2_j,0,r32_c144_z130,initial,144.0,32.0,130.0,0.64705884,0.6253584,0.0,0.0
proposed_v2_j,0,r112_c368_z130,initial,368.0,112.0,130.0,0.64705884,0.63037455,0.16,0.0
proposed_v2_j,0,r48_c208_z120,initial,208.0,48.0,120.0,0.6392157,0.632088,0.8,0.0006291946
proposed_v2_j,0,r64_c0_z130,initial,0.0,64.0,130.0,0.627451,0.61677504,0.0,0.0
proposed_v2_j,0,r80_c304_z130,initial,304.0,80.0,130.0,0.6431373,0.6285355,0.0,0.0
proposed_v2_j,0,r176_c192_z100,initial,192.0,176.0,100.0,0.6509804,0.63152146,0.0,0.0
proposed_v2_j,0,r192_c32_z100,initial,32.0,192.0,100.0,0.6509804,0.632517,0.0,0.0006291946
proposed_v2_j,0,r496_c320_z120,initial,320.0,496.0,120.0,0.6392157,0.62163067,1.0,0.0
proposed_v2_j,0,r16_c496_z130,initial,496.0,16.0,130.0,0.627451,0.62082833,0.0,0.0
proposed_v2_j,0,r368_c0_z120,initial,0.0,368.0,120.0,0.64705884,0.63599974,0.0,0.0
proposed_v2_j,0,r96_c304_z130,initial,304.0,96.0,130.0,0.6431373,0.6297477,0.0,0.0
proposed_v2_j,0,r496_c496_z120,initial,496.0,496.0,120.0,0.6313726,0.61673385,0.0,0.0
proposed_v2_j,0,r320_c96_z130,initial,96.0,320.0,130.0,0.64705884,0.63740647,0.36,0.0
proposed_v2_j,0,r464_c96_z130,initial,96.0,464.0,130.0,0.64705884,0.6263251,0.24,0.0
proposed_v2_j,0,r496_c256_z120,initial,256.0,496.0,120.0,0.6431373,0.6237978,0.12,0.0
proposed_v2_j,0,r224_c416_z110,initial,416.0,224.0,110.0,0.6509804,0.63324475,0.64,0.0
proposed_v2_j,0,r32_c432_z110,initial,432.0,32.0,110.0,0.6509804,0.6232435,0.0,0.0
proposed_v2_j,0,r192_c432_z110,initial,432.0,192.0,110.0,0.6509804,0.63035744,0.0,0.0
proposed_v2_j,0,r240_c496_z100,initial,496.0,240.0,100.0,0.64705884,0.6266561,0.0,0.0006291946
proposed_v2_j,0,r400_c272_z110,initial,272.0,400.0,110.0,0.6509804,0.6361859,0.0,0.0006291946
proposed_v2_j,0,r496_c368_z130,initial,368.0,496.0,130.0,0.6431373,0.6178713,0.8,0.0
proposed_v2_j,0,r304_c352_z120,initial,352.0,304.0,120.0,0.6431373,0.63257486,0.2,0.0
proposed_v2_j,0,r464_c192_z110,initial,192.0,464.0,110.0,0.654902,0.6279545,0.0,0.0
proposed_v2_j,1,r432_c144_z100,active,144.0,432.0,100.0,0.654902,0.6342585,0.6,0.0012583892
proposed_v2_j,1,r432_c144_z120,active,144.0,432.0,120.0,0.6509804,0.6330254,0.6,0.0012583892
proposed_v2_j,1,r352_c352_z100,active,352.0,352.0,100.0,0.6509804,0.6318325,0.96,0.0006291946
proposed_v2_j,1,r432_c144_z110,active,144.0,432.0,110.0,0.6509804,0.6336953,0.6,0.0012583892
proposed_v2_j,1,r208_c32_z120,active,32.0,208.0,120.0,0.6431373,0.62951005,0.96,0.0006291946
proposed_v2_j,1,r352_c416_z130,active,416.0,352.0,130.0,0.6431373,0.6244857,1.0,0.0006291946
proposed_v2_j,1,r48_c176_z110,active,176.0,48.0,110.0,0.6509804,0.6289008,1.0,0.0006291946
proposed_v2_j,1,r256_c480_z110,active,480.0,256.0,110.0,0.6509804,0.6278798,1.0,0.0006291946
proposed_v2_j,1,r256_c480_z120,active,480.0,256.0,120.0,0.6509804,0.6270218,1.0,0.0006291946
proposed_v2_j,1,r368_c464_z120,active,464.0,368.0,120.0,0.6509804,0.6268826,1.0,0.0006291946
proposed_v2_j,1,r352_c416_z100,active,416.0,352.0,100.0,0.65882355,0.6272091,1.0,0.0006291946
proposed_v2_j,1,r208_c32_z110,active,32.0,208.0,110.0,0.6431373,0.63067424,0.96,0.0006291946
proposed_v2_j,1,r400_c176_z100,active,176.0,400.0,100.0,0.654902,0.6361853,0.56,0.0012583892
proposed_v2_j,1,r416_c320_z100,active,320.0,416.0,100.0,0.654902,0.63129574,1.0,0.0006291946
proposed_v2_j,1,r272_c432_z100,active,432.0,272.0,100.0,0.65882355,0.6339191,1.0,0.0006291946
proposed_v2_j,1,r400_c176_z120,active,176.0,400.0,120.0,0.6509804,0.6351518,0.56,0.0012583892
proposed_v2_j,1,r448_c160_z130,active,160.0,448.0,130.0,0.6431373,0.6281339,0.96,0.0006291946
proposed_v2_j,1,r448_c352_z100,active,352.0,448.0,100.0,0.654902,0.6246085,1.0,0.0006291946
proposed_v2_j,1,r400_c224_z120,active,224.0,400.0,120.0,0.6509804,0.63327277,1.0,0.0006291946
proposed_v2_j,1,r192_c96_z130,active,96.0,192.0,130.0,0.64705884,0.62839305,0.92,0.0006291946
proposed_v2_j,1,r352_c416_z120,active,416.0,352.0,120.0,0.64705884,0.62544733,1.0,0.0006291946
proposed_v2_j,1,r400_c320_z130,active,320.0,400.0,130.0,0.64705884,0.63170904,1.0,0.0006291946
proposed_v2_j,1,r448_c352_z120,active,352.0,448.0,120.0,0.6509804,0.6232923,1.0,0.0006291946
proposed_v2_j,1,r240_c112_z100,active,112.0,240.0,100.0,0.65882355,0.63243777,0.92,0.0006291946
proposed_v2_j,1,r448_c352_z110,active,352.0,448.0,110.0,0.654902,0.62398005,1.0,0.0006291946
proposed_v2_j,1,r368_c352_z110,active,352.0,368.0,110.0,0.6509804,0.63235515,0.96,0.0006291946
proposed_v2_j,1,r448_c352_z130,active,352.0,448.0,130.0,0.64705884,0.6222682,1.0,0.0006291946
proposed_v2_j,1,r224_c48_z130,active,48.0,224.0,130.0,0.6392157,0.6293261,1.0,0.0006291946
proposed_v2_j,1,r368_c464_z130,active,464.0,368.0,130.0,0.6431373,0.6235055,1.0,0.0006291946
proposed_v2_j,1,r400_c224_z130,active,224.0,400.0,130.0,0.64705884,0.6319504,1.0,0.0006291946
proposed_v2_j,1,r368_c352_z130,active,352.0,368.0,130.0,0.6431373,0.6310514,0.96,0.0006291946
proposed_v2_j,1,r352_c464_z100,active,464.0,352.0,100.0,0.654902,0.62829775,1.0,0.0006291946
proposed_v2_j,1,r48_c176_z130,active,176.0,48.0,130.0,0.6431373,0.62694097,1.0,0.0006291946
proposed_v2_j,1,r112_c32_z100,active,32.0,112.0,100.0,0.654902,0.6312184,0.8,0.0006291946
proposed_v2_j,1,r160_c80_z110,active,80.0,160.0,110.0,0.654902,0.63376,0.8,0.0006291946
proposed_v2_j,1,r400_c320_z110,active,320.0,400.0,110.0,0.654902,0.6331898,1.0,0.0006291946
proposed_v2_j,1,r272_c432_z110,active,432.0,272.0,110.0,0.6509804,0.63260835,1.0,0.0006291946
proposed_v2_j,1,r272_c432_z120,active,432.0,272.0,120.0,0.6509804,0.6309722,1.0,0.0006291946
proposed_v2_j,1,r416_c320_z120,active,320.0,416.0,120.0,0.6509804,0.6304139,1.0,0.0006291946
proposed_v2_j,1,r48_c176_z120,active,176.0,48.0,120.0,0.6509804,0.62837976,1.0,0.0006291946
proposed_v2_j,1,r288_c480_z120,active,480.0,288.0,120.0,0.64705884,0.628241,1.0,0.0006291946
proposed_v2_j,1,r288_c480_z110,active,480.0,288.0,110.0,0.64705884,0.63033354,1.0,0.0006291946
proposed_v2_j,1,r32_c96_z100,active,96.0,32.0,100.0,0.6392157,0.6284906,1.0,0.0
proposed_v2_j,1,r112_c32_z130,active,32.0,112.0,130.0,0.64705884,0.6257194,0.8,0.0006291946
proposed_v2_j,1,r272_c432_z130,active,432.0,272.0,130.0,0.64705884,0.62879723,1.0,0.0006291946
proposed_v2_j,1,r192_c112_z110,active,112.0,192.0,110.0,0.6509804,0.63197565,0.96,0.0006291946
proposed_v2_j,1,r400_c224_z100,active,224.0,400.0,100.0,0.65882355,0.6352843,1.0,0.0006291946
proposed_v2_j,1,r256_c496_z130,active,496.0,256.0,130.0,0.63529414,0.62449455,0.96,0.0006291946
proposed_v2_j,1,r176_c48_z110,active,48.0,176.0,110.0,0.6509804,0.63348204,0.96,0.0006291946
proposed_v2_j,1,r176_c48_z120,active,48.0,176.0,120.0,0.64705884,0.63173884,0.96,0.0006291946
proposed_v2_j,1,r352_c352_z120,active,352.0,352.0,120.0,0.64705884,0.6318992,0.96,0.0006291946
proposed_v2_j,1,r416_c352_z100,active,352.0,416.0,100.0,0.654902,0.6275842,0.96,0.0006291946
proposed_v2_j,1,r416_c352_z130,active,352.0,416.0,130.0,0.64705884,0.6258663,0.96,0.0006291946
proposed_v2_j,1,r192_c112_z120,active,112.0,192.0,120.0,0.6509804,0.6301316,0.96,0.0006291946
proposed_v2_j,1,r416_c352_z120,active,352.0,416.0,120.0,0.6509804,0.62679636,0.96,0.0006291946
proposed_v2_j,1,r112_c112_z100,active,112.0,112.0,100.0,0.654902,0.63403034,0.72,0.0006291946
proposed_v2_j,1,r352_c480_z120,active,480.0,352.0,120.0,0.6509804,0.6270247,1.0,0.0006291946
proposed_v2_j,1,r208_c112_z100,active,112.0,208.0,100.0,0.6509804,0.631167,0.44,0.0012583892
proposed_v2_j,1,r336_c480_z130,active,480.0,336.0,130.0,0.64705884,0.62463975,1.0,0.0006291946
proposed_v2_j,1,r224_c48_z100,active,48.0,224.0,100.0,0.6392157,0.6306057,1.0,0.0006291946
proposed_v2_j,1,r224_c48_z110,active,48.0,224.0,110.0,0.6392157,0.6301308,1.0,0.0006291946
proposed_v2_j,1,r224_c48_z120,active,48.0,224.0,120.0,0.6392157,0.62964976,1.0,0.0006291946
proposed_v2_j,1,r256_c480_z100,active,480.0,256.0,100.0,0.654902,0.6308389,1.0,0.0006291946
proposed_v2_j,1,r336_c480_z110,active,480.0,336.0,110.0,0.654902,0.6277367,1.0,0.0006291946
proposed_v2_j,1,r336_c480_z100,active,480.0,336.0,100.0,0.65882355,0.62892634,1.0,0.0006291946
proposed_v2_j,1,r48_c176_z100,active,176.0,48.0,100.0,0.6509804,0.6310985,1.0,0.0006291946
proposed_v2_j,1,r64_c192_z110,active,192.0,64.0,110.0,0.654902,0.6302549,1.0,0.0006291946
proposed_v2_j,1,r64_c192_z120,active,192.0,64.0,120.0,0.6509804,0.6295505,1.0,0.0006291946
proposed_v2_j,1,r64_c192_z130,active,192.0,64.0,130.0,0.6431373,0.62816656,1.0,0.0006291946
proposed_v2_j,1,r352_c256_z110,active,256.0,352.0,110.0,0.6509804,0.6376595,0.8,0.0006291946
proposed_v2_j,1,r352_c400_z110,active,400.0,352.0,110.0,0.6509804,0.6282801,0.92,0.0006291946
proposed_v2_j,1,r448_c160_z100,active,160.0,448.0,100.0,0.65882355,0.63015425,0.96,0.0006291946
proposed_v2_j,1,r368_c464_z110,active,464.0,368.0,110.0,0.6509804,0.6279698,1.0,0.0006291946
proposed_v2_j,1,r384_c256_z130,active,256.0,384.0,130.0,0.64705884,0.6349507,0.88,0.0006291946
proposed_v2_j,1,r80_c144_z130,active,144.0,80.0,130.0,0.64705884,0.6247813,0.8,0.0006291946
proposed_v2_j,1,r448_c160_z110,active,160.0,448.0,110.0,0.6509804,0.6297977,0.96,0.0006291946
proposed_v2_j,1,r384_c384_z100,active,384.0,384.0,100.0,0.65882355,0.62834704,0.8,0.0006291946
proposed_v2_j,1,r448_c160_z120,active,160.0,448.0,120.0,0.6509804,0.629126,0.96,0.0006291946
proposed_v2_j,1,r352_c464_z130,active,464.0,352.0,130.0,0.64705884,0.62470454,1.0,0.0006291946
proposed_v2_j,1,r176_c48_z100,active,48.0,176.0,100.0,0.654902,0.63425094,0.96,0.0006291946
proposed_v2_j,1,r352_c480_z110,active,480.0,352.0,110.0,0.654902,0.6279241,1.0,0.0006291946
proposed_v2_j,1,r368_c464_z100,active,464.0,368.0,100.0,0.654902,0.62735444,1.0,0.0006291946
proposed_v2_j,2,r352_c464_z120,active,464.0,352.0,120.0,0.64705884,0.62717736,1.0,0.0006291946
proposed_v2_j,2,r416_c320_z130,active,320.0,416.0,130.0,0.64705884,0.62964183,1.0,0.0006291946
proposed_v2_j,2,r416_c320_z110,active,320.0,416.0,110.0,0.6509804,0.63105446,1.0,0.0006291946
proposed_v2_j,2,r336_c480_z120,active,480.0,336.0,120.0,0.6509804,0.6267017,1.0,0.0006291946
proposed_v2_j,2,r176_c48_z130,active,48.0,176.0,130.0,0.64705884,0.62949705,0.96,0.0006291946
proposed_v2_j,2,r400_c320_z120,active,320.0,400.0,120.0,0.6509804,0.63269365,1.0,0.0006291946
proposed_v2_j,2,r304_c480_z120,active,480.0,304.0,120.0,0.64705884,0.6281606,1.0,0.0006291946
proposed_v2_j,2,r304_c480_z110,active,480.0,304.0,110.0,0.64705884,0.62991035,1.0,0.0006291946
proposed_v2_j,2,r400_c224_z110,active,224.0,400.0,110.0,0.6509804,0.634649,1.0,0.0006291946
proposed_v2_j,2,r400_c160_z100,active,160.0,400.0,100.0,0.65882355,0.63670146,1.0,0.0006291946
proposed_v2_j,2,r400_c160_z110,active,160.0,400.0,110.0,0.654902,0.6362856,1.0,0.0006291946
proposed_v2_j,2,r80_c144_z100,active,144.0,80.0,100.0,0.654902,0.6310782,0.8,0.0006291946
proposed_v2_j,2,r256_c480_z130,active,480.0,256.0,130.0,0.6431373,0.6256142,1.0,0.0006291946
proposed_v2_j,2,r400_c160_z120,active,160.0,400.0,120.0,0.64705884,0.6354411,1.0,0.0006291946
proposed_v2_j,2,r288_c480_z130,active,480.0,288.0,130.0,0.6431373,0.6259894,1.0,0.0006291946
proposed_v2_j,2,r400_c320_z100,active,320.0,400.0,100.0,0.654902,0.63325965,1.0,0.0006291946
proposed_v2_j,2,r288_c480_z100,active,480.0,288.0,100.0,0.64705884,0.632605,1.0,0.0006291946
proposed_v2_j,2,r352_c480_z100,active,480.0,352.0,100.0,0.65882355,0.62801695,1.0,0.0006291946
proposed_v2_j,2,r352_c416_z110,active,416.0,352.0,110.0,0.6509804,0.62647766,1.0,0.0006291946
proposed_v2_j,2,r352_c480_z130,active,480.0,352.0,130.0,0.64705884,0.62414515,1.0,0.0006291946
proposed_v2_j,2,r256_c496_z110,active,496.0,256.0,110.0,0.64705884,0.6269317,0.96,0.0006291946
proposed_v2_j,2,r432_c192_z100,active,192.0,432.0,100.0,0.654902,0.6304498,0.8,0.0006291946
proposed_v2_j,2,r256_c496_z100,active,496.0,256.0,100.0,0.64705884,0.6273089,0.96,0.0006291946
proposed_v2_j,2,r208_c32_z100,active,32.0,208.0,100.0,0.6431373,0.6314117,0.96,0.0006291946
proposed_v2_j,2,r368_c352_z120,active,352.0,368.0,120.0,0.64705884,0.63195616,0.96,0.0006291946
proposed_v2_j,2,r112_c32_z110,active,32.0,112.0,110.0,0.654902,0.6299101,0.8,0.0006291946
proposed_v2_j,2,r208_c32_z130,active,32.0,208.0,130.0,0.6392157,0.6273429,0.96,0.0006291946
proposed_v2_j,2,r256_c496_z120,active,496.0,256.0,120.0,0.6431373,0.6260269,0.96,0.0006291946
proposed_v2_j,2,r432_c192_z120,active,192.0,432.0,120.0,0.64705884,0.6289018,0.8,0.0006291946
proposed_v2_j,2,r240_c112_z110,active,112.0,240.0,110.0,0.6509804,0.63291854,0.92,0.0006291946
proposed_v2_j,2,r192_c112_z130,active,112.0,192.0,130.0,0.6431373,0.6277927,0.96,0.0006291946
proposed_v2_j,2,r192_c112_z100,active,112.0,192.0,100.0,0.6509804,0.63308406,0.96,0.0006291946
proposed_v2_j,2,r352_c352_z110,active,352.0,352.0,110.0,0.6509804,0.6320844,0.96,0.0006291946
proposed_v2_j,2,r352_c352_z130,active,352.0,352.0,130.0,0.6431373,0.6310648,0.96,0.0006291946
proposed_v2_j,2,r368_c352_z100,active,352.0,368.0,100.0,0.6509804,0.6322279,0.96,0.0006291946
proposed_v2_j,2,r432_c192_z130,active,192.0,432.0,130.0,0.64705884,0.62812936,0.8,0.0006291946
proposed_v2_j,2,r336_c16_z130,active,16.0,336.0,130.0,0.64705884,0.6350231,0.96,0.0
proposed_v2_j,2,r32_c96_z110,active,96.0,32.0,110.0,0.6392157,0.62795466,1.0,0.0
proposed_v2_j,2,r128_c304_z100,active,304.0,128.0,100.0,0.654902,0.63403785,1.0,0.0
proposed_v2_j,2,r352_c256_z120,active,256.0,352.0,120.0,0.64705884,0.6371548,0.8,0.0006291946
proposed_v2_j,2,r432_c192_z110,active,192.0,432.0,110.0,0.654902,0.63008434,0.8,0.0006291946
proposed_v2_j,2,r160_c80_z130,active,80.0,160.0,130.0,0.64705884,0.62960106,0.8,0.0006291946
proposed_v2_j,2,r144_c64_z100,active,64.0,144.0,100.0,0.654902,0.63534564,0.8,0.0006291946
proposed_v2_j,2,r384_c384_z130,active,384.0,384.0,130.0,0.64705884,0.62486356,0.8,0.0006291946
proposed_v2_j,2,r352_c256_z100,active,256.0,352.0,100.0,0.65882355,0.6374968,0.8,0.0006291946
proposed_v2_j,2,r352_c256_z130,active,256.0,352.0,130.0,0.64705884,0.6364975,0.8,0.0006291946
proposed_v2_j,2,r208_c112_z110,active,112.0,208.0,110.0,0.64705884,0.6303793,0.44,0.0012583892
proposed_v2_j,2,r192_c96_z120,active,96.0,192.0,120.0,0.64705884,0.6305717,0.92,0.0006291946
proposed_v2_j,2,r192_c96_z110,active,96.0,192.0,110.0,0.6509804,0.6319949,0.92,0.0006291946
proposed_v2_j,2,r480_c256_z110,active,256.0,480.0,110.0,0.64705884,0.6268047,1.0,0.0
proposed_v2_j,2,r432_c16_z130,active,16.0,432.0,130.0,0.64705884,0.626866,1.0,0.0
proposed_v2_j,2,r240_c112_z120,active,112.0,240.0,120.0,0.64705884,0.6326644,0.92,0.0006291946
proposed_v2_j,2,r160_c80_z120,active,80.0,160.0,120.0,0.6509804,0.6320629,0.8,0.0006291946
proposed_v2_j,2,r208_c112_z120,active,112.0,208.0,120.0,0.64705884,0.6289351,0.44,0.0012583892
proposed_v2_j,2,r352_c400_z130,active,400.0,352.0,130.0,0.64705884,0.62600785,0.92,0.0006291946
proposed_v2_j,2,r352_c400_z120,active,400.0,352.0,120.0,0.64705884,0.6272668,0.92,0.0006291946
proposed_v2_j,2,r384_c256_z110,active,256.0,384.0,110.0,0.654902,0.636901,0.88,0.0006291946
proposed_v2_j,2,r384_c384_z110,active,384.0,384.0,110.0,0.6509804,0.62706023,0.8,0.0006291946
proposed_v2_j,2,r48_c256_z100,active,256.0,48.0,100.0,0.65882355,0.6361524,1.0,0.0
proposed_v2_j,2,r80_c160_z110,active,160.0,80.0,110.0,0.654902,0.6292852,0.76,0.0006291946
proposed_v2_j,2,r192_c96_z100,active,96.0,192.0,100.0,0.6509804,0.63253045,0.92,0.0006291946
proposed_v2_j,2,r352_c400_z100,active,400.0,352.0,100.0,0.65882355,0.6293238,0.92,0.0006291946
proposed_v2_j,2,r112_c304_z110,active,304.0,112.0,110.0,0.654902,0.6342955,1.0,0.0
proposed_v2_j,2,r464_c320_z100,active,320.0,464.0,100.0,0.654902,0.6253194,0.72,0.0006291946
proposed_v2_j,2,r448_c96_z100,active,96.0,448.0,100.0,0.65882355,0.63437676,0.76,0.0006291946
proposed_v2_j,2,r32_c480_z120,active,480.0,32.0,120.0,0.63529414,0.62173194,1.0,0.0
proposed_v2_j,2,r144_c48_z130,active,48.0,144.0,130.0,0.6431373,0.6279213,0.76,0.0006291946
proposed_v2_j,2,r144_c48_z120,active,48.0,144.0,120.0,0.6431373,0.6313796,0.76,0.0006291946
proposed_v2_j,2,r144_c48_z110,active,48.0,144.0,110.0,0.6509804,0.63400984,0.76,0.0006291946
proposed_v2_j,2,r64_c48_z100,active,48.0,64.0,100.0,0.654902,0.62753135,1.0,0.0
proposed_v2_j,2,r128_c128_z120,active,128.0,128.0,120.0,0.6509804,0.63022274,0.72,0.0006291946
proposed_v2_j,2,r128_c128_z130,active,128.0,128.0,130.0,0.64705884,0.6273241,0.72,0.0006291946
proposed_v2_j,2,r384_c256_z120,active,256.0,384.0,120.0,0.6509804,0.6361184,0.88,0.0006291946
proposed_v2_j,2,r32_c384_z100,active,384.0,32.0,100.0,0.64705884,0.6260797,1.0,0.0
proposed_v2_j,2,r384_c256_z100,active,256.0,384.0,100.0,0.65882355,0.63713914,0.88,0.0006291946
proposed_v2_j,2,r160_c384_z120,active,384.0,160.0,120.0,0.64705884,0.6331779,0.92,0.0
proposed_v2_j,2,r48_c208_z110,active,208.0,48.0,110.0,0.64705884,0.63261104,0.8,0.0006291946
proposed_v2_j,2,r48_c208_z100,active,208.0,48.0,100.0,0.654902,0.631874,0.8,0.0006291946
proposed_v2_j,2,r160_c80_z100,active,80.0,160.0,100.0,0.65882355,0.63498926,0.8,0.0006291946
proposed_v2_j,2,r416_c160_z100,active,160.0,416.0,100.0,0.65882355,0.63526225,0.36,0.0012583892
proposed_v2_j,2,r416_c160_z120,active,160.0,416.0,120.0,0.6509804,0.63381064,0.36,0.0012583892
proposed_v2_j,2,r320_c432_z100,active,432.0,320.0,100.0,0.65882355,0.6310526,0.68,0.0006291946
proposed_v2_j,3,r48_c208_z130,active,208.0,48.0,130.0,0.6392157,0.6298057,0.8,0.0006291946
proposed_v2_j,3,r64_c48_z120,active,48.0,64.0,120.0,0.64705884,0.6268533,1.0,0.0
proposed_v2_j,3,r416_c160_z110,active,160.0,416.0,110.0,0.654902,0.634815,0.36,0.0012583892
proposed_v2_j,3,r128_c80_z110,active,80.0,128.0,110.0,0.654902,0.6327339,0.72,0.0006291946
proposed_v2_j,3,r80_c144_z120,active,144.0,80.0,120.0,0.64705884,0.62705696,0.8,0.0006291946
proposed_v2_j,3,r320_c432_z130,active,432.0,320.0,130.0,0.64705884,0.62708145,0.68,0.0006291946
proposed_v2_j,3,r144_c64_z110,active,64.0,144.0,110.0,0.6509804,0.63397723,0.8,0.0006291946
proposed_v2_j,3,r144_c64_z120,active,64.0,144.0,120.0,0.64705884,0.6317599,0.8,0.0006291946
proposed_v2_j,3,r256_c128_z130,active,128.0,256.0,130.0,0.64705884,0.63328105,0.88,0.0
proposed_v2_j,3,r144_c64_z130,active,64.0,144.0,130.0,0.64705884,0.6288238,0.8,0.0006291946
proposed_v2_j,3,r80_c144_z110,active,144.0,80.0,110.0,0.6509804,0.6291394,0.8,0.0006291946
proposed_v2_j,3,r112_c32_z120,active,32.0,112.0,120.0,0.64705884,0.6283654,0.8,0.0006291946
proposed_v2_j,3,r256_c80_z110,active,80.0,256.0,110.0,0.654902,0.6347171,0.64,0.0006291946
proposed_v2_j,3,r448_c96_z120,active,96.0,448.0,120.0,0.64705884,0.6322322,0.76,0.0006291946
proposed_v2_j,3,r480_c256_z130,active,256.0,480.0,130.0,0.6431373,0.6244783,1.0,0.0
proposed_v2_j,3,r128_c320_z120,active,320.0,128.0,120.0,0.6509804,0.6334826,1.0,0.0
proposed_v2_j,3,r448_c96_z110,active,96.0,448.0,110.0,0.654902,0.6337731,0.76,0.0006291946
proposed_v2_j,3,r16_c304_z120,active,304.0,16.0,120.0,0.6509804,0.6254259,0.88,0.0
proposed_v2_j,3,r256_c80_z120,active,80.0,256.0,120.0,0.64705884,0.63438594,0.64,0.0006291946
proposed_v2_j,3,r448_c144_z110,active,144.0,448.0,110.0,0.6509804,0.6310502,0.8,0.0006291946
proposed_v2_j,3,r448_c144_z120,active,144.0,448.0,120.0,0.64705884,0.630297,0.8,0.0006291946
proposed_v2_j,3,r256_c80_z100,active,80.0,256.0,100.0,0.65882355,0.63453984,0.64,0.0006291946
proposed_v2_j,3,r224_c176_z130,active,176.0,224.0,130.0,0.6431373,0.630103,1.0,0.0
proposed_v2_j,3,r384_c384_z120,active,384.0,384.0,120.0,0.6509804,0.62580866,0.8,0.0006291946
proposed_v2_j,3,r448_c448_z110,active,448.0,448.0,110.0,0.654902,0.6222347,1.0,0.0
proposed_v2_j,3,r272_c336_z110,active,336.0,272.0,110.0,0.64705884,0.63393193,1.0,0.0
proposed_v2_j,3,r144_c480_z120,active,480.0,144.0,120.0,0.6509804,0.6223382,1.0,0.0
proposed_v2_j,3,r448_c144_z130,active,144.0,448.0,130.0,0.6431373,0.6290915,0.8,0.0006291946
proposed_v2_j,3,r176_c496_z110,active,496.0,176.0,110.0,0.654902,0.626052,0.96,0.0
proposed_v2_j,3,r272_c336_z130,active,336.0,272.0,130.0,0.6431373,0.6315905,1.0,0.0
proposed_v2_j,3,r448_c144_z100,active,144.0,448.0,100.0,0.65882355,0.6315493,0.8,0.0006291946
proposed_v2_j,3,r496_c320_z130,active,320.0,496.0,130.0,0.63529414,0.6204607,1.0,0.0
proposed_v2_j,3,r80_c160_z120,active,160.0,80.0,120.0,0.64705884,0.62701106,0.76,0.0006291946
proposed_v2_j,3,r144_c48_z100,active,48.0,144.0,100.0,0.6509804,0.6355455,0.76,0.0006291946
proposed_v2_j,3,r144_c480_z130,active,480.0,144.0,130.0,0.64705884,0.62198544,1.0,0.0
proposed_v2_j,3,r32_c384_z110,active,384.0,32.0,110.0,0.6431373,0.62561786,1.0,0.0
proposed_v2_j,3,r464_c320_z110,active,320.0,464.0,110.0,0.64705884,0.6248471,0.72,0.0006291946
proposed_v2_j,3,r80_c160_z100,active,160.0,80.0,100.0,0.65882355,0.6312814,0.76,0.0006291946
proposed_v2_j,3,r48_c112_z120,active,112.0,48.0,120.0,0.6509804,0.628087,0.96,0.0
proposed_v2_j,3,r448_c464_z130,active,464.0,448.0,130.0,0.64705884,0.6205,1.0,0.0
proposed_v2_j,3,r32_c304_z100,active,304.0,32.0,100.0,0.65882355,0.631783,1.0,0.0
proposed_v2_j,3,r80_c160_z130,active,160.0,80.0,130.0,0.64705884,0.62458885,0.76,0.0006291946
proposed_v2_j,3,r112_c112_z110,active,112.0,112.0,110.0,0.6509804,0.63224894,0.72,0.0006291946
proposed_v2_j,3,r352_c368_z120,active,368.0,352.0,120.0,0.6509804,0.62972033,0.76,0.0006291946
proposed_v2_j,3,r352_c368_z110,active,368.0,352.0,110.0,0.654902,0.62995946,0.76,0.0006291946
proposed_v2_j,3,r128_c80_z130,active,80.0,128.0,130.0,0.64705884,0.62811786,0.72,0.0006291946
proposed_v2_j,3,r128_c80_z100,active,80.0,128.0,100.0,0.65882355,0.63458973,0.72,0.0006291946
proposed_v2_j,3,r128_c128_z100,active,128.0,128.0,100.0,0.65882355,0.63406515,0.72,0.0006291946
proposed_v2_j,3,r352_c368_z130,active,368.0,352.0,130.0,0.64705884,0.6288758,0.76,0.0006291946
proposed_v2_j,3,r176_c176_z120,active,176.0,176.0,120.0,0.64705884,0.62903583,0.8,0.0
proposed_v2_j,3,r352_c368_z100,active,368.0,352.0,100.0,0.654902,0.6299194,0.76,0.0006291946
proposed_v2_j,3,r304_c96_z110,active,96.0,304.0,110.0,0.6509804,0.6385228,1.0,0.0
proposed_v2_j,3,r128_c256_z110,active,256.0,128.0,110.0,0.6509804,0.6290263,1.0,0.0
proposed_v2_j,3,r304_c224_z130,active,224.0,304.0,130.0,0.64705884,0.6362578,1.0,0.0
proposed_v2_j,3,r384_c224_z100,active,224.0,384.0,100.0,0.6509804,0.63662565,0.76,0.0006291946
proposed_v2_j,3,r384_c224_z110,active,224.0,384.0,110.0,0.6509804,0.6363025,0.76,0.0006291946
proposed_v2_j,3,r384_c224_z120,active,224.0,384.0,120.0,0.6509804,0.6355419,0.76,0.0006291946
proposed_v2_j,3,r112_c256_z100,active,256.0,112.0,100.0,0.654902,0.6323168,1.0,0.0
proposed_v2_j,3,r384_c224_z130,active,224.0,384.0,130.0,0.64705884,0.6343181,0.76,0.0006291946
proposed_v2_j,3,r384_c368_z130,active,368.0,384.0,130.0,0.6431373,0.6273923,0.72,0.0006291946
proposed_v2_j,3,r128_c128_z110,active,128.0,128.0,110.0,0.6509804,0.6321417,0.72,0.0006291946
proposed_v2_j,3,r112_c112_z120,active,112.0,112.0,120.0,0.64705884,0.63002276,0.72,0.0006291946
proposed_v2_j,3,r320_c432_z110,active,432.0,320.0,110.0,0.654902,0.63069177,0.68,0.0006291946
proposed_v2_j,3,r48_c128_z100,active,128.0,48.0,100.0,0.654902,0.6305845,1.0,0.0
proposed_v2_j,3,r384_c368_z120,active,368.0,384.0,120.0,0.6509804,0.62821114,0.72,0.0006291946
proposed_v2_j,3,r320_c432_z120,active,432.0,320.0,120.0,0.6509804,0.62928975,0.68,0.0006291946
proposed_v2_j,3,r112_c112_z130,active,112.0,112.0,130.0,0.64705884,0.62715477,0.72,0.0006291946
proposed_v2_j,3,r304_c384_z100,active,384.0,304.0,100.0,0.654902,0.6349582,0.92,0.0
proposed_v2_j,3,r48_c128_z110,active,128.0,48.0,110.0,0.6509804,0.62826693,1.0,0.0
proposed_v2_j,3,r448_c464_z100,active,464.0,448.0,100.0,0.654902,0.620281,1.0,0.0
proposed_v2_j,3,r336_c464_z130,active,464.0,336.0,130.0,0.64705884,0.6263001,0.72,0.0006291946
proposed_v2_j,3,r384_c368_z110,active,368.0,384.0,110.0,0.6509804,0.628629,0.72,0.0006291946
proposed_v2_j,3,r480_c32_z100,active,32.0,480.0,100.0,0.6509804,0.62426007,0.96,0.0
proposed_v2_j,3,r336_c464_z120,active,464.0,336.0,120.0,0.64705884,0.6281651,0.72,0.0006291946
proposed_v2_j,3,r192_c368_z100,active,368.0,192.0,100.0,0.65882355,0.6345734,0.76,0.0
proposed_v2_j,3,r480_c32_z120,active,32.0,480.0,120.0,0.63529414,0.6227963,0.96,0.0
proposed_v2_j,3,r336_c464_z110,active,464.0,336.0,110.0,0.6509804,0.6293399,0.72,0.0006291946
proposed_v2_j,3,r320_c480_z130,active,480.0,320.0,130.0,0.64705884,0.62495047,0.72,0.0006291946
proposed_v2_j,3,r384_c368_z100,active,368.0,384.0,100.0,0.654902,0.6287096,0.72,0.0006291946
proposed_v2_j,3,r464_c320_z120,active,320.0,464.0,120.0,0.64705884,0.6239751,0.72,0.0006291946
proposed_v2_j,3,r320_c480_z120,active,480.0,320.0,120.0,0.6509804,0.6273947,0.72,0.0006291946
proposed_v2_j,3,r320_c480_z110,active,480.0,320.0,110.0,0.6509804,0.62876236,0.72,0.0006291946
proposed_v2_j,4,r64_c48_z130,active,48.0,64.0,130.0,0.64705884,0.62609535,1.0,0.0
proposed_v2_j,4,r496_c448_z100,active,448.0,496.0,100.0,0.64705884,0.61632705,1.0,0.0
proposed_v2_j,4,r192_c400_z130,active,400.0,192.0,130.0,0.64705884,0.629548,0.84,0.0
proposed_v2_j,4,r224_c128_z110,active,128.0,224.0,110.0,0.6509804,0.6305808,0.64,0.0006291946
proposed_v2_j,4,r320_c480_z100,active,480.0,320.0,100.0,0.6509804,0.6305693,0.72,0.0006291946
proposed_v2_j,4,r464_c320_z130,active,320.0,464.0,130.0,0.64705884,0.6229352,0.72,0.0006291946
proposed_v2_j,4,r336_c464_z100,active,464.0,336.0,100.0,0.654902,0.6304523,0.72,0.0006291946
proposed_v2_j,4,r224_c128_z100,active,128.0,224.0,100.0,0.6509804,0.63053656,0.64,0.0006291946
proposed_v2_j,4,r432_c256_z120,active,256.0,432.0,120.0,0.6509804,0.63022375,1.0,0.0
proposed_v2_j,4,r480_c192_z120,active,192.0,480.0,120.0,0.6509804,0.6253578,0.92,0.0
proposed_v2_j,4,r400_c176_z130,active,176.0,400.0,130.0,0.64705884,0.63395363,0.56,0.0006291946
proposed_v2_j,4,r496_c352_z100,active,352.0,496.0,100.0,0.64705884,0.62057185,1.0,0.0
proposed_v2_j,4,r432_c16_z110,active,16.0,432.0,110.0,0.6509804,0.63126737,1.0,0.0
proposed_v2_j,4,r128_c320_z130,active,320.0,128.0,130.0,0.64705884,0.6312098,1.0,0.0
proposed_v2_j,4,r48_c272_z120,active,272.0,48.0,120.0,0.64705884,0.63063586,1.0,0.0
proposed_v2_j,4,r384_c432_z120,active,432.0,384.0,120.0,0.64705884,0.6252566,1.0,0.0
proposed_v2_j,4,r384_c432_z130,active,432.0,384.0,130.0,0.6431373,0.62239635,1.0,0.0
proposed_v2_j,4,r400_c368_z120,active,368.0,400.0,120.0,0.64705884,0.6267528,0.64,0.0006291946
proposed_v2_j,4,r304_c96_z120,active,96.0,304.0,120.0,0.64705884,0.6376813,1.0,0.0
proposed_v2_j,4,r384_c432_z100,active,432.0,384.0,100.0,0.654902,0.6259645,1.0,0.0
proposed_v2_j,4,r256_c64_z130,active,64.0,256.0,130.0,0.6431373,0.6328564,1.0,0.0
proposed_v2_j,4,r272_c336_z100,active,336.0,272.0,100.0,0.6509804,0.6341857,1.0,0.0
proposed_v2_j,4,r176_c496_z120,active,496.0,176.0,120.0,0.6509804,0.6247633,0.96,0.0
proposed_v2_j,4,r304_c96_z100,active,96.0,304.0,100.0,0.654902,0.63862264,1.0,0.0
proposed_v2_j,4,r448_c64_z130,active,64.0,448.0,130.0,0.64705884,0.6290637,1.0,0.0
proposed_v2_j,4,r272_c336_z120,active,336.0,272.0,120.0,0.64705884,0.6330528,1.0,0.0
proposed_v2_j,4,r176_c496_z130,active,496.0,176.0,130.0,0.64705884,0.6241112,0.96,0.0
proposed_v2_j,4,r128_c256_z120,active,256.0,128.0,120.0,0.6509804,0.62641275,1.0,0.0
proposed_v2_j,4,r32_c304_z130,active,304.0,32.0,130.0,0.64705884,0.62399065,1.0,0.0
proposed_v2_j,4,r496_c320_z100,active,320.0,496.0,100.0,0.64705884,0.6231064,1.0,0.0
proposed_v2_j,4,r128_c112_z100,active,112.0,128.0,100.0,0.6509804,0.63558316,0.6,0.0006291946
proposed_v2_j,4,r128_c112_z110,active,112.0,128.0,110.0,0.6509804,0.63379526,0.6,0.0006291946
proposed_v2_j,4,r400_c368_z130,active,368.0,400.0,130.0,0.6431373,0.62608683,0.64,0.0006291946
proposed_v2_j,4,r400_c368_z110,active,368.0,400.0,110.0,0.6509804,0.62736297,0.64,0.0006291946
proposed_v2_j,4,r224_c128_z120,active,128.0,224.0,120.0,0.64705884,0.6304235,0.64,0.0006291946
proposed_v2_j,4,r432_c256_z100,active,256.0,432.0,100.0,0.654902,0.63251495,1.0,0.0
proposed_v2_j,4,r128_c112_z120,active,112.0,128.0,120.0,0.6509804,0.6310825,0.6,0.0006291946
proposed_v2_j,4,r304_c448_z100,active,448.0,304.0,100.0,0.654902,0.63317174,0.6,0.0006291946
proposed_v2_j,4,r304_c448_z110,active,448.0,304.0,110.0,0.6509804,0.6320558,0.6,0.0006291946
proposed_v2_j,4,r400_c368_z100,active,368.0,400.0,100.0,0.654902,0.6275254,0.64,0.0006291946
proposed_v2_j,4,r432_c96_z100,active,96.0,432.0,100.0,0.65882355,0.6366615,0.64,0.0006291946
proposed_v2_j,4,r304_c448_z130,active,448.0,304.0,130.0,0.6431373,0.627829,0.6,0.0006291946
proposed_v2_j,4,r160_c128_z110,active,128.0,160.0,110.0,0.654902,0.63388854,1.0,0.0
proposed_v2_j,4,r432_c96_z120,active,96.0,432.0,120.0,0.6509804,0.635281,0.64,0.0006291946
proposed_v2_j,4,r176_c496_z100,active,496.0,176.0,100.0,0.654902,0.629028,0.96,0.0
proposed_v2_j,4,r304_c448_z120,active,448.0,304.0,120.0,0.64705884,0.63083476,0.6,0.0006291946
proposed_v2_j,4,r128_c112_z130,active,112.0,128.0,130.0,0.64705884,0.6283647,0.6,0.0006291946
proposed_v2_j,4,r336_c448_z120,active,448.0,336.0,120.0,0.6509804,0.62810576,0.64,0.0006291946
proposed_v2_j,4,r32_c304_z110,active,304.0,32.0,110.0,0.6509804,0.6288668,1.0,0.0
proposed_v2_j,4,r32_c480_z100,active,480.0,32.0,100.0,0.63529414,0.6220906,1.0,0.0
proposed_v2_j,4,r160_c128_z120,active,128.0,160.0,120.0,0.6509804,0.63177365,1.0,0.0
proposed_v2_j,4,r480_c32_z110,active,32.0,480.0,110.0,0.63529414,0.6237168,0.96,0.0
proposed_v2_j,4,r416_c144_z120,active,144.0,416.0,120.0,0.6509804,0.6346345,0.64,0.0006291946
proposed_v2_j,4,r432_c96_z110,active,96.0,432.0,110.0,0.6509804,0.63617164,0.64,0.0006291946
proposed_v2_j,4,r160_c128_z130,active,128.0,160.0,130.0,0.64705884,0.6292837,1.0,0.0
proposed_v2_j,4,r336_c32_z110,active,32.0,336.0,110.0,0.64705884,0.637261,0.96,0.0
proposed_v2_j,4,r336_c32_z100,active,32.0,336.0,100.0,0.6509804,0.6376641,0.96,0.0
proposed_v2_j,4,r336_c448_z110,active,448.0,336.0,110.0,0.6509804,0.6292027,0.64,0.0006291946
proposed_v2_j,4,r416_c144_z110,active,144.0,416.0,110.0,0.654902,0.6353151,0.64,0.0006291946
proposed_v2_j,4,r352_c96_z130,active,96.0,352.0,130.0,0.6431373,0.63827175,1.0,0.0
proposed_v2_j,4,r496_c352_z120,active,352.0,496.0,120.0,0.6431373,0.6196763,1.0,0.0
proposed_v2_j,4,r336_c448_z130,active,448.0,336.0,130.0,0.64705884,0.62618434,0.64,0.0006291946
proposed_v2_j,4,r416_c144_z100,active,144.0,416.0,100.0,0.654902,0.6358732,0.64,0.0006291946
proposed_v2_j,4,r32_c384_z120,active,384.0,32.0,120.0,0.6392157,0.6247153,1.0,0.0
proposed_v2_j,4,r320_c256_z130,active,256.0,320.0,130.0,0.64705884,0.63713396,1.0,0.0
proposed_v2_j,4,r336_c416_z120,active,416.0,336.0,120.0,0.6509804,0.62749445,0.64,0.0006291946
proposed_v2_j,4,r32_c384_z130,active,384.0,32.0,130.0,0.6392157,0.6240892,1.0,0.0
proposed_v2_j,4,r336_c448_z100,active,448.0,336.0,100.0,0.65882355,0.6302489,0.64,0.0006291946
proposed_v2_j,4,r416_c304_z120,active,304.0,416.0,120.0,0.6509804,0.6325916,0.64,0.0006291946
proposed_v2_j,4,r416_c304_z130,active,304.0,416.0,130.0,0.64705884,0.631661,0.64,0.0006291946
proposed_v2_j,4,r336_c176_z130,active,176.0,336.0,130.0,0.6431373,0.63745314,1.0,0.0
proposed_v2_j,4,r416_c304_z110,active,304.0,416.0,110.0,0.654902,0.6333311,0.64,0.0006291946
proposed_v2_j,4,r336_c416_z130,active,416.0,336.0,130.0,0.64705884,0.6259746,0.64,0.0006291946
proposed_v2_j,4,r416_c304_z100,active,304.0,416.0,100.0,0.65882355,0.63345605,0.64,0.0006291946
proposed_v2_j,4,r336_c416_z110,active,416.0,336.0,110.0,0.654902,0.6287594,0.64,0.0006291946
proposed_v2_j,4,r304_c224_z100,active,224.0,304.0,100.0,0.65882355,0.6371294,1.0,0.0
proposed_v2_j,4,r336_c416_z100,active,416.0,336.0,100.0,0.65882355,0.6290542,0.64,0.0006291946
proposed_v2_j,4,r112_c96_z100,active,96.0,112.0,100.0,0.654902,0.6344107,0.56,0.0006291946
proposed_v2_j,4,r288_c496_z100,active,496.0,288.0,100.0,0.64705884,0.6290829,0.6,0.0006291946
proposed_v2_j,4,r368_c432_z110,active,432.0,368.0,110.0,0.6509804,0.62759113,0.6,0.0006291946
proposed_v2_j,4,r112_c96_z110,active,96.0,112.0,110.0,0.64705884,0.6325141,0.56,0.0006291946
proposed_v2_j,4,r432_c144_z130,active,144.0,432.0,130.0,0.64705884,0.63207704,0.6,0.0006291946
proposed_v2_j,5,r368_c384_z120,active,384.0,368.0,120.0,0.6509804,0.627173,0.6,0.0006291946
proposed_v2_j,5,r368_c384_z130,active,384.0,368.0,130.0,0.64705884,0.6259175,0.6,0.0006291946
proposed_v2_j,5,r368_c384_z110,active,384.0,368.0,110.0,0.654902,0.6287317,0.6,0.0006291946
proposed_v2_j,5,r368_c432_z130,active,432.0,368.0,130.0,0.6431373,0.62369573,0.6,0.0006291946
proposed_v2_j,5,r480_c32_z130,active,32.0,480.0,130.0,0.63529414,0.6218756,0.96,0.0
proposed_v2_j,5,r368_c432_z120,active,432.0,368.0,120.0,0.64705884,0.6262369,0.6,0.0006291946
proposed_v2_j,5,r336_c48_z130,active,48.0,336.0,130.0,0.6431373,0.6361131,0.96,0.0
proposed_v2_j,5,r400_c304_z130,active,304.0,400.0,130.0,0.64705884,0.63371134,0.6,0.0006291946
proposed_v2_j,5,r400_c304_z120,active,304.0,400.0,120.0,0.6509804,0.6346089,0.6,0.0006291946
proposed_v2_j,5,r368_c384_z100,active,384.0,368.0,100.0,0.65882355,0.6302654,0.6,0.0006291946
proposed_v2_j,5,r304_c400_z130,active,400.0,304.0,130.0,0.64705884,0.6290204,0.92,0.0
proposed_v2_j,5,r400_c304_z110,active,304.0,400.0,110.0,0.654902,0.63520324,0.6,0.0006291946
proposed_v2_j,5,r368_c432_z100,active,432.0,368.0,100.0,0.6509804,0.62701,0.6,0.0006291946
proposed_v2_j,5,r144_c176_z110,active,176.0,144.0,110.0,0.6509804,0.63230354,0.92,0.0
proposed_v2_j,5,r400_c304_z100,active,304.0,400.0,100.0,0.65882355,0.6355362,0.6,0.0006291946
proposed_v2_j,5,r224_c336_z110,active,336.0,224.0,110.0,0.64705884,0.6325227,0.8,0.0
proposed_v2_j,5,r224_c336_z130,active,336.0,224.0,130.0,0.64705884,0.629888,0.8,0.0
proposed_v2_j,5,r432_c464_z120,active,464.0,432.0,120.0,0.64705884,0.62293017,1.0,0.0
proposed_v2_j,5,r288_c496_z130,active,496.0,288.0,130.0,0.6431373,0.6242156,0.6,0.0006291946
proposed_v2_j,5,r432_c16_z120,active,16.0,432.0,120.0,0.6509804,0.62914956,1.0,0.0
proposed_v2_j,5,r32_c96_z120,active,96.0,32.0,120.0,0.63529414,0.62780684,1.0,0.0
proposed_v2_j,5,r160_c384_z130,active,384.0,160.0,130.0,0.64705884,0.6312389,0.92,0.0
proposed_v2_j,5,r288_c496_z110,active,496.0,288.0,110.0,0.64705884,0.628425,0.6,0.0006291946
proposed_v2_j,5,r448_c64_z110,active,64.0,448.0,110.0,0.654902,0.633065,1.0,0.0
proposed_v2_j,5,r288_c496_z120,active,496.0,288.0,120.0,0.64705884,0.62665707,0.6,0.0006291946
proposed_v2_j,5,r432_c448_z130,active,448.0,432.0,130.0,0.64705884,0.62112844,1.0,0.0
proposed_v2_j,5,r160_c384_z100,active,384.0,160.0,100.0,0.654902,0.6360025,0.92,0.0
proposed_v2_j,5,r96_c272_z110,active,272.0,96.0,110.0,0.654902,0.6300174,0.92,0.0
proposed_v2_j,5,r176_c96_z110,active,96.0,176.0,110.0,0.6509804,0.63293546,0.56,0.0006291946
proposed_v2_j,5,r176_c96_z120,active,96.0,176.0,120.0,0.64705884,0.6309956,0.56,0.0006291946
proposed_v2_j,5,r176_c96_z130,active,96.0,176.0,130.0,0.64705884,0.62873495,0.56,0.0006291946
proposed_v2_j,5,r432_c256_z110,active,256.0,432.0,110.0,0.6509804,0.6316795,1.0,0.0
proposed_v2_j,5,r464_c416_z120,active,416.0,464.0,120.0,0.6509804,0.62023926,0.88,0.0
proposed_v2_j,5,r432_c464_z110,active,464.0,432.0,110.0,0.6509804,0.62312835,1.0,0.0
proposed_v2_j,5,r128_c432_z120,active,432.0,128.0,120.0,0.64705884,0.6290206,0.76,0.0
proposed_v2_j,5,r112_c128_z100,active,128.0,112.0,100.0,0.654902,0.63270056,0.52,0.0006291946
proposed_v2_j,5,r32_c96_z130,active,96.0,32.0,130.0,0.63529414,0.6271544,1.0,0.0
proposed_v2_j,5,r112_c80_z100,active,80.0,112.0,100.0,0.654902,0.6340188,1.0,0.0
proposed_v2_j,5,r480_c192_z100,active,192.0,480.0,100.0,0.65882355,0.6279269,0.92,0.0
proposed_v2_j,5,r496_c320_z110,active,320.0,496.0,110.0,0.6431373,0.62251395,1.0,0.0
proposed_v2_j,5,r224_c208_z110,active,208.0,224.0,110.0,0.654902,0.63007665,0.76,0.0
proposed_v2_j,5,r464_c416_z110,active,416.0,464.0,110.0,0.654902,0.62041926,0.88,0.0
proposed_v2_j,5,r432_c256_z130,active,256.0,432.0,130.0,0.64705884,0.62834287,1.0,0.0
proposed_v2_j,5,r64_c256_z110,active,256.0,64.0,110.0,0.654902,0.63497555,1.0,0.0
proposed_v2_j,5,r448_c384_z130,active,384.0,448.0,130.0,0.64705884,0.62037104,0.92,0.0
proposed_v2_j,5,r160_c128_z100,active,128.0,160.0,100.0,0.654902,0.63582355,1.0,0.0
proposed_v2_j,5,r448_c384_z110,active,384.0,448.0,110.0,0.6509804,0.621379,0.92,0.0
proposed_v2_j,5,r448_c384_z100,active,384.0,448.0,100.0,0.654902,0.6213848,0.92,0.0
proposed_v2_j,5,r112_c304_z120,active,304.0,112.0,120.0,0.64705884,0.63251543,1.0,0.0
proposed_v2_j,5,r32_c336_z120,active,336.0,32.0,120.0,0.6509804,0.62499934,0.88,0.0
proposed_v2_j,5,r144_c176_z120,active,176.0,144.0,120.0,0.64705884,0.63029367,0.92,0.0
proposed_v2_j,5,r288_c240_z130,active,240.0,288.0,130.0,0.64705884,0.6359537,1.0,0.0
proposed_v2_j,5,r112_c80_z110,active,80.0,112.0,110.0,0.654902,0.63153917,1.0,0.0
proposed_v2_j,5,r112_c128_z120,active,128.0,112.0,120.0,0.6509804,0.6293497,0.52,0.0006291946
proposed_v2_j,5,r320_c80_z110,active,80.0,320.0,110.0,0.654902,0.6391821,1.0,0.0
proposed_v2_j,5,r336_c208_z120,active,208.0,336.0,120.0,0.64705884,0.63740337,0.8,0.0
proposed_v2_j,5,r352_c96_z100,active,96.0,352.0,100.0,0.65882355,0.6408331,1.0,0.0
proposed_v2_j,5,r32_c480_z110,active,480.0,32.0,110.0,0.63529414,0.6218899,1.0,0.0
proposed_v2_j,5,r288_c240_z100,active,240.0,288.0,100.0,0.654902,0.6363079,1.0,0.0
proposed_v2_j,5,r32_c480_z130,active,480.0,32.0,130.0,0.6313726,0.6214386,1.0,0.0
proposed_v2_j,5,r304_c384_z120,active,384.0,304.0,120.0,0.6509804,0.6324008,0.92,0.0
proposed_v2_j,5,r128_c320_z110,active,320.0,128.0,110.0,0.654902,0.63468695,1.0,0.0
proposed_v2_j,5,r112_c128_z110,active,128.0,112.0,110.0,0.654902,0.63108003,0.52,0.0006291946
proposed_v2_j,5,r464_c416_z130,active,416.0,464.0,130.0,0.64705884,0.61778873,0.88,0.0
proposed_v2_j,5,r112_c128_z130,active,128.0,112.0,130.0,0.64705884,0.6267942,0.52,0.0006291946
proposed_v2_j,5,r320_c256_z120,active,256.0,320.0,120.0,0.64705884,0.63792783,1.0,0.0
proposed_v2_j,5,r336_c176_z100,active,176.0,336.0,100.0,0.654902,0.63909584,1.0,0.0
proposed_v2_j,5,r224_c176_z120,active,176.0,224.0,120.0,0.64705884,0.63088644,1.0,0.0
proposed_v2_j,5,r224_c176_z110,active,176.0,224.0,110.0,0.64705884,0.6311748,1.0,0.0
proposed_v2_j,5,r256_c464_z110,active,464.0,256.0,110.0,0.6509804,0.6303069,0.56,0.0006291946
proposed_v2_j,5,r336_c176_z120,active,176.0,336.0,120.0,0.64705884,0.6385248,1.0,0.0
proposed_v2_j,5,r256_c464_z120,active,464.0,256.0,120.0,0.6509804,0.62734663,0.56,0.0006291946
proposed_v2_j,5,r112_c80_z120,active,80.0,112.0,120.0,0.6509804,0.6299511,1.0,0.0
proposed_v2_j,5,r336_c176_z110,active,176.0,336.0,110.0,0.64705884,0.6392382,1.0,0.0
proposed_v2_j,5,r256_c464_z100,active,464.0,256.0,100.0,0.654902,0.63354945,0.56,0.0006291946
proposed_v2_j,5,r256_c464_z130,active,464.0,256.0,130.0,0.64705884,0.6261296,0.56,0.0006291946
proposed_v2_j,5,r48_c128_z120,active,128.0,48.0,120.0,0.64705884,0.6271014,1.0,0.0
proposed_v2_j,5,r448_c304_z110,active,304.0,448.0,110.0,0.6509804,0.6267473,0.48,0.0006291946
proposed_v2_j,5,r448_c304_z100,active,304.0,448.0,100.0,0.654902,0.6272916,0.48,0.0006291946
proposed_v2_j,5,r112_c80_z130,active,80.0,112.0,130.0,0.64705884,0.62774813,1.0,0.0
proposed_v2_j,5,r64_c48_z110,active,48.0,64.0,110.0,0.654902,0.62729,1.0,0.0
proposed_v2_j,5,r304_c144_z130,active,144.0,304.0,130.0,0.64705884,0.63633597,0.76,0.0
